date,stage_avg,stage_min,stage_max,temp,water_code,station_id
1984-01-01,215.0,215.0,215.0,,16.0,6453
1984-01-02,215.0,215.0,215.0,,16.0,6453
1984-01-03,216.0,216.0,216.0,,16.0,6453
1984-01-04,216.0,216.0,216.0,,16.0,6453
1984-01-05,215.0,215.0,215.0,,16.0,6453
1984-01-06,214.0,214.0,214.0,,16.0,6453
1984-01-07,213.0,213.0,213.0,,16.0,6453
1984-01-08,213.0,213.0,213.0,,16.0,6453
1984-01-09,212.0,212.0,212.0,,16.0,6453
1984-01-10,212.0,212.0,212.0,,16.0,6453
1984-01-11,212.0,212.0,212.0,,16.0,6453
1984-01-12,212.0,212.0,212.0,,16.0,6453
1984-01-13,212.0,212.0,212.0,,16.0,6453
1984-01-14,212.0,212.0,212.0,,16.0,6453
1984-01-15,212.0,212.0,212.0,,16.0,6453
1984-01-16,212.0,212.0,212.0,,16.0,6453
1984-01-17,213.0,213.0,213.0,,16.0,6453
1984-01-18,213.0,213.0,213.0,,16.0,6453
1984-01-19,214.0,214.0,214.0,,16.0,6453
1984-01-20,214.0,214.0,214.0,,16.0,6453
1984-01-21,214.0,214.0,214.0,,16.0,6453
1984-01-22,215.0,215.0,215.0,,16.0,6453
1984-01-23,215.0,215.0,215.0,,16.0,6453
1984-01-24,215.0,215.0,215.0,,16.0,6453
1984-01-25,214.0,214.0,214.0,,16.0,6453
1984-01-26,213.0,213.0,213.0,,16.0,6453
1984-01-27,213.0,213.0,213.0,,16.0,6453
1984-01-28,211.0,211.0,211.0,,16.0,6453
1984-01-29,211.0,211.0,211.0,,16.0,6453
1984-01-30,211.0,211.0,211.0,,16.0,6453
1984-01-31,211.0,211.0,211.0,,16.0,6453
1984-02-01,213.0,213.0,213.0,,16.0,6453
1984-02-02,216.0,216.0,216.0,,16.0,6453
1984-02-03,216.0,216.0,216.0,,16.0,6453
1984-02-04,217.0,217.0,217.0,,16.0,6453
1984-02-05,215.0,215.0,215.0,,16.0,6453
1984-02-06,219.0,219.0,219.0,,16.0,6453
1984-02-07,200.0,200.0,200.0,,16.0,6453
1984-02-08,190.0,190.0,190.0,,16.0,6453
1984-02-09,186.0,186.0,186.0,,16.0,6453
1984-02-10,182.0,182.0,182.0,,16.0,6453
1984-02-11,176.0,176.0,176.0,,16.0,6453
1984-02-12,176.0,176.0,176.0,,16.0,6453
1984-02-13,176.0,176.0,176.0,,16.0,6453
1984-02-14,176.0,176.0,176.0,,16.0,6453
1984-02-15,178.0,178.0,178.0,,16.0,6453
1984-02-16,180.0,180.0,180.0,,16.0,6453
1984-02-17,184.0,184.0,184.0,,16.0,6453
1984-02-18,190.0,190.0,190.0,,16.0,6453
1984-02-19,196.0,196.0,196.0,,16.0,6453
1984-02-20,198.0,198.0,198.0,,16.0,6453
1984-02-21,202.0,202.0,202.0,,16.0,6453
1984-02-22,206.0,206.0,206.0,,16.0,6453
1984-02-23,208.0,208.0,208.0,,16.0,6453
1984-02-24,210.0,210.0,210.0,,16.0,6453
1984-02-25,213.0,213.0,213.0,,16.0,6453
1984-02-26,216.0,216.0,216.0,,16.0,6453
1984-02-27,216.0,216.0,216.0,,16.0,6453
1984-02-28,218.0,218.0,218.0,,16.0,6453
1984-02-29,219.0,219.0,219.0,,16.0,6453
1984-03-01,216.0,216.0,216.0,,16.0,6453
1984-03-02,212.0,212.0,212.0,,16.0,6453
1984-03-03,208.0,208.0,208.0,,16.0,6453
1984-03-04,202.0,202.0,202.0,,16.0,6453
1984-03-05,196.0,196.0,196.0,,16.0,6453
1984-03-06,194.0,194.0,194.0,,16.0,6453
1984-03-07,193.0,193.0,193.0,,16.0,6453
1984-03-08,192.0,192.0,192.0,,16.0,6453
1984-03-09,191.0,191.0,191.0,,16.0,6453
1984-03-10,190.0,190.0,190.0,,16.0,6453
1984-03-11,191.0,191.0,191.0,,16.0,6453
1984-03-12,190.0,190.0,190.0,,16.0,6453
1984-03-13,190.0,190.0,190.0,,16.0,6453
1984-03-14,189.0,189.0,189.0,,16.0,6453
1984-03-15,188.0,188.0,188.0,,16.0,6453
1984-03-16,188.0,188.0,188.0,,16.0,6453
1984-03-17,188.0,188.0,188.0,,16.0,6453
1984-03-18,188.0,188.0,188.0,,16.0,6453
1984-03-19,189.0,189.0,189.0,,16.0,6453
1984-03-20,189.0,189.0,189.0,,16.0,6453
1984-03-21,189.0,189.0,189.0,,16.0,6453
1984-03-22,189.0,189.0,189.0,,16.0,6453
1984-03-23,189.0,189.0,189.0,,16.0,6453
1984-03-24,189.0,189.0,189.0,,16.0,6453
1984-03-25,189.0,189.0,189.0,,16.0,6453
1984-03-26,189.0,189.0,189.0,,16.0,6453
1984-03-27,189.0,189.0,189.0,,16.0,6453
1984-03-28,190.0,190.0,190.0,,16.0,6453
1984-03-29,190.0,190.0,190.0,,16.0,6453
1984-03-30,190.0,190.0,190.0,,16.0,6453
1984-03-31,190.0,190.0,190.0,,16.0,6453
1984-04-01,189.0,189.0,189.0,,16.0,6453
1984-04-02,189.0,189.0,189.0,,16.0,6453
1984-04-03,190.0,190.0,190.0,,16.0,6453
1984-04-04,190.0,190.0,190.0,,16.0,6453
1984-04-05,190.0,190.0,190.0,,16.0,6453
1984-04-06,190.0,190.0,190.0,,16.0,6453
1984-04-07,191.0,191.0,191.0,,16.0,6453
1984-04-08,194.0,191.0,196.0,,16.0,6453
1984-04-09,197.0,194.0,200.0,,16.0,6453
1984-04-10,205.0,198.0,212.0,,16.0,6453
1984-04-11,218.0,216.0,220.0,0.1,16.0,6453
1984-04-12,219.0,216.0,222.0,0.1,16.0,6453
1984-04-13,208.0,207.0,208.0,0.0,16.0,6453
1984-04-14,210.0,209.0,210.0,0.1,16.0,6453
1984-04-15,215.0,212.0,218.0,0.1,16.0,6453
1984-04-16,220.0,216.0,223.0,0.1,16.0,6453
1984-04-17,233.0,226.0,240.0,0.2,47.0,6453
1984-04-18,224.0,221.0,226.0,0.1,16.0,6453
1984-04-19,224.0,224.0,224.0,0.0,15.0,6453
1984-04-20,219.0,216.0,221.0,0.0,15.0,6453
1984-04-21,218.0,218.0,218.0,0.0,15.0,6453
1984-04-22,223.0,220.0,226.0,0.0,15.0,6453
1984-04-23,222.0,222.0,222.0,0.0,15.0,6453
1984-04-24,215.0,206.0,224.0,0.0,15.0,6453
1984-04-25,200.0,198.0,201.0,0.0,15.0,6453
1984-04-26,202.0,200.0,204.0,0.0,26.25,6453
1984-04-27,198.0,198.0,198.0,0.0,26.25,6453
1984-04-28,200.0,200.0,200.0,0.0,26.25,6453
1984-04-29,211.0,210.0,212.0,0.2,26.25,6453
1984-04-30,222.0,214.0,230.0,0.2,26.25,6453
1984-05-01,252.0,244.0,260.0,0.0,9.25,6453
1984-05-02,255.0,245.0,264.0,0.3,9.0,6453
1984-05-03,252.0,246.0,258.0,0.5,8.27,6453
1984-05-04,279.0,268.0,289.0,0.4,8.27,6453
1984-05-05,276.0,272.0,280.0,0.4,8.27,6453
1984-05-06,275.0,272.0,278.0,0.5,8.27,6453
1984-05-07,291.0,287.0,295.0,0.6,8.27,6453
1984-05-08,288.0,284.0,291.0,0.5,8.27,6453
1984-05-09,283.0,280.0,286.0,0.5,8.27,6453
1984-05-10,283.0,282.0,283.0,1.0,29.0,6453
1984-05-11,287.0,284.0,289.0,2.3,29.0,6453
1984-05-12,281.0,275.0,287.0,4.5,29.0,6453
1984-05-13,270.0,266.0,273.0,5.4,29.0,6453
1984-05-14,275.0,269.0,280.0,5.7,29.0,6453
1984-05-15,292.0,290.0,294.0,5.8,29.0,6453
1984-05-16,307.0,292.0,322.0,6.8,29.0,6453
1984-05-17,301.0,300.0,302.0,6.9,29.0,6453
1984-05-18,304.0,302.0,306.0,7.4,29.0,6453
1984-05-19,299.0,298.0,300.0,6.7,29.0,6453
1984-05-20,296.0,295.0,296.0,6.9,29.0,6453
1984-05-21,294.0,293.0,294.0,7.3,29.0,6453
1984-05-22,289.0,288.0,290.0,7.7,29.0,6453
1984-05-23,288.0,286.0,290.0,8.6,29.0,6453
1984-05-24,277.0,276.0,277.0,9.3,29.0,6453
1984-05-25,273.0,268.0,278.0,8.3,29.0,6453
1984-05-26,259.0,254.0,264.0,9.7,29.0,6453
1984-05-27,257.0,256.0,258.0,10.9,29.0,6453
1984-05-28,250.0,249.0,250.0,13.0,29.0,6453
1984-05-29,249.0,248.0,249.0,13.6,29.0,6453
1984-05-30,244.0,243.0,244.0,13.7,29.0,6453
1984-05-31,241.0,240.0,242.0,13.6,29.0,6453
1984-06-01,238.0,238.0,238.0,13.5,29.0,6453
1984-06-02,237.0,237.0,237.0,13.6,29.0,6453
1984-06-03,236.0,236.0,236.0,14.0,29.0,6453
1984-06-04,234.0,234.0,234.0,14.7,29.0,6453
1984-06-05,232.0,232.0,232.0,14.0,29.0,6453
1984-06-06,238.0,230.0,246.0,11.6,29.0,6453
1984-06-07,279.0,278.0,279.0,10.0,29.0,6453
1984-06-08,302.0,300.0,303.0,9.9,29.0,6453
1984-06-09,293.0,284.0,302.0,9.4,29.0,6453
1984-06-10,274.0,273.0,274.0,10.8,29.0,6453
1984-06-11,291.0,275.0,307.0,9.8,29.0,6453
1984-06-12,297.0,296.0,298.0,9.9,29.0,6453
1984-06-13,282.0,272.0,292.0,11.0,29.0,6453
1984-06-14,265.0,262.0,268.0,12.5,29.0,6453
1984-06-15,255.0,254.0,256.0,13.8,29.0,6453
1984-06-16,253.0,251.0,255.0,14.3,29.0,6453
1984-06-17,252.0,249.0,255.0,15.5,29.0,6453
1984-06-18,249.0,247.0,251.0,15.1,29.0,6453
1984-06-19,242.0,241.0,243.0,13.6,29.0,6453
1984-06-20,235.0,232.0,238.0,13.8,29.0,6453
1984-06-21,232.0,231.0,233.0,14.3,29.0,6453
1984-06-22,230.0,230.0,230.0,15.0,29.0,6453
1984-06-23,228.0,228.0,228.0,15.2,29.0,6453
1984-06-24,241.0,228.0,254.0,15.4,29.0,6453
1984-06-25,272.0,262.0,282.0,14.6,29.0,6453
1984-06-26,269.0,267.0,271.0,14.2,29.0,6453
1984-06-27,255.0,252.0,258.0,16.3,29.0,6453
1984-06-28,245.0,244.0,246.0,16.6,29.0,6453
1984-06-29,246.0,238.0,253.0,16.2,29.0,6453
1984-06-30,260.0,255.0,264.0,13.2,29.0,6453
1984-07-01,305.0,272.0,338.0,13.2,29.0,6453
1984-07-02,654.0,620.0,701.0,7.5,29.0,6453
1984-07-03,576.0,496.0,655.0,5.2,29.0,6453
1984-07-04,400.0,377.0,422.0,6.5,29.0,6453
1984-07-05,347.0,341.0,352.0,9.2,29.0,6453
1984-07-06,309.0,303.0,314.0,10.9,29.0,6453
1984-07-07,290.0,286.0,293.0,12.8,29.0,6453
1984-07-08,281.0,280.0,282.0,12.9,29.0,6453
1984-07-09,272.0,271.0,273.0,14.3,29.0,6453
1984-07-10,265.0,264.0,266.0,15.0,29.0,6453
1984-07-11,260.0,259.0,261.0,15.6,29.0,6453
1984-07-12,255.0,254.0,256.0,15.5,29.0,6453
1984-07-13,252.0,252.0,252.0,15.2,29.0,6453
1984-07-14,248.0,242.0,254.0,14.0,29.0,6453
1984-07-15,242.0,240.0,243.0,14.5,29.0,6453
1984-07-16,267.0,246.0,287.0,14.2,29.0,6453
1984-07-17,286.0,281.0,291.0,15.0,29.0,6453
1984-07-18,287.0,285.0,289.0,14.9,29.0,6453
1984-07-19,290.0,285.0,295.0,15.3,29.0,6453
1984-07-20,290.0,281.0,299.0,16.5,29.0,6453
1984-07-21,319.0,313.0,325.0,15.5,29.0,6453
1984-07-22,315.0,309.0,321.0,14.1,29.0,6453
1984-07-23,299.0,299.0,299.0,15.5,29.0,6453
1984-07-24,322.0,319.0,325.0,15.9,29.0,6453
1984-07-25,336.0,317.0,355.0,15.4,29.0,6453
1984-07-26,359.0,358.0,360.0,16.0,29.0,6453
1984-07-27,338.0,337.0,339.0,14.9,29.0,6453
1984-07-28,325.0,319.0,331.0,14.6,29.0,6453
1984-07-29,337.0,335.0,339.0,13.8,29.0,6453
1984-07-30,332.0,329.0,335.0,13.7,29.0,6453
1984-07-31,314.0,309.0,319.0,13.8,29.0,6453
1984-08-01,339.0,329.0,348.0,13.5,29.0,6453
1984-08-02,476.0,404.0,548.0,9.5,29.0,6453
1984-08-03,494.0,433.0,554.0,7.1,29.0,6453
1984-08-04,439.0,406.0,471.0,5.8,29.0,6453
1984-08-05,649.0,631.0,686.0,6.3,29.0,6453
1984-08-06,527.0,465.0,589.0,8.0,29.0,6453
1984-08-07,431.0,412.0,450.0,8.0,29.0,6453
1984-08-08,416.0,404.0,428.0,8.4,29.0,6453
1984-08-09,397.0,384.0,410.0,8.6,29.0,6453
1984-08-10,499.0,467.0,531.0,6.6,29.0,6453
1984-08-11,400.0,384.0,416.0,7.6,29.0,6453
1984-08-12,355.0,348.0,362.0,8.1,29.0,6453
1984-08-13,334.0,333.0,335.0,8.1,29.0,6453
1984-08-14,429.0,346.0,511.0,7.7,29.0,6453
1984-08-15,525.0,512.0,537.0,6.6,29.0,6453
1984-08-16,447.0,410.0,483.0,6.9,29.0,6453
1984-08-17,401.0,394.0,408.0,7.1,29.0,6453
1984-08-18,420.0,400.0,439.0,7.6,29.0,6453
1984-08-19,406.0,394.0,418.0,8.3,29.0,6453
1984-08-20,373.0,364.0,382.0,9.0,29.0,6453
1984-08-21,347.0,341.0,352.0,9.3,29.0,6453
1984-08-22,328.0,325.0,331.0,9.3,29.0,6453
1984-08-23,317.0,315.0,319.0,8.6,29.0,6453
1984-08-24,308.0,306.0,310.0,8.8,29.0,6453
1984-08-25,302.0,301.0,303.0,8.8,29.0,6453
1984-08-26,296.0,295.0,297.0,9.3,29.0,6453
1984-08-27,306.0,293.0,319.0,9.6,29.0,6453
1984-08-28,325.0,323.0,327.0,10.1,29.0,6453
1984-08-29,316.0,312.0,319.0,10.2,29.0,6453
1984-08-30,302.0,300.0,304.0,9.6,29.0,6453
1984-08-31,298.0,298.0,298.0,9.8,29.0,6453
1984-09-01,346.0,326.0,366.0,9.5,29.0,6453
1984-09-02,392.0,378.0,406.0,8.0,29.0,6453
1984-09-03,386.0,384.0,388.0,7.5,29.0,6453
1984-09-04,375.0,370.0,380.0,7.7,29.0,6453
1984-09-05,344.0,324.0,364.0,9.0,29.0,6453
1984-09-06,316.0,314.0,318.0,9.7,29.0,6453
1984-09-07,323.0,314.0,332.0,9.4,29.0,6453
1984-09-08,348.0,346.0,350.0,9.4,29.0,6453
1984-09-09,337.0,336.0,338.0,9.2,29.0,6453
1984-09-10,340.0,332.0,348.0,9.3,29.0,6453
1984-09-11,350.0,346.0,354.0,8.8,29.0,6453
1984-09-12,326.0,320.0,332.0,8.4,29.0,6453
1984-09-13,312.0,308.0,316.0,8.8,29.0,6453
1984-09-14,300.0,298.0,302.0,9.1,29.0,6453
1984-09-15,301.0,300.0,302.0,9.3,29.0,6453
1984-09-16,311.0,298.0,324.0,8.6,29.0,6453
1984-09-17,313.0,310.0,316.0,7.0,29.0,6453
1984-09-18,300.0,298.0,302.0,7.9,29.0,6453
1984-09-19,290.0,288.0,292.0,8.2,29.0,6453
1984-09-20,283.0,282.0,284.0,8.3,29.0,6453
1984-09-21,280.0,280.0,280.0,8.8,29.0,6453
1984-09-22,280.0,280.0,280.0,9.2,29.0,6453
1984-09-23,278.0,278.0,278.0,8.3,29.0,6453
1984-09-24,297.0,282.0,312.0,7.3,29.0,6453
1984-09-25,343.0,342.0,344.0,6.3,29.0,6453
1984-09-26,331.0,330.0,332.0,6.0,29.0,6453
1984-09-27,320.0,316.0,324.0,5.1,29.0,6453
1984-09-28,305.0,302.0,308.0,4.2,29.0,6453
1984-09-29,293.0,290.0,296.0,4.4,29.0,6453
1984-09-30,285.0,284.0,286.0,4.1,29.0,6453
1984-10-01,280.0,278.0,282.0,4.4,29.0,6453
1984-10-02,275.0,274.0,276.0,4.3,29.0,6453
1984-10-03,272.0,272.0,272.0,3.7,29.0,6453
1984-10-04,271.0,268.0,274.0,3.4,29.0,6453
1984-10-05,261.0,258.0,264.0,3.5,29.0,6453
1984-10-06,255.0,254.0,256.0,3.1,29.0,6453
1984-10-07,251.0,250.0,252.0,2.9,29.0,6453
1984-10-08,248.0,248.0,248.0,3.7,29.0,6453
1984-10-09,248.0,248.0,248.0,4.5,29.0,6453
1984-10-10,249.0,248.0,250.0,4.2,29.0,6453
1984-10-11,256.0,255.0,257.0,4.3,29.0,6453
1984-10-12,262.0,260.0,264.0,4.5,29.0,6453
1984-10-13,268.0,268.0,268.0,2.5,29.0,6453
1984-10-14,272.0,272.0,272.0,2.3,29.0,6453
1984-10-15,270.0,269.0,271.0,2.0,29.0,6453
1984-10-16,271.0,270.0,272.0,2.4,29.0,6453
1984-10-17,272.0,270.0,274.0,1.9,29.0,6453
1984-10-18,260.0,256.0,264.0,0.5,29.0,6453
1984-10-19,252.0,250.0,254.0,0.7,29.0,6453
1984-10-20,251.0,250.0,252.0,0.3,29.0,6453
1984-10-21,248.0,248.0,248.0,0.3,,6453
1984-10-22,249.0,248.0,249.0,0.3,,6453
1984-10-23,246.0,246.0,246.0,0.2,,6453
1984-10-24,243.0,242.0,244.0,0.2,,6453
1984-10-25,240.0,240.0,240.0,0.2,,6453
1984-10-26,239.0,236.0,242.0,0.1,,6453
1984-10-27,234.0,232.0,236.0,0.0,,6453
1984-10-28,235.0,234.0,236.0,0.0,,6453
1984-10-29,276.0,272.0,280.0,0.0,15.0,6453
1984-10-30,264.0,262.0,266.0,0.0,15.0,6453
1984-10-31,265.0,258.0,272.0,0.0,15.0,6453
1984-11-01,269.0,264.0,274.0,0.0,15.0,6453
1984-11-02,266.0,264.0,268.0,0.0,15.0,6453
1984-11-03,266.0,264.0,268.0,0.0,15.0,6453
1984-11-04,267.0,266.0,268.0,0.0,15.0,6453
1984-11-05,267.0,266.0,268.0,0.0,15.0,6453
1984-11-06,266.0,264.0,267.0,0.0,15.0,6453
1984-11-07,271.0,270.0,272.0,0.0,15.0,6453
1984-11-08,272.0,270.0,274.0,0.0,15.0,6453
1984-11-09,271.0,270.0,272.0,0.0,15.0,6453
1984-11-10,269.0,268.0,270.0,0.0,15.0,6453
1984-11-11,272.0,271.0,272.0,0.0,15.0,6453
1984-11-12,274.0,272.0,275.0,0.0,15.0,6453
1984-11-13,276.0,276.0,276.0,0.0,15.0,6453
1984-11-14,278.0,277.0,278.0,0.0,15.0,6453
1984-11-15,278.0,278.0,278.0,0.0,16.0,6453
1984-11-16,280.0,279.0,281.0,0.0,16.0,6453
1984-11-17,282.0,281.0,282.0,0.0,16.0,6453
1984-11-18,283.0,282.0,284.0,0.0,16.0,6453
1984-11-19,284.0,283.0,284.0,0.0,16.0,6453
1984-11-20,284.0,283.0,284.0,0.0,16.0,6453
1984-11-21,285.0,284.0,286.0,0.0,16.0,6453
1984-11-22,284.0,284.0,284.0,0.0,16.0,6453
1984-11-23,284.0,284.0,284.0,0.0,16.0,6453
1984-11-24,284.0,284.0,284.0,0.0,16.0,6453
1984-11-25,284.0,284.0,284.0,0.0,16.0,6453
1984-11-26,284.0,284.0,284.0,0.0,16.0,6453
1984-11-27,284.0,284.0,284.0,0.0,16.0,6453
1984-11-28,284.0,284.0,284.0,0.0,16.0,6453
1984-11-29,284.0,284.0,284.0,0.0,16.0,6453
1984-11-30,284.0,284.0,284.0,0.0,16.0,6453
1984-12-01,283.0,283.0,283.0,,16.0,6453
1984-12-02,283.0,283.0,283.0,,16.0,6453
1984-12-03,282.0,282.0,282.0,,16.0,6453
1984-12-04,282.0,282.0,282.0,,16.0,6453
1984-12-05,281.0,281.0,281.0,,16.0,6453
1984-12-06,280.0,280.0,280.0,,16.0,6453
1984-12-07,280.0,280.0,280.0,,16.0,6453
1984-12-08,280.0,280.0,280.0,,16.0,6453
1984-12-09,280.0,280.0,280.0,,16.0,6453
1984-12-10,279.0,279.0,279.0,,16.0,6453
1984-12-11,278.0,278.0,278.0,,16.0,6453
1984-12-12,277.0,277.0,277.0,,16.0,6453
1984-12-13,277.0,277.0,277.0,,16.0,6453
1984-12-14,276.0,276.0,276.0,,16.0,6453
1984-12-15,275.0,275.0,275.0,,16.0,6453
1984-12-16,274.0,274.0,274.0,,16.0,6453
1984-12-17,273.0,273.0,273.0,,16.0,6453
1984-12-18,272.0,272.0,272.0,,16.0,6453
1984-12-19,271.0,271.0,271.0,,16.0,6453
1984-12-20,270.0,270.0,270.0,,16.0,6453
1984-12-21,269.0,269.0,269.0,,16.0,6453
1984-12-22,268.0,268.0,268.0,,16.0,6453
1984-12-23,268.0,268.0,268.0,,16.0,6453
1984-12-24,267.0,267.0,267.0,,16.0,6453
1984-12-25,266.0,266.0,266.0,,16.0,6453
1984-12-26,265.0,265.0,265.0,,16.0,6453
1984-12-27,265.0,265.0,265.0,,16.0,6453
1984-12-28,265.0,265.0,265.0,,16.0,6453
1984-12-29,265.0,265.0,265.0,,16.0,6453
1984-12-30,265.0,265.0,265.0,,16.0,6453
1984-12-31,265.0,265.0,265.0,,16.0,6453
1985-01-01,258.0,258.0,258.0,,16.0,6453
1985-01-02,258.0,258.0,258.0,,16.0,6453
1985-01-03,258.0,258.0,258.0,,16.0,6453
1985-01-04,258.0,258.0,258.0,,16.0,6453
1985-01-05,258.0,258.0,258.0,,16.0,6453
1985-01-06,258.0,258.0,258.0,,16.0,6453
1985-01-07,258.0,258.0,258.0,,16.0,6453
1985-01-08,257.0,257.0,257.0,,16.0,6453
1985-01-09,257.0,257.0,257.0,,16.0,6453
1985-01-10,257.0,257.0,257.0,,16.0,6453
1985-01-11,257.0,257.0,257.0,,16.0,6453
1985-01-12,257.0,257.0,257.0,,16.0,6453
1985-01-13,257.0,257.0,257.0,,16.0,6453
1985-01-14,257.0,257.0,257.0,,16.0,6453
1985-01-15,257.0,257.0,257.0,,16.0,6453
1985-01-16,257.0,257.0,257.0,,16.0,6453
1985-01-17,257.0,257.0,257.0,,16.0,6453
1985-01-18,257.0,257.0,257.0,,16.0,6453
1985-01-19,257.0,257.0,257.0,,16.0,6453
1985-01-20,257.0,257.0,257.0,,16.0,6453
1985-01-21,256.0,256.0,256.0,,16.0,6453
1985-01-22,256.0,256.0,256.0,,16.0,6453
1985-01-23,256.0,256.0,256.0,,16.0,6453
1985-01-24,257.0,257.0,257.0,,16.0,6453
1985-01-25,257.0,257.0,257.0,,16.0,6453
1985-01-26,257.0,257.0,257.0,,16.0,6453
1985-01-27,258.0,258.0,258.0,,16.0,6453
1985-01-28,259.0,259.0,259.0,,16.0,6453
1985-01-29,260.0,260.0,260.0,,16.0,6453
1985-01-30,261.0,261.0,261.0,,16.0,6453
1985-01-31,261.0,261.0,261.0,,16.0,6453
1985-02-01,262.0,262.0,262.0,,16.0,6453
1985-02-02,263.0,263.0,263.0,,16.0,6453
1985-02-03,264.0,264.0,264.0,,16.0,6453
1985-02-04,265.0,265.0,265.0,,16.0,6453
1985-02-05,265.0,265.0,265.0,,16.0,6453
1985-02-06,266.0,266.0,266.0,,16.0,6453
1985-02-07,267.0,267.0,267.0,,16.0,6453
1985-02-08,268.0,268.0,268.0,,16.0,6453
1985-02-09,269.0,269.0,269.0,,16.0,6453
1985-02-10,269.0,269.0,269.0,,16.0,6453
1985-02-11,268.0,268.0,268.0,,16.0,6453
1985-02-12,268.0,268.0,268.0,,16.0,6453
1985-02-13,268.0,268.0,268.0,,16.0,6453
1985-02-14,267.0,267.0,267.0,,16.0,6453
1985-02-15,267.0,267.0,267.0,,16.0,6453
1985-02-16,268.0,268.0,268.0,,16.0,6453
1985-02-17,268.0,268.0,268.0,,16.0,6453
1985-02-18,268.0,268.0,268.0,,16.0,6453
1985-02-19,267.0,267.0,267.0,,16.0,6453
1985-02-20,267.0,267.0,267.0,,16.0,6453
1985-02-21,268.0,268.0,268.0,,16.0,6453
1985-02-22,268.0,268.0,268.0,,16.0,6453
1985-02-23,268.0,268.0,268.0,,16.0,6453
1985-02-24,269.0,269.0,269.0,,16.0,6453
1985-02-25,270.0,270.0,270.0,,16.0,6453
1985-02-26,271.0,271.0,271.0,,16.0,6453
1985-02-27,272.0,272.0,272.0,,16.0,6453
1985-02-28,272.0,272.0,272.0,,16.0,6453
1985-03-01,272.0,272.0,272.0,,16.0,6453
1985-03-02,272.0,272.0,272.0,,16.0,6453
1985-03-03,272.0,272.0,272.0,,16.0,6453
1985-03-04,273.0,273.0,273.0,,16.0,6453
1985-03-05,273.0,273.0,273.0,,16.0,6453
1985-03-06,273.0,273.0,273.0,,16.0,6453
1985-03-07,274.0,274.0,274.0,,16.0,6453
1985-03-08,275.0,275.0,275.0,,16.0,6453
1985-03-09,276.0,276.0,276.0,,16.0,6453
1985-03-10,277.0,277.0,277.0,,16.0,6453
1985-03-11,277.0,277.0,277.0,,16.0,6453
1985-03-12,278.0,278.0,278.0,,16.0,6453
1985-03-13,278.0,278.0,278.0,,16.0,6453
1985-03-14,279.0,279.0,279.0,,16.0,6453
1985-03-15,280.0,280.0,280.0,,16.0,6453
1985-03-16,280.0,280.0,280.0,,16.0,6453
1985-03-17,278.0,278.0,278.0,,16.0,6453
1985-03-18,276.0,276.0,276.0,,16.0,6453
1985-03-19,273.0,273.0,273.0,,16.0,6453
1985-03-20,272.0,272.0,272.0,,16.0,6453
1985-03-21,271.0,271.0,271.0,,16.0,6453
1985-03-22,264.0,264.0,264.0,,16.0,6453
1985-03-23,264.0,264.0,264.0,,16.0,6453
1985-03-24,260.0,260.0,260.0,,16.0,6453
1985-03-25,248.0,248.0,248.0,,16.0,6453
1985-03-26,248.0,248.0,248.0,,16.0,6453
1985-03-27,247.0,247.0,247.0,,16.0,6453
1985-03-28,248.0,248.0,248.0,,16.0,6453
1985-03-29,248.0,248.0,248.0,,16.0,6453
1985-03-30,259.0,259.0,259.0,,16.0,6453
1985-03-31,260.0,260.0,260.0,,16.0,6453
1985-04-01,263.0,263.0,263.0,0.0,16.0,6453
1985-04-02,265.0,264.0,265.0,0.0,16.0,6453
1985-04-03,266.0,265.0,266.0,0.0,16.0,6453
1985-04-04,268.0,267.0,269.0,0.0,16.0,6453
1985-04-05,273.0,271.0,275.0,0.0,16.0,6453
1985-04-06,276.0,275.0,277.0,0.0,16.0,6453
1985-04-07,279.0,278.0,280.0,0.0,15.0,6453
1985-04-08,285.0,281.0,288.0,0.0,15.0,6453
1985-04-09,293.0,292.0,293.0,0.0,15.0,6453
1985-04-10,296.0,295.0,296.0,0.0,15.0,6453
1985-04-11,293.0,289.0,296.0,0.0,15.47,6453
1985-04-12,283.0,282.0,284.0,0.0,15.47,6453
1985-04-13,282.0,281.0,282.0,0.0,15.47,6453
1985-04-14,283.0,280.0,285.0,0.0,24.15,6453
1985-04-15,285.0,284.0,286.0,0.0,24.15,6453
1985-04-16,286.0,285.0,286.0,0.0,24.15,6453
1985-04-17,287.0,286.0,287.0,0.0,24.15,6453
1985-04-18,288.0,288.0,288.0,0.0,24.15,6453
1985-04-19,298.0,292.0,303.0,0.0,,6453
1985-04-20,322.0,304.0,340.0,0.0,23.24,6453
1985-04-21,320.0,315.0,324.0,0.1,23.24,6453
1985-04-22,322.0,320.0,323.0,0.1,23.24,6453
1985-04-23,333.0,327.0,339.0,0.2,26.25,6453
1985-04-24,341.0,338.0,343.0,0.3,26.0,6453
1985-04-25,327.0,322.0,332.0,0.1,26.0,6453
1985-04-26,316.0,314.0,317.0,0.2,26.0,6453
1985-04-27,318.0,313.0,322.0,0.3,9.25,6453
1985-04-28,333.0,315.0,350.0,0.2,9.0,6453
1985-04-29,331.0,324.0,337.0,0.3,27.0,6453
1985-04-30,321.0,313.0,328.0,0.6,27.0,6453
1985-05-01,331.0,327.0,334.0,,27.0,6453
1985-05-02,307.0,305.0,308.0,,27.0,6453
1985-05-03,310.0,305.0,315.0,,27.0,6453
1985-05-04,299.0,270.0,327.0,,27.0,6453
1985-05-05,258.0,247.0,268.0,,27.0,6453
1985-05-06,263.0,246.0,280.0,,27.0,6453
1985-05-07,243.0,236.0,250.0,,27.0,6453
1985-05-08,273.0,255.0,290.0,,27.0,6453
1985-05-09,296.0,292.0,299.0,,27.0,6453
1985-05-10,295.0,294.0,295.0,,27.0,6453
1985-05-11,324.0,320.0,328.0,,29.0,6453
1985-05-12,385.0,383.0,386.0,,29.0,6453
1985-05-13,364.0,346.0,382.0,,29.0,6453
1985-05-14,316.0,316.0,316.0,,29.0,6453
1985-05-15,296.0,289.0,302.0,,29.0,6453
1985-05-16,277.0,276.0,277.0,,29.0,6453
1985-05-17,316.0,273.0,358.0,,29.0,6453
1985-05-18,308.0,253.0,362.0,5.7,29.0,6453
1985-05-19,299.0,285.0,313.0,5.5,29.0,6453
1985-05-20,271.0,270.0,271.0,5.6,29.0,6453
1985-05-21,314.0,279.0,348.0,8.1,29.0,6453
1985-05-22,379.0,343.0,414.0,6.0,29.0,6453
1985-05-23,355.0,341.0,368.0,5.3,29.0,6453
1985-05-24,348.0,313.0,383.0,7.8,29.0,6453
1985-05-25,398.0,394.0,402.0,6.4,29.0,6453
1985-05-26,383.0,362.0,403.0,5.3,29.0,6453
1985-05-27,347.0,341.0,353.0,4.7,29.0,6453
1985-05-28,317.0,313.0,320.0,7.2,29.0,6453
1985-05-29,281.0,271.0,290.0,8.1,29.0,6453
1985-05-30,263.0,259.0,266.0,10.5,29.0,6453
1985-05-31,268.0,256.0,279.0,9.2,29.0,6453
1985-06-01,278.0,271.0,285.0,,29.0,6453
1985-06-02,298.0,293.0,303.0,,29.0,6453
1985-06-03,311.0,302.0,320.0,,29.0,6453
1985-06-04,329.0,321.0,337.0,,29.0,6453
1985-06-05,312.0,309.0,314.0,,29.0,6453
1985-06-06,309.0,302.0,316.0,,29.0,6453
1985-06-07,315.0,309.0,321.0,,29.0,6453
1985-06-08,312.0,311.0,313.0,,29.0,6453
1985-06-09,325.0,316.0,334.0,,29.0,6453
1985-06-10,325.0,324.0,326.0,,29.0,6453
1985-06-11,307.0,306.0,308.0,,29.0,6453
1985-06-12,301.0,298.0,304.0,,29.0,6453
1985-06-13,290.0,288.0,292.0,,29.0,6453
1985-06-14,282.0,281.0,283.0,,29.0,6453
1985-06-15,276.0,270.0,281.0,,29.0,6453
1985-06-16,267.0,260.0,273.0,,29.0,6453
1985-06-17,262.0,260.0,263.0,,29.0,6453
1985-06-18,429.0,274.0,584.0,,29.0,6453
1985-06-19,580.0,576.0,584.0,,29.0,6453
1985-06-20,469.0,432.0,505.0,,29.0,6453
1985-06-21,573.0,525.0,620.0,,29.0,6453
1985-06-22,434.0,388.0,480.0,,29.0,6453
1985-06-23,372.0,362.0,382.0,,29.0,6453
1985-06-24,332.0,316.0,348.0,,29.0,6453
1985-06-25,302.0,298.0,305.0,,29.0,6453
1985-06-26,289.0,287.0,290.0,,29.0,6453
1985-06-27,283.0,281.0,284.0,,29.0,6453
1985-06-28,277.0,273.0,281.0,,29.0,6453
1985-06-29,279.0,273.0,284.0,,29.0,6453
1985-06-30,280.0,278.0,281.0,,29.0,6453
1985-07-01,283.0,278.0,288.0,,29.0,6453
1985-07-02,268.0,251.0,285.0,,29.0,6453
1985-07-03,272.0,258.0,286.0,,29.0,6453
1985-07-04,303.0,289.0,316.0,,29.0,6453
1985-07-05,335.0,326.0,344.0,,29.0,6453
1985-07-06,370.0,354.0,386.0,,29.0,6453
1985-07-07,419.0,399.0,439.0,,29.0,6453
1985-07-08,339.0,326.0,351.0,,29.0,6453
1985-07-09,311.0,305.0,317.0,,29.0,6453
1985-07-10,294.0,291.0,297.0,,29.0,6453
1985-07-11,285.0,284.0,285.0,,29.0,6453
1985-07-12,314.0,283.0,344.0,,29.0,6453
1985-07-13,367.0,359.0,374.0,,29.0,6453
1985-07-14,378.0,376.0,379.0,,29.0,6453
1985-07-15,379.0,374.0,384.0,,29.0,6453
1985-07-16,340.0,328.0,352.0,,29.0,6453
1985-07-17,321.0,316.0,326.0,,29.0,6453
1985-07-18,307.0,301.0,312.0,,29.0,6453
1985-07-19,294.0,291.0,297.0,,29.0,6453
1985-07-20,287.0,287.0,287.0,,29.0,6453
1985-07-21,294.0,286.0,301.0,,29.0,6453
1985-07-22,295.0,294.0,296.0,,29.0,6453
1985-07-23,309.0,308.0,309.0,,29.0,6453
1985-07-24,309.0,307.0,311.0,,29.0,6453
1985-07-25,327.0,324.0,330.0,,29.0,6453
1985-07-26,354.0,348.0,360.0,,29.0,6453
1985-07-27,335.0,332.0,338.0,,29.0,6453
1985-07-28,337.0,327.0,347.0,,29.0,6453
1985-07-29,316.0,315.0,317.0,,29.0,6453
1985-07-30,361.0,323.0,399.0,,29.0,6453
1985-07-31,328.0,318.0,337.0,,29.0,6453
1985-08-01,316.0,309.0,322.0,,29.0,6453
1985-08-02,299.0,296.0,301.0,,29.0,6453
1985-08-03,319.0,305.0,332.0,,29.0,6453
1985-08-04,333.0,328.0,337.0,,29.0,6453
1985-08-05,318.0,313.0,323.0,,29.0,6453
1985-08-06,293.0,280.0,305.0,,29.0,6453
1985-08-07,290.0,290.0,290.0,,29.0,6453
1985-08-08,302.0,299.0,305.0,,29.0,6453
1985-08-09,335.0,315.0,355.0,,29.0,6453
1985-08-10,357.0,355.0,358.0,,29.0,6453
1985-08-11,391.0,387.0,395.0,,29.0,6453
1985-08-12,388.0,386.0,389.0,,29.0,6453
1985-08-13,356.0,351.0,361.0,,29.0,6453
1985-08-14,411.0,355.0,467.0,,29.0,6453
1985-08-15,427.0,407.0,446.0,,29.0,6453
1985-08-16,387.0,384.0,390.0,,29.0,6453
1985-08-17,408.0,406.0,410.0,,29.0,6453
1985-08-18,412.0,412.0,412.0,,29.0,6453
1985-08-19,405.0,395.0,415.0,,29.0,6453
1985-08-20,387.0,386.0,387.0,,29.0,6453
1985-08-21,520.0,505.0,535.0,,29.0,6453
1985-08-22,447.0,417.0,476.0,,29.0,6453
1985-08-23,392.0,371.0,412.0,,29.0,6453
1985-08-24,376.0,371.0,381.0,,29.0,6453
1985-08-25,367.0,348.0,386.0,,29.0,6453
1985-08-26,335.0,327.0,342.0,,29.0,6453
1985-08-27,317.0,313.0,320.0,,29.0,6453
1985-08-28,306.0,304.0,308.0,,29.0,6453
1985-08-29,299.0,299.0,299.0,,29.0,6453
1985-08-30,296.0,290.0,302.0,,29.0,6453
1985-08-31,290.0,290.0,290.0,,29.0,6453
1985-09-01,291.0,291.0,291.0,,29.0,6453
1985-09-02,290.0,287.0,293.0,,29.0,6453
1985-09-03,285.0,284.0,286.0,,29.0,6453
1985-09-04,281.0,280.0,281.0,,29.0,6453
1985-09-05,296.0,280.0,311.0,,29.0,6453
1985-09-06,312.0,308.0,315.0,,29.0,6453
1985-09-07,323.0,320.0,326.0,,29.0,6453
1985-09-08,336.0,333.0,338.0,,29.0,6453
1985-09-09,344.0,339.0,348.0,,29.0,6453
1985-09-10,349.0,348.0,349.0,,29.0,6453
1985-09-11,333.0,329.0,337.0,,29.0,6453
1985-09-12,336.0,333.0,339.0,,29.0,6453
1985-09-13,322.0,317.0,327.0,,29.0,6453
1985-09-14,310.0,305.0,315.0,,29.0,6453
1985-09-15,299.0,297.0,300.0,,29.0,6453
1985-09-16,307.0,307.0,307.0,,29.0,6453
1985-09-17,308.0,307.0,308.0,,29.0,6453
1985-09-18,311.0,310.0,312.0,,29.0,6453
1985-09-19,313.0,309.0,317.0,,29.0,6453
1985-09-20,318.0,318.0,318.0,,29.0,6453
1985-09-21,327.0,326.0,328.0,,29.0,6453
1985-09-22,314.0,312.0,315.0,,29.0,6453
1985-09-23,312.0,312.0,312.0,,29.0,6453
1985-09-24,312.0,312.0,312.0,,29.0,6453
1985-09-25,307.0,305.0,309.0,,29.0,6453
1985-09-26,298.0,296.0,300.0,,29.0,6453
1985-09-27,291.0,290.0,292.0,,29.0,6453
1985-09-28,287.0,285.0,288.0,,29.0,6453
1985-09-29,281.0,279.0,282.0,,29.0,6453
1985-09-30,276.0,275.0,277.0,,29.0,6453
1985-10-01,271.0,270.0,271.0,5.7,29.0,6453
1985-10-02,265.0,262.0,267.0,5.2,29.0,6453
1985-10-03,265.0,265.0,265.0,4.7,29.0,6453
1985-10-04,262.0,261.0,262.0,4.2,29.0,6453
1985-10-05,259.0,258.0,259.0,4.1,29.0,6453
1985-10-06,257.0,256.0,257.0,3.7,29.0,6453
1985-10-07,252.0,252.0,252.0,3.3,29.0,6453
1985-10-08,242.0,242.0,242.0,3.7,29.0,6453
1985-10-09,238.0,233.0,242.0,4.4,29.0,6453
1985-10-10,230.0,230.0,230.0,3.5,29.0,6453
1985-10-11,226.0,226.0,226.0,3.3,29.0,6453
1985-10-12,225.0,225.0,225.0,3.4,29.0,6453
1985-10-13,223.0,223.0,223.0,3.0,29.0,6453
1985-10-14,223.0,223.0,223.0,2.9,29.0,6453
1985-10-15,226.0,225.0,226.0,2.7,29.0,6453
1985-10-16,228.0,227.0,228.0,2.3,29.0,6453
1985-10-17,228.0,228.0,228.0,1.8,29.0,6453
1985-10-18,230.0,228.0,231.0,1.0,29.0,6453
1985-10-19,231.0,231.0,231.0,0.6,,6453
1985-10-20,231.0,231.0,231.0,0.6,,6453
1985-10-21,231.0,231.0,231.0,0.6,,6453
1985-10-22,231.0,231.0,231.0,0.3,,6453
1985-10-23,231.0,231.0,231.0,0.3,,6453
1985-10-24,233.0,231.0,234.0,0.3,,6453
1985-10-25,231.0,231.0,231.0,0.2,,6453
1985-10-26,226.0,221.0,231.0,0.2,,6453
1985-10-27,216.0,215.0,217.0,0.0,,6453
1985-10-28,214.0,214.0,214.0,0.0,,6453
1985-10-29,225.0,214.0,236.0,0.0,,6453
1985-10-30,236.0,236.0,236.0,0.0,,6453
1985-10-31,236.0,236.0,236.0,0.0,,6453
1985-11-01,235.0,235.0,235.0,0.0,,6453
1985-11-02,235.0,234.0,235.0,0.0,,6453
1985-11-03,233.0,233.0,233.0,0.0,,6453
1985-11-04,230.0,229.0,230.0,0.0,15.0,6453
1985-11-05,224.0,223.0,225.0,0.0,15.0,6453
1985-11-06,220.0,219.0,220.0,0.0,15.0,6453
1985-11-07,217.0,217.0,217.0,0.0,15.0,6453
1985-11-08,217.0,217.0,217.0,0.0,15.0,6453
1985-11-09,217.0,217.0,217.0,0.0,15.0,6453
1985-11-10,219.0,217.0,220.0,0.0,15.0,6453
1985-11-11,232.0,227.0,237.0,0.0,15.0,6453
1985-11-12,247.0,245.0,249.0,0.0,15.0,6453
1985-11-13,250.0,250.0,250.0,0.0,15.0,6453
1985-11-14,251.0,250.0,252.0,0.0,15.0,6453
1985-11-15,256.0,255.0,256.0,0.0,15.0,6453
1985-11-16,259.0,259.0,259.0,0.0,15.0,6453
1985-11-17,259.0,259.0,259.0,0.0,15.0,6453
1985-11-18,258.0,256.0,259.0,0.0,16.15,6453
1985-11-19,251.0,249.0,252.0,0.0,16.0,6453
1985-11-20,248.0,247.0,248.0,0.0,16.0,6453
1985-11-21,252.0,250.0,253.0,0.0,16.0,6453
1985-11-22,258.0,258.0,258.0,0.0,16.0,6453
1985-11-23,260.0,260.0,260.0,0.0,16.0,6453
1985-11-24,259.0,257.0,260.0,0.0,16.0,6453
1985-11-25,253.0,250.0,256.0,0.0,16.0,6453
1985-11-26,248.0,247.0,249.0,0.0,16.0,6453
1985-11-27,241.0,237.0,245.0,0.0,16.0,6453
1985-11-28,242.0,242.0,242.0,0.0,16.0,6453
1985-11-29,241.0,240.0,242.0,0.0,16.0,6453
1985-11-30,251.0,239.0,262.0,0.0,16.0,6453
1985-12-01,268.0,268.0,268.0,,16.0,6453
1985-12-02,268.0,268.0,268.0,,16.0,6453
1985-12-03,267.0,267.0,267.0,,16.0,6453
1985-12-04,266.0,266.0,266.0,,16.0,6453
1985-12-05,266.0,266.0,266.0,,16.0,6453
1985-12-06,265.0,265.0,265.0,,16.0,6453
1985-12-07,264.0,264.0,264.0,,16.0,6453
1985-12-08,264.0,264.0,264.0,,16.0,6453
1985-12-09,262.0,262.0,262.0,,16.0,6453
1985-12-10,262.0,262.0,262.0,,16.0,6453
1985-12-11,262.0,262.0,262.0,,16.0,6453
1985-12-12,262.0,262.0,262.0,,16.0,6453
1985-12-13,262.0,262.0,262.0,,16.0,6453
1985-12-14,262.0,262.0,262.0,,16.0,6453
1985-12-15,261.0,261.0,261.0,,16.0,6453
1985-12-16,261.0,261.0,261.0,,16.0,6453
1985-12-17,261.0,261.0,261.0,,16.0,6453
1985-12-18,261.0,261.0,261.0,,16.0,6453
1985-12-19,261.0,261.0,261.0,,16.0,6453
1985-12-20,260.0,260.0,260.0,,16.0,6453
1985-12-21,260.0,260.0,260.0,,16.0,6453
1985-12-22,260.0,260.0,260.0,,16.0,6453
1985-12-23,260.0,260.0,260.0,,16.0,6453
1985-12-24,260.0,260.0,260.0,,16.0,6453
1985-12-25,260.0,260.0,260.0,,16.0,6453
1985-12-26,260.0,260.0,260.0,,16.0,6453
1985-12-27,260.0,260.0,260.0,,16.0,6453
1985-12-28,258.0,258.0,258.0,,16.0,6453
1985-12-29,258.0,258.0,258.0,,16.0,6453
1985-12-30,258.0,258.0,258.0,,16.0,6453
1985-12-31,258.0,258.0,258.0,,16.0,6453
1986-01-01,259.0,259.0,259.0,,16.0,6453
1986-01-02,259.0,259.0,259.0,,16.0,6453
1986-01-03,258.0,258.0,258.0,,16.0,6453
1986-01-04,258.0,258.0,258.0,,16.0,6453
1986-01-05,258.0,258.0,258.0,,16.0,6453
1986-01-06,258.0,258.0,258.0,,16.0,6453
1986-01-07,258.0,258.0,258.0,,16.0,6453
1986-01-08,258.0,258.0,258.0,,16.0,6453
1986-01-09,258.0,258.0,258.0,,16.0,6453
1986-01-10,258.0,258.0,258.0,,16.0,6453
1986-01-11,258.0,258.0,258.0,,16.0,6453
1986-01-12,259.0,259.0,259.0,,16.0,6453
1986-01-13,261.0,261.0,261.0,,16.0,6453
1986-01-14,264.0,264.0,264.0,,16.0,6453
1986-01-15,265.0,265.0,265.0,,16.0,6453
1986-01-16,266.0,266.0,266.0,,16.0,6453
1986-01-17,269.0,269.0,269.0,,16.0,6453
1986-01-18,271.0,271.0,271.0,,16.0,6453
1986-01-19,273.0,273.0,273.0,,16.0,6453
1986-01-20,273.0,273.0,273.0,,16.0,6453
1986-01-21,273.0,273.0,273.0,,16.0,6453
1986-01-22,273.0,273.0,273.0,,16.0,6453
1986-01-23,269.0,269.0,269.0,,16.0,6453
1986-01-24,269.0,269.0,269.0,,16.0,6453
1986-01-25,268.0,268.0,268.0,,16.0,6453
1986-01-26,267.0,267.0,267.0,,16.0,6453
1986-01-27,267.0,267.0,267.0,,16.0,6453
1986-01-28,267.0,267.0,267.0,,16.0,6453
1986-01-29,266.0,266.0,266.0,,16.0,6453
1986-01-30,266.0,266.0,266.0,,16.0,6453
1986-01-31,265.0,265.0,265.0,,16.0,6453
1986-02-01,260.0,260.0,260.0,,16.0,6453
1986-02-02,254.0,254.0,254.0,,16.0,6453
1986-02-03,260.0,260.0,260.0,,16.0,6453
1986-02-04,260.0,260.0,260.0,,16.0,6453
1986-02-05,260.0,260.0,260.0,,16.0,6453
1986-02-06,259.0,259.0,259.0,,16.0,6453
1986-02-07,259.0,259.0,259.0,,16.0,6453
1986-02-08,259.0,259.0,259.0,,16.0,6453
1986-02-09,259.0,259.0,259.0,,16.0,6453
1986-02-10,258.0,258.0,258.0,,16.0,6453
1986-02-11,258.0,258.0,258.0,,16.0,6453
1986-02-12,258.0,258.0,258.0,,16.0,6453
1986-02-13,258.0,258.0,258.0,,16.0,6453
1986-02-14,257.0,257.0,257.0,,16.0,6453
1986-02-15,257.0,257.0,257.0,,16.0,6453
1986-02-16,257.0,257.0,257.0,,16.0,6453
1986-02-17,257.0,257.0,257.0,,16.0,6453
1986-02-18,257.0,257.0,257.0,,16.0,6453
1986-02-19,257.0,257.0,257.0,,16.0,6453
1986-02-20,257.0,257.0,257.0,,16.0,6453
1986-02-21,257.0,257.0,257.0,,16.0,6453
1986-02-22,258.0,258.0,258.0,,16.0,6453
1986-02-23,258.0,258.0,258.0,,16.0,6453
1986-02-24,259.0,259.0,259.0,,16.0,6453
1986-02-25,259.0,259.0,259.0,,16.0,6453
1986-02-26,259.0,259.0,259.0,,16.0,6453
1986-02-27,260.0,260.0,260.0,,16.0,6453
1986-02-28,260.0,260.0,260.0,,16.0,6453
1986-03-01,260.0,260.0,260.0,,16.0,6453
1986-03-02,262.0,262.0,262.0,,16.0,6453
1986-03-03,262.0,262.0,262.0,,16.0,6453
1986-03-04,262.0,262.0,262.0,,16.0,6453
1986-03-05,262.0,262.0,262.0,,16.0,6453
1986-03-06,262.0,262.0,262.0,,16.0,6453
1986-03-07,262.0,262.0,262.0,,16.0,6453
1986-03-08,262.0,262.0,262.0,,16.0,6453
1986-03-09,265.0,265.0,265.0,,16.0,6453
1986-03-10,265.0,265.0,265.0,,16.0,6453
1986-03-11,265.0,265.0,265.0,,16.0,6453
1986-03-12,263.0,263.0,263.0,,16.0,6453
1986-03-13,263.0,263.0,263.0,,16.0,6453
1986-03-14,260.0,260.0,260.0,,16.0,6453
1986-03-15,258.0,258.0,258.0,,16.0,6453
1986-03-16,257.0,257.0,257.0,,16.0,6453
1986-03-17,257.0,257.0,257.0,,16.0,6453
1986-03-18,255.0,255.0,255.0,,16.0,6453
1986-03-19,255.0,255.0,255.0,,16.0,6453
1986-03-20,255.0,255.0,255.0,,16.0,6453
1986-03-21,253.0,253.0,253.0,,16.0,6453
1986-03-22,253.0,253.0,253.0,,16.0,6453
1986-03-23,250.0,250.0,250.0,,16.0,6453
1986-03-24,248.0,248.0,248.0,,16.0,6453
1986-03-25,248.0,248.0,248.0,,16.0,6453
1986-03-26,245.0,245.0,245.0,,16.0,6453
1986-03-27,244.0,244.0,244.0,,16.0,6453
1986-03-28,244.0,244.0,244.0,,16.0,6453
1986-03-29,241.0,241.0,241.0,,16.0,6453
1986-03-30,240.0,240.0,240.0,,16.0,6453
1986-03-31,245.0,245.0,245.0,,16.0,6453
1986-04-01,250.0,250.0,250.0,,16.0,6453
1986-04-02,264.0,264.0,264.0,,16.0,6453
1986-04-03,264.0,264.0,264.0,,16.0,6453
1986-04-04,263.0,263.0,263.0,,16.0,6453
1986-04-05,257.0,257.0,257.0,,16.0,6453
1986-04-06,262.0,262.0,262.0,,16.0,6453
1986-04-07,262.0,262.0,262.0,,16.0,6453
1986-04-08,260.0,258.0,262.0,,16.0,6453
1986-04-09,254.0,254.0,254.0,,16.0,6453
1986-04-10,247.0,244.0,249.0,,16.0,6453
1986-04-11,239.0,238.0,239.0,,16.0,6453
1986-04-12,233.0,233.0,233.0,,16.0,6453
1986-04-13,234.0,234.0,234.0,,16.0,6453
1986-04-14,237.0,234.0,239.0,,16.0,6453
1986-04-15,244.0,242.0,245.0,,16.0,6453
1986-04-16,250.0,249.0,250.0,,16.0,6453
1986-04-17,250.0,250.0,250.0,,16.0,6453
1986-04-18,250.0,249.0,250.0,,16.0,6453
1986-04-19,249.0,249.0,249.0,,16.0,6453
1986-04-20,249.0,249.0,249.0,,16.0,6453
1986-04-21,256.0,254.0,258.0,,47.0,6453
1986-04-22,281.0,279.0,283.0,,47.0,6453
1986-04-23,277.0,270.0,283.0,,23.47,6453
1986-04-24,275.0,271.0,279.0,,23.47,6453
1986-04-25,279.0,279.0,279.0,,23.47,6453
1986-04-26,272.0,265.0,279.0,,23.47,6453
1986-04-27,268.0,266.0,269.0,,23.47,6453
1986-04-28,265.0,264.0,266.0,,23.47,6453
1986-04-29,263.0,262.0,263.0,,23.47,6453
1986-04-30,264.0,263.0,264.0,,23.47,6453
1986-05-01,267.0,265.0,269.0,0.1,9.27,6453
1986-05-02,284.0,278.0,290.0,0.3,27.0,6453
1986-05-03,285.0,265.0,305.0,0.2,27.0,6453
1986-05-04,279.0,273.0,284.0,0.3,27.0,6453
1986-05-05,320.0,310.0,330.0,0.4,29.0,6453
1986-05-06,361.0,350.0,372.0,0.3,29.0,6453
1986-05-07,374.0,358.0,389.0,0.2,29.0,6453
1986-05-08,319.0,294.0,344.0,0.2,29.0,6453
1986-05-09,267.0,254.0,279.0,0.2,29.0,6453
1986-05-10,248.0,248.0,248.0,0.4,29.0,6453
1986-05-11,240.0,239.0,241.0,0.3,29.0,6453
1986-05-12,240.0,239.0,240.0,0.3,29.0,6453
1986-05-13,236.0,235.0,237.0,0.3,29.0,6453
1986-05-14,233.0,233.0,233.0,0.4,29.0,6453
1986-05-15,233.0,233.0,233.0,0.4,29.0,6453
1986-05-16,232.0,232.0,232.0,0.4,29.0,6453
1986-05-17,231.0,230.0,231.0,0.4,29.0,6453
1986-05-18,230.0,229.0,230.0,0.3,29.0,6453
1986-05-19,218.0,216.0,220.0,0.4,29.0,6453
1986-05-20,216.0,212.0,219.0,0.4,29.0,6453
1986-05-21,219.0,217.0,220.0,0.3,29.0,6453
1986-05-22,214.0,213.0,215.0,0.5,29.0,6453
1986-05-23,226.0,221.0,231.0,0.6,29.0,6453
1986-05-24,251.0,250.0,251.0,2.6,29.0,6453
1986-05-25,241.0,233.0,249.0,3.9,29.0,6453
1986-05-26,212.0,210.0,214.0,5.1,29.0,6453
1986-05-27,211.0,209.0,212.0,4.4,29.0,6453
1986-05-28,291.0,280.0,301.0,5.9,29.0,6453
1986-05-29,308.0,303.0,312.0,5.6,29.0,6453
1986-05-30,301.0,262.0,340.0,5.7,29.0,6453
1986-05-31,223.0,212.0,234.0,5.5,29.0,6453
1986-06-01,337.0,337.0,337.0,,29.0,6453
1986-06-02,337.0,337.0,337.0,,29.0,6453
1986-06-03,337.0,337.0,337.0,,29.0,6453
1986-06-04,343.0,337.0,348.0,,29.0,6453
1986-06-05,356.0,356.0,356.0,,29.0,6453
1986-06-06,357.0,356.0,357.0,,29.0,6453
1986-06-07,347.0,339.0,354.0,,29.0,6453
1986-06-08,327.0,327.0,327.0,,29.0,6453
1986-06-09,268.0,265.0,270.0,,29.0,6453
1986-06-10,253.0,250.0,256.0,,29.0,6453
1986-06-11,243.0,243.0,243.0,,29.0,6453
1986-06-12,246.0,243.0,249.0,,29.0,6453
1986-06-13,249.0,249.0,249.0,,29.0,6453
1986-06-14,248.0,246.0,249.0,,29.0,6453
1986-06-15,247.0,246.0,247.0,,29.0,6453
1986-06-16,256.0,255.0,257.0,,29.0,6453
1986-06-17,260.0,260.0,260.0,,29.0,6453
1986-06-18,261.0,261.0,261.0,,29.0,6453
1986-06-19,260.0,259.0,261.0,,29.0,6453
1986-06-20,257.0,256.0,257.0,,29.0,6453
1986-06-21,252.0,246.0,257.0,,29.0,6453
1986-06-22,296.0,266.0,326.0,,29.0,6453
1986-06-23,371.0,357.0,385.0,,29.0,6453
1986-06-24,451.0,446.0,456.0,,29.0,6453
1986-06-25,419.0,382.0,456.0,,29.0,6453
1986-06-26,363.0,358.0,368.0,,29.0,6453
1986-06-27,294.0,289.0,299.0,,29.0,6453
1986-06-28,286.0,273.0,299.0,,29.0,6453
1986-06-29,244.0,224.0,264.0,,29.0,6453
1986-06-30,224.0,224.0,224.0,,29.0,6453
1986-07-01,238.0,230.0,245.0,,29.0,6453
1986-07-02,228.0,223.0,232.0,,29.0,6453
1986-07-03,231.0,230.0,232.0,,29.0,6453
1986-07-04,227.0,226.0,228.0,,29.0,6453
1986-07-05,224.0,224.0,224.0,,29.0,6453
1986-07-06,224.0,224.0,224.0,,29.0,6453
1986-07-07,224.0,224.0,224.0,,29.0,6453
1986-07-08,224.0,224.0,224.0,,29.0,6453
1986-07-09,222.0,220.0,223.0,,29.0,6453
1986-07-10,231.0,230.0,232.0,,29.0,6453
1986-07-11,369.0,333.0,404.0,,29.0,6453
1986-07-12,270.0,240.0,300.0,,29.0,6453
1986-07-13,236.0,235.0,237.0,,29.0,6453
1986-07-14,235.0,230.0,239.0,,29.0,6453
1986-07-15,226.0,224.0,228.0,,29.0,6453
1986-07-16,221.0,221.0,221.0,,29.0,6453
1986-07-17,225.0,221.0,228.0,,29.0,6453
1986-07-18,234.0,226.0,241.0,,29.0,6453
1986-07-19,244.0,241.0,247.0,,29.0,6453
1986-07-20,251.0,246.0,256.0,,29.0,6453
1986-07-21,271.0,252.0,289.0,,29.0,6453
1986-07-22,290.0,282.0,298.0,,29.0,6453
1986-07-23,264.0,225.0,302.0,,29.0,6453
1986-07-24,224.0,224.0,224.0,,29.0,6453
1986-07-25,224.0,223.0,224.0,,29.0,6453
1986-07-26,222.0,222.0,222.0,,29.0,6453
1986-07-27,226.0,222.0,229.0,,29.0,6453
1986-07-28,234.0,234.0,234.0,,29.0,6453
1986-07-29,358.0,238.0,477.0,,29.0,6453
1986-07-30,436.0,412.0,459.0,,29.0,6453
1986-07-31,362.0,361.0,363.0,,29.0,6453
1986-08-01,355.0,355.0,355.0,15.1,29.0,6453
1986-08-02,362.0,355.0,368.0,15.1,29.0,6453
1986-08-03,377.0,373.0,380.0,15.2,29.0,6453
1986-08-04,364.0,364.0,364.0,14.6,29.0,6453
1986-08-05,359.0,357.0,361.0,14.8,29.0,6453
1986-08-06,357.0,357.0,357.0,15.4,29.0,6453
1986-08-07,299.0,297.0,300.0,15.0,29.0,6453
1986-08-08,297.0,297.0,297.0,15.0,29.0,6453
1986-08-09,290.0,283.0,297.0,15.3,29.0,6453
1986-08-10,273.0,273.0,273.0,14.6,29.0,6453
1986-08-11,281.0,281.0,281.0,14.5,29.0,6453
1986-08-12,295.0,282.0,307.0,14.3,29.0,6453
1986-08-13,336.0,322.0,349.0,14.7,29.0,6453
1986-08-14,445.0,367.0,522.0,12.3,29.0,6453
1986-08-15,509.0,495.0,522.0,12.6,29.0,6453
1986-08-16,469.0,459.0,479.0,12.4,29.0,6453
1986-08-17,422.0,389.0,455.0,12.4,29.0,6453
1986-08-18,399.0,399.0,399.0,12.9,29.0,6453
1986-08-19,392.0,384.0,399.0,13.2,29.0,6453
1986-08-20,360.0,354.0,366.0,12.9,29.0,6453
1986-08-21,335.0,326.0,344.0,12.2,29.0,6453
1986-08-22,311.0,300.0,321.0,11.3,29.0,6453
1986-08-23,329.0,327.0,331.0,12.1,29.0,6453
1986-08-24,369.0,363.0,374.0,11.4,29.0,6453
1986-08-25,378.0,374.0,381.0,11.2,29.0,6453
1986-08-26,383.0,382.0,384.0,10.8,29.0,6453
1986-08-27,319.0,316.0,322.0,9.9,29.0,6453
1986-08-28,322.0,322.0,322.0,9.6,29.0,6453
1986-08-29,319.0,317.0,320.0,10.6,29.0,6453
1986-08-30,266.0,266.0,266.0,9.7,29.0,6453
1986-08-31,266.0,266.0,266.0,10.7,29.0,6453
1986-09-01,266.0,266.0,266.0,10.2,29.0,6453
1986-09-02,266.0,266.0,266.0,10.4,29.0,6453
1986-09-03,266.0,266.0,266.0,9.6,29.0,6453
1986-09-04,266.0,266.0,266.0,9.6,29.0,6453
1986-09-05,266.0,266.0,266.0,10.4,29.0,6453
1986-09-06,266.0,266.0,266.0,9.5,29.0,6453
1986-09-07,265.0,265.0,265.0,9.6,29.0,6453
1986-09-08,265.0,265.0,265.0,9.7,29.0,6453
1986-09-09,265.0,265.0,265.0,9.7,29.0,6453
1986-09-10,265.0,265.0,265.0,9.0,29.0,6453
1986-09-11,263.0,263.0,263.0,7.9,29.0,6453
1986-09-12,263.0,263.0,263.0,8.0,29.0,6453
1986-09-13,262.0,262.0,262.0,6.9,29.0,6453
1986-09-14,262.0,262.0,262.0,7.0,29.0,6453
1986-09-15,262.0,262.0,262.0,7.3,29.0,6453
1986-09-16,261.0,261.0,261.0,6.7,29.0,6453
1986-09-17,270.0,270.0,270.0,6.8,29.0,6453
1986-09-18,270.0,269.0,270.0,6.7,29.0,6453
1986-09-19,268.0,268.0,268.0,6.5,29.0,6453
1986-09-20,268.0,268.0,268.0,6.2,29.0,6453
1986-09-21,266.0,265.0,266.0,5.7,29.0,6453
1986-09-22,264.0,263.0,265.0,5.4,29.0,6453
1986-09-23,262.0,261.0,263.0,5.0,29.0,6453
1986-09-24,257.0,257.0,257.0,4.9,29.0,6453
1986-09-25,259.0,257.0,261.0,4.4,29.0,6453
1986-09-26,261.0,261.0,261.0,4.6,29.0,6453
1986-09-27,264.0,264.0,264.0,4.8,29.0,6453
1986-09-28,286.0,271.0,301.0,4.8,29.0,6453
1986-09-29,307.0,301.0,312.0,3.7,29.0,6453
1986-09-30,306.0,306.0,306.0,3.4,29.0,6453
1986-10-01,290.0,290.0,290.0,3.3,29.0,6453
1986-10-02,291.0,291.0,291.0,3.4,29.0,6453
1986-10-03,281.0,280.0,281.0,2.5,29.0,6453
1986-10-04,274.0,273.0,274.0,3.3,29.0,6453
1986-10-05,273.0,272.0,273.0,3.6,29.0,6453
1986-10-06,266.0,264.0,267.0,3.6,29.0,6453
1986-10-07,261.0,261.0,261.0,3.4,29.0,6453
1986-10-08,261.0,261.0,261.0,3.4,29.0,6453
1986-10-09,261.0,261.0,261.0,3.4,29.0,6453
1986-10-10,259.0,259.0,259.0,3.1,29.0,6453
1986-10-11,257.0,256.0,258.0,3.1,29.0,6453
1986-10-12,256.0,256.0,256.0,2.8,29.0,6453
1986-10-13,264.0,264.0,264.0,3.0,29.0,6453
1986-10-14,264.0,264.0,264.0,3.4,29.0,6453
1986-10-15,264.0,264.0,264.0,2.6,29.0,6453
1986-10-16,252.0,251.0,253.0,2.1,29.0,6453
1986-10-17,250.0,250.0,250.0,1.4,29.0,6453
1986-10-18,250.0,250.0,250.0,0.6,29.0,6453
1986-10-19,250.0,250.0,250.0,0.3,2.0,6453
1986-10-20,250.0,250.0,250.0,0.0,,6453
1986-10-21,249.0,249.0,249.0,0.0,,6453
1986-10-22,249.0,249.0,249.0,0.0,,6453
1986-10-23,249.0,249.0,249.0,0.0,,6453
1986-10-24,249.0,249.0,249.0,0.0,,6453
1986-10-25,249.0,249.0,249.0,0.0,,6453
1986-10-26,245.0,241.0,249.0,0.0,,6453
1986-10-27,246.0,240.0,251.0,0.0,,6453
1986-10-28,251.0,251.0,251.0,0.0,,6453
1986-10-29,263.0,251.0,274.0,0.0,,6453
1986-10-30,258.0,247.0,268.0,0.0,15.0,6453
1986-10-31,260.0,260.0,260.0,0.0,15.0,6453
1986-11-01,250.0,249.0,250.0,,15.0,6453
1986-11-02,248.0,246.0,249.0,,15.0,6453
1986-11-03,257.0,257.0,257.0,,15.0,6453
1986-11-04,259.0,257.0,260.0,,15.0,6453
1986-11-05,260.0,260.0,260.0,,15.0,6453
1986-11-06,263.0,260.0,265.0,,15.0,6453
1986-11-07,267.0,265.0,268.0,,15.0,6453
1986-11-08,268.0,268.0,268.0,,15.0,6453
1986-11-09,268.0,268.0,268.0,,15.0,6453
1986-11-10,269.0,268.0,270.0,,15.0,6453
1986-11-11,270.0,270.0,270.0,,15.0,6453
1986-11-12,266.0,263.0,268.0,,15.0,6453
1986-11-13,260.0,259.0,260.0,,15.0,6453
1986-11-14,266.0,259.0,273.0,,15.0,6453
1986-11-15,273.0,273.0,273.0,,15.0,6453
1986-11-16,269.0,267.0,270.0,,15.0,6453
1986-11-17,268.0,267.0,269.0,,15.0,6453
1986-11-18,269.0,269.0,269.0,,15.0,6453
1986-11-19,271.0,271.0,271.0,,15.0,6453
1986-11-20,271.0,271.0,271.0,,15.0,6453
1986-11-21,267.0,263.0,270.0,,15.0,6453
1986-11-22,263.0,263.0,263.0,,15.0,6453
1986-11-23,262.0,261.0,263.0,,15.0,6453
1986-11-24,261.0,260.0,261.0,,15.0,6453
1986-11-25,260.0,260.0,260.0,,15.0,6453
1986-11-26,263.0,260.0,265.0,,15.0,6453
1986-11-27,271.0,271.0,271.0,,16.0,6453
1986-11-28,271.0,271.0,271.0,,16.0,6453
1986-11-29,271.0,271.0,271.0,,16.0,6453
1986-11-30,271.0,271.0,271.0,,16.0,6453
1986-12-01,269.0,269.0,269.0,,16.0,6453
1986-12-02,268.0,268.0,268.0,,16.0,6453
1986-12-03,266.0,266.0,266.0,,16.0,6453
1986-12-04,264.0,264.0,264.0,,16.0,6453
1986-12-05,269.0,269.0,269.0,,16.0,6453
1986-12-06,264.0,264.0,264.0,,16.0,6453
1986-12-07,260.0,260.0,260.0,,16.0,6453
1986-12-08,260.0,260.0,260.0,,16.0,6453
1986-12-09,256.0,256.0,256.0,,16.0,6453
1986-12-10,256.0,256.0,256.0,,16.0,6453
1986-12-11,256.0,256.0,256.0,,16.0,6453
1986-12-12,252.0,252.0,252.0,,16.0,6453
1986-12-13,252.0,252.0,252.0,,16.0,6453
1986-12-14,251.0,251.0,251.0,,16.0,6453
1986-12-15,251.0,251.0,251.0,,16.0,6453
1986-12-16,251.0,251.0,251.0,,16.0,6453
1986-12-17,251.0,251.0,251.0,,16.0,6453
1986-12-18,250.0,250.0,250.0,,16.0,6453
1986-12-19,250.0,250.0,250.0,,16.0,6453
1986-12-20,250.0,250.0,250.0,,16.0,6453
1986-12-21,250.0,250.0,250.0,,16.0,6453
1986-12-22,250.0,250.0,250.0,,16.0,6453
1986-12-23,250.0,250.0,250.0,,16.0,6453
1986-12-24,250.0,250.0,250.0,,16.0,6453
1986-12-25,250.0,250.0,250.0,,16.0,6453
1986-12-26,250.0,250.0,250.0,,16.0,6453
1986-12-27,250.0,250.0,250.0,,16.0,6453
1986-12-28,249.0,249.0,249.0,,16.0,6453
1986-12-29,249.0,249.0,249.0,,16.0,6453
1986-12-30,249.0,249.0,249.0,,16.0,6453
1986-12-31,249.0,249.0,249.0,,16.0,6453
1987-01-01,249.0,249.0,249.0,,16.0,6453
1987-01-02,249.0,249.0,249.0,,16.0,6453
1987-01-03,249.0,249.0,249.0,,16.0,6453
1987-01-04,247.0,247.0,247.0,,16.0,6453
1987-01-05,247.0,247.0,247.0,,16.0,6453
1987-01-06,247.0,247.0,247.0,,16.0,6453
1987-01-07,247.0,247.0,247.0,,16.0,6453
1987-01-08,247.0,247.0,247.0,,16.0,6453
1987-01-09,245.0,245.0,245.0,,16.0,6453
1987-01-10,245.0,245.0,245.0,,16.0,6453
1987-01-11,244.0,244.0,244.0,,16.0,6453
1987-01-12,244.0,244.0,244.0,,16.0,6453
1987-01-13,244.0,244.0,244.0,,16.0,6453
1987-01-14,242.0,242.0,242.0,,16.0,6453
1987-01-15,242.0,242.0,242.0,,16.0,6453
1987-01-16,242.0,242.0,242.0,,16.0,6453
1987-01-17,242.0,242.0,242.0,,16.0,6453
1987-01-18,242.0,242.0,242.0,,16.0,6453
1987-01-19,242.0,242.0,242.0,,16.0,6453
1987-01-20,242.0,242.0,242.0,,16.0,6453
1987-01-21,238.0,238.0,238.0,,16.0,6453
1987-01-22,238.0,238.0,238.0,,16.0,6453
1987-01-23,238.0,238.0,238.0,,16.0,6453
1987-01-24,232.0,232.0,232.0,,16.0,6453
1987-01-25,232.0,232.0,232.0,,16.0,6453
1987-01-26,232.0,232.0,232.0,,16.0,6453
1987-01-27,232.0,232.0,232.0,,16.0,6453
1987-01-28,232.0,232.0,232.0,,16.0,6453
1987-01-29,230.0,230.0,230.0,,16.0,6453
1987-01-30,230.0,230.0,230.0,,16.0,6453
1987-01-31,230.0,230.0,230.0,,16.0,6453
1987-02-01,230.0,230.0,230.0,,16.0,6453
1987-02-02,230.0,230.0,230.0,,16.0,6453
1987-02-03,230.0,230.0,230.0,,16.0,6453
1987-02-04,230.0,230.0,230.0,,16.0,6453
1987-02-05,230.0,230.0,230.0,,16.0,6453
1987-02-06,230.0,230.0,230.0,,16.0,6453
1987-02-07,230.0,230.0,230.0,,16.0,6453
1987-02-08,229.0,229.0,229.0,,16.0,6453
1987-02-09,229.0,229.0,229.0,,16.0,6453
1987-02-10,229.0,229.0,229.0,,16.0,6453
1987-02-11,229.0,229.0,229.0,,16.0,6453
1987-02-12,229.0,229.0,229.0,,16.0,6453
1987-02-13,230.0,230.0,230.0,,16.0,6453
1987-02-14,230.0,230.0,230.0,,16.0,6453
1987-02-15,232.0,232.0,232.0,,16.0,6453
1987-02-16,232.0,232.0,232.0,,16.0,6453
1987-02-17,232.0,232.0,232.0,,16.0,6453
1987-02-18,230.0,230.0,230.0,,16.0,6453
1987-02-19,230.0,230.0,230.0,,16.0,6453
1987-02-20,228.0,228.0,228.0,,16.0,6453
1987-02-21,228.0,228.0,228.0,,16.0,6453
1987-02-22,228.0,228.0,228.0,,16.0,6453
1987-02-23,228.0,228.0,228.0,,16.0,6453
1987-02-24,225.0,225.0,225.0,,16.0,6453
1987-02-25,225.0,225.0,225.0,,16.0,6453
1987-02-26,224.0,224.0,224.0,,16.0,6453
1987-02-27,224.0,224.0,224.0,,16.0,6453
1987-02-28,223.0,223.0,223.0,,16.0,6453
1987-03-01,223.0,223.0,223.0,,16.0,6453
1987-03-02,223.0,223.0,223.0,,16.0,6453
1987-03-03,223.0,223.0,223.0,,16.0,6453
1987-03-04,223.0,223.0,223.0,,16.0,6453
1987-03-05,223.0,223.0,223.0,,16.0,6453
1987-03-06,221.0,221.0,221.0,,16.0,6453
1987-03-07,223.0,223.0,223.0,,16.0,6453
1987-03-08,220.0,220.0,220.0,,16.0,6453
1987-03-09,212.0,212.0,212.0,,16.0,6453
1987-03-10,211.0,211.0,211.0,,16.33,6453
1987-03-11,211.0,211.0,211.0,,16.33,6453
1987-03-12,208.0,208.0,208.0,,16.33,6453
1987-03-13,217.0,217.0,217.0,,16.33,6453
1987-03-14,218.0,218.0,218.0,,16.33,6453
1987-03-15,221.0,221.0,221.0,,16.33,6453
1987-03-16,221.0,221.0,221.0,,16.33,6453
1987-03-17,222.0,222.0,222.0,,16.33,6453
1987-03-18,222.0,222.0,222.0,,16.33,6453
1987-03-19,222.0,222.0,222.0,,16.33,6453
1987-03-20,222.0,222.0,222.0,,16.33,6453
1987-03-21,222.0,222.0,222.0,,16.33,6453
1987-03-22,222.0,222.0,222.0,,16.33,6453
1987-03-23,222.0,222.0,222.0,,16.33,6453
1987-03-24,222.0,222.0,222.0,,16.33,6453
1987-03-25,226.0,226.0,226.0,,16.33,6453
1987-03-26,226.0,226.0,226.0,,16.33,6453
1987-03-27,229.0,229.0,229.0,,16.33,6453
1987-03-28,229.0,229.0,229.0,,16.33,6453
1987-03-29,229.0,229.0,229.0,,16.33,6453
1987-03-30,230.0,230.0,230.0,,16.33,6453
1987-03-31,230.0,230.0,230.0,,16.33,6453
1987-04-01,230.0,230.0,230.0,0.0,16.0,6453
1987-04-02,230.0,230.0,230.0,0.0,16.0,6453
1987-04-03,230.0,230.0,230.0,0.0,16.0,6453
1987-04-04,227.0,227.0,227.0,0.0,16.0,6453
1987-04-05,227.0,226.0,227.0,0.0,16.0,6453
1987-04-06,229.0,229.0,229.0,0.0,16.0,6453
1987-04-07,226.0,226.0,226.0,0.0,16.0,6453
1987-04-08,230.0,230.0,230.0,0.0,16.0,6453
1987-04-09,229.0,227.0,231.0,0.0,16.0,6453
1987-04-10,221.0,221.0,221.0,0.0,16.0,6453
1987-04-11,221.0,221.0,221.0,0.0,16.0,6453
1987-04-12,221.0,221.0,221.0,0.0,16.0,6453
1987-04-13,222.0,222.0,222.0,0.0,16.0,6453
1987-04-14,228.0,222.0,234.0,0.0,16.0,6453
1987-04-15,233.0,232.0,234.0,0.0,24.16,6453
1987-04-16,233.0,233.0,233.0,0.0,24.0,6453
1987-04-17,248.0,234.0,262.0,0.0,24.0,6453
1987-04-18,271.0,270.0,272.0,0.0,24.0,6453
1987-04-19,261.0,261.0,261.0,0.0,24.0,6453
1987-04-20,265.0,258.0,271.0,0.0,24.0,6453
1987-04-21,255.0,254.0,256.0,0.0,24.0,6453
1987-04-22,260.0,260.0,260.0,0.0,24.0,6453
1987-04-23,257.0,254.0,260.0,0.0,24.0,6453
1987-04-24,248.0,246.0,249.0,0.0,24.0,6453
1987-04-25,247.0,244.0,250.0,0.0,24.0,6453
1987-04-26,260.0,260.0,260.0,0.0,24.0,6453
1987-04-27,256.0,256.0,256.0,0.0,24.16,6453
1987-04-28,256.0,256.0,256.0,0.0,23.24,6453
1987-04-29,253.0,250.0,256.0,0.0,23.24,6453
1987-04-30,265.0,260.0,270.0,0.0,23.24,6453
1987-05-01,284.0,280.0,287.0,,23.47,6453
1987-05-02,264.0,262.0,265.0,,23.47,6453
1987-05-03,265.0,265.0,265.0,,23.47,6453
1987-05-04,261.0,258.0,263.0,,23.47,6453
1987-05-05,255.0,252.0,258.0,,23.47,6453
1987-05-06,256.0,256.0,256.0,,23.47,6453
1987-05-07,256.0,256.0,256.0,,23.47,6453
1987-05-08,257.0,254.0,259.0,,23.47,6453
1987-05-09,245.0,229.0,260.0,,23.47,6453
1987-05-10,335.0,316.0,354.0,,23.47,6453
1987-05-11,325.0,322.0,328.0,,23.47,6453
1987-05-12,332.0,330.0,333.0,,26.25,6453
1987-05-13,315.0,305.0,325.0,,,6453
1987-05-14,264.0,260.0,268.0,,8.0,6453
1987-05-15,259.0,259.0,259.0,,27.0,6453
1987-05-16,259.0,259.0,259.0,,27.0,6453
1987-05-17,261.0,259.0,262.0,,29.27,6453
1987-05-18,268.0,266.0,270.0,,29.0,6453
1987-05-19,270.0,268.0,272.0,,29.0,6453
1987-05-20,285.0,281.0,288.0,,29.0,6453
1987-05-21,310.0,290.0,329.0,,29.0,6453
1987-05-22,406.0,403.0,408.0,,29.0,6453
1987-05-23,342.0,342.0,342.0,,29.0,6453
1987-05-24,336.0,335.0,337.0,,29.0,6453
1987-05-25,336.0,333.0,339.0,,29.0,6453
1987-05-26,364.0,360.0,367.0,,29.0,6453
1987-05-27,337.0,337.0,337.0,,29.0,6453
1987-05-28,339.0,336.0,341.0,,29.0,6453
1987-05-29,449.0,438.0,459.0,,29.0,6453
1987-05-30,439.0,416.0,461.0,,29.0,6453
1987-05-31,376.0,364.0,387.0,,29.0,6453
1987-06-01,378.0,344.0,411.0,,29.0,6453
1987-06-02,474.0,470.0,522.0,,29.0,6453
1987-06-03,460.0,452.0,467.0,,29.0,6453
1987-06-04,392.0,388.0,396.0,,29.0,6453
1987-06-05,379.0,377.0,380.0,,29.0,6453
1987-06-06,437.0,386.0,512.0,,29.0,6453
1987-06-07,407.0,388.0,426.0,,29.0,6453
1987-06-08,384.0,381.0,386.0,,29.0,6453
1987-06-09,376.0,376.0,376.0,,29.0,6453
1987-06-10,379.0,376.0,381.0,,29.0,6453
1987-06-11,365.0,365.0,365.0,,29.0,6453
1987-06-12,363.0,360.0,365.0,,29.0,6453
1987-06-13,360.0,360.0,360.0,,29.0,6453
1987-06-14,360.0,359.0,360.0,,29.0,6453
1987-06-15,351.0,346.0,356.0,,29.0,6453
1987-06-16,334.0,330.0,338.0,,29.0,6453
1987-06-17,318.0,310.0,326.0,,29.0,6453
1987-06-18,311.0,306.0,316.0,,29.0,6453
1987-06-19,287.0,285.0,288.0,,29.0,6453
1987-06-20,284.0,284.0,284.0,,29.0,6453
1987-06-21,283.0,281.0,284.0,,29.0,6453
1987-06-22,280.0,280.0,280.0,,29.0,6453
1987-06-23,298.0,280.0,315.0,,29.0,6453
1987-06-24,324.0,323.0,325.0,,29.0,6453
1987-06-25,380.0,380.0,380.0,,29.0,6453
1987-06-26,380.0,380.0,380.0,,29.0,6453
1987-06-27,385.0,380.0,389.0,,29.0,6453
1987-06-28,419.0,399.0,447.0,,29.0,6453
1987-06-29,530.0,441.0,652.0,,29.0,6453
1987-06-30,462.0,461.0,462.0,,29.0,6453
1987-07-01,478.0,455.0,501.0,,29.0,6453
1987-07-02,459.0,456.0,462.0,,29.0,6453
1987-07-03,438.0,431.0,444.0,,29.0,6453
1987-07-04,408.0,388.0,427.0,,29.0,6453
1987-07-05,386.0,382.0,390.0,,29.0,6453
1987-07-06,385.0,385.0,385.0,,29.0,6453
1987-07-07,384.0,382.0,385.0,,29.0,6453
1987-07-08,379.0,377.0,381.0,,29.0,6453
1987-07-09,372.0,372.0,372.0,,29.0,6453
1987-07-10,372.0,371.0,372.0,,29.0,6453
1987-07-11,358.0,358.0,358.0,,29.0,6453
1987-07-12,359.0,355.0,362.0,,29.0,6453
1987-07-13,360.0,360.0,360.0,,29.0,6453
1987-07-14,420.0,360.0,480.0,,29.0,6453
1987-07-15,432.0,430.0,433.0,,29.0,6453
1987-07-16,381.0,364.0,398.0,,29.0,6453
1987-07-17,347.0,347.0,347.0,,29.0,6453
1987-07-18,346.0,345.0,347.0,,29.0,6453
1987-07-19,342.0,340.0,343.0,,29.0,6453
1987-07-20,410.0,348.0,472.0,,29.0,6453
1987-07-21,418.0,394.0,442.0,,29.0,6453
1987-07-22,388.0,387.0,388.0,,29.0,6453
1987-07-23,386.0,386.0,386.0,,29.0,6453
1987-07-24,391.0,390.0,391.0,,29.0,6453
1987-07-25,383.0,382.0,384.0,,29.0,6453
1987-07-26,396.0,387.0,404.0,,29.0,6453
1987-07-27,457.0,451.0,463.0,,29.0,6453
1987-07-28,401.0,401.0,401.0,,29.0,6453
1987-07-29,410.0,402.0,417.0,,29.0,6453
1987-07-30,433.0,412.0,453.0,,29.0,6453
1987-07-31,397.0,397.0,397.0,,29.0,6453
1987-08-01,398.0,397.0,399.0,8.8,29.0,6453
1987-08-02,401.0,401.0,401.0,9.4,29.0,6453
1987-08-03,401.0,400.0,402.0,8.0,29.0,6453
1987-08-04,395.0,392.0,398.0,8.5,29.0,6453
1987-08-05,383.0,380.0,386.0,9.7,29.0,6453
1987-08-06,367.0,360.0,373.0,8.2,29.0,6453
1987-08-07,359.0,353.0,364.0,8.7,29.0,6453
1987-08-08,341.0,341.0,341.0,9.1,29.0,6453
1987-08-09,330.0,320.0,340.0,10.9,29.0,6453
1987-08-10,321.0,318.0,324.0,10.8,29.0,6453
1987-08-11,330.0,327.0,332.0,11.8,29.0,6453
1987-08-12,330.0,327.0,333.0,10.9,29.0,6453
1987-08-13,336.0,328.0,343.0,11.3,29.0,6453
1987-08-14,358.0,350.0,365.0,12.4,29.0,6453
1987-08-15,370.0,367.0,373.0,13.5,29.0,6453
1987-08-16,353.0,344.0,361.0,15.0,29.0,6453
1987-08-17,331.0,328.0,333.0,15.5,29.0,6453
1987-08-18,318.0,316.0,320.0,13.7,29.0,6453
1987-08-19,329.0,324.0,334.0,12.4,29.0,6453
1987-08-20,334.0,333.0,335.0,12.6,29.0,6453
1987-08-21,327.0,323.0,330.0,12.4,29.0,6453
1987-08-22,314.0,310.0,317.0,12.2,29.0,6453
1987-08-23,304.0,302.0,306.0,12.8,29.0,6453
1987-08-24,295.0,293.0,296.0,11.8,29.0,6453
1987-08-25,294.0,293.0,294.0,11.0,29.0,6453
1987-08-26,300.0,294.0,306.0,11.9,29.0,6453
1987-08-27,310.0,304.0,315.0,10.9,29.0,6453
1987-08-28,319.0,319.0,319.0,10.3,29.0,6453
1987-08-29,321.0,317.0,324.0,11.5,29.0,6453
1987-08-30,344.0,341.0,347.0,10.9,29.0,6453
1987-08-31,376.0,360.0,391.0,10.3,29.0,6453
1987-09-01,448.0,430.0,465.0,9.3,29.0,6453
1987-09-02,390.0,376.0,404.0,7.8,29.0,6453
1987-09-03,355.0,349.0,360.0,8.6,29.0,6453
1987-09-04,455.0,373.0,537.0,8.5,29.0,6453
1987-09-05,547.0,539.0,570.0,6.9,29.0,6453
1987-09-06,449.0,425.0,473.0,6.9,29.0,6453
1987-09-07,392.0,382.0,401.0,7.0,29.0,6453
1987-09-08,363.0,357.0,368.0,7.3,29.0,6453
1987-09-09,341.0,336.0,346.0,7.2,29.0,6453
1987-09-10,330.0,326.0,334.0,7.5,29.0,6453
1987-09-11,321.0,319.0,323.0,8.0,29.0,6453
1987-09-12,324.0,319.0,329.0,7.9,29.0,6453
1987-09-13,436.0,417.0,454.0,6.9,29.0,6453
1987-09-14,411.0,403.0,419.0,6.5,29.0,6453
1987-09-15,387.0,380.0,394.0,5.9,29.0,6453
1987-09-16,360.0,359.0,360.0,5.3,29.0,6453
1987-09-17,349.0,346.0,351.0,6.1,29.0,6453
1987-09-18,343.0,341.0,344.0,6.3,29.0,6453
1987-09-19,333.0,331.0,335.0,5.9,29.0,6453
1987-09-20,323.0,318.0,327.0,6.7,29.0,6453
1987-09-21,318.0,317.0,318.0,6.6,29.0,6453
1987-09-22,319.0,318.0,320.0,6.2,29.0,6453
1987-09-23,352.0,331.0,372.0,5.5,29.0,6453
1987-09-24,369.0,366.0,372.0,5.4,29.0,6453
1987-09-25,341.0,337.0,345.0,5.1,29.0,6453
1987-09-26,329.0,326.0,331.0,5.2,29.0,6453
1987-09-27,325.0,324.0,325.0,4.6,29.0,6453
1987-09-28,328.0,328.0,328.0,4.5,29.0,6453
1987-09-29,326.0,324.0,327.0,4.2,29.0,6453
1987-09-30,318.0,315.0,320.0,3.7,29.0,6453
1987-10-01,313.0,312.0,313.0,4.1,29.0,6453
1987-10-02,312.0,308.0,316.0,4.6,29.0,6453
1987-10-03,354.0,346.0,361.0,4.0,29.0,6453
1987-10-04,351.0,345.0,357.0,3.4,29.0,6453
1987-10-05,332.0,327.0,336.0,3.4,29.0,6453
1987-10-06,320.0,318.0,321.0,4.5,29.0,6453
1987-10-07,392.0,344.0,440.0,3.5,29.0,6453
1987-10-08,397.0,382.0,412.0,2.5,29.0,6453
1987-10-09,353.0,344.0,362.0,2.0,29.0,6453
1987-10-10,328.0,326.0,330.0,1.1,29.0,6453
1987-10-11,317.0,315.0,319.0,1.0,29.0,6453
1987-10-12,306.0,305.0,307.0,1.1,29.0,6453
1987-10-13,299.0,297.0,300.0,0.8,29.0,6453
1987-10-14,293.0,290.0,295.0,0.8,29.0,6453
1987-10-15,286.0,284.0,287.0,0.9,29.0,6453
1987-10-16,281.0,279.0,282.0,0.9,29.0,6453
1987-10-17,277.0,277.0,277.0,1.3,29.0,6453
1987-10-18,276.0,276.0,276.0,1.4,29.0,6453
1987-10-19,273.0,272.0,274.0,1.3,29.0,6453
1987-10-20,270.0,269.0,270.0,0.8,29.0,6453
1987-10-21,267.0,266.0,267.0,0.8,4.0,6453
1987-10-22,265.0,264.0,265.0,0.6,4.0,6453
1987-10-23,262.0,261.0,262.0,0.3,,6453
1987-10-24,258.0,256.0,260.0,0.3,2.0,6453
1987-10-25,260.0,259.0,260.0,0.2,,6453
1987-10-26,258.0,257.0,259.0,0.1,,6453
1987-10-27,256.0,253.0,258.0,0.1,,6453
1987-10-28,254.0,251.0,256.0,0.2,2.0,6453
1987-10-29,254.0,252.0,255.0,0.2,,6453
1987-10-30,252.0,251.0,252.0,0.2,,6453
1987-10-31,258.0,251.0,264.0,0.0,,6453
1987-11-01,293.0,293.0,293.0,0.0,15.0,6453
1987-11-02,289.0,289.0,289.0,0.0,15.0,6453
1987-11-03,293.0,292.0,294.0,0.0,15.0,6453
1987-11-04,293.0,292.0,294.0,0.0,15.0,6453
1987-11-05,295.0,295.0,295.0,0.0,15.0,6453
1987-11-06,289.0,288.0,290.0,0.0,15.0,6453
1987-11-07,290.0,288.0,292.0,0.0,15.0,6453
1987-11-08,291.0,290.0,292.0,0.0,15.0,6453
1987-11-09,297.0,295.0,298.0,0.0,15.0,6453
1987-11-10,300.0,299.0,300.0,0.0,15.0,6453
1987-11-11,300.0,299.0,300.0,0.0,15.0,6453
1987-11-12,306.0,305.0,306.0,0.0,15.0,6453
1987-11-13,309.0,308.0,310.0,0.0,15.0,6453
1987-11-14,312.0,310.0,313.0,0.0,16.0,6453
1987-11-15,311.0,310.0,312.0,0.0,16.0,6453
1987-11-16,313.0,313.0,313.0,0.0,16.0,6453
1987-11-17,313.0,311.0,314.0,0.0,16.0,6453
1987-11-18,313.0,312.0,313.0,0.0,16.0,6453
1987-11-19,314.0,314.0,314.0,0.0,16.0,6453
1987-11-20,313.0,312.0,313.0,0.0,16.0,6453
1987-11-21,313.0,312.0,313.0,0.0,16.0,6453
1987-11-22,312.0,311.0,312.0,0.0,16.0,6453
1987-11-23,311.0,311.0,311.0,0.0,16.0,6453
1987-11-24,311.0,310.0,312.0,0.0,16.0,6453
1987-11-25,310.0,309.0,311.0,0.0,16.0,6453
1987-11-26,311.0,310.0,311.0,0.0,16.0,6453
1987-11-27,312.0,311.0,312.0,0.0,16.0,6453
1987-11-28,311.0,311.0,311.0,0.0,16.0,6453
1987-11-29,311.0,311.0,311.0,0.0,16.0,6453
1987-11-30,312.0,312.0,312.0,0.0,16.0,6453
1987-12-01,317.0,317.0,317.0,,16.0,6453
1987-12-02,316.0,316.0,316.0,,16.0,6453
1987-12-03,317.0,317.0,317.0,,16.0,6453
1987-12-04,314.0,314.0,314.0,,16.0,6453
1987-12-05,315.0,315.0,315.0,,16.0,6453
1987-12-06,315.0,315.0,315.0,,16.0,6453
1987-12-07,314.0,314.0,314.0,,16.0,6453
1987-12-08,313.0,313.0,313.0,,16.0,6453
1987-12-09,313.0,313.0,313.0,,16.0,6453
1987-12-10,313.0,313.0,313.0,,16.0,6453
1987-12-11,314.0,314.0,314.0,,16.0,6453
1987-12-12,315.0,315.0,315.0,,16.0,6453
1987-12-13,312.0,312.0,312.0,,16.0,6453
1987-12-14,313.0,313.0,313.0,,16.0,6453
1987-12-15,314.0,314.0,314.0,,16.0,6453
1987-12-16,313.0,313.0,313.0,,16.0,6453
1987-12-17,314.0,314.0,314.0,,16.0,6453
1987-12-18,312.0,312.0,312.0,,16.0,6453
1987-12-19,313.0,313.0,313.0,,16.0,6453
1987-12-20,312.0,312.0,312.0,,16.0,6453
1987-12-21,310.0,310.0,310.0,,16.0,6453
1987-12-22,308.0,308.0,308.0,,16.0,6453
1987-12-23,305.0,305.0,305.0,,16.0,6453
1987-12-24,302.0,302.0,302.0,,16.0,6453
1987-12-25,301.0,301.0,301.0,,16.0,6453
1987-12-26,303.0,303.0,303.0,,16.0,6453
1987-12-27,301.0,301.0,301.0,,16.0,6453
1987-12-28,302.0,302.0,302.0,,16.0,6453
1987-12-29,302.0,302.0,302.0,,16.0,6453
1987-12-30,301.0,301.0,301.0,,16.0,6453
1987-12-31,301.0,301.0,301.0,,16.0,6453
1988-01-01,301.0,301.0,301.0,,46.0,6453
1988-01-02,303.0,303.0,303.0,,46.0,6453
1988-01-03,305.0,305.0,305.0,,46.0,6453
1988-01-04,306.0,306.0,306.0,,46.0,6453
1988-01-05,306.0,306.0,306.0,,46.0,6453
1988-01-06,305.0,305.0,305.0,,46.0,6453
1988-01-07,306.0,306.0,306.0,,46.0,6453
1988-01-08,305.0,305.0,305.0,,46.0,6453
1988-01-09,304.0,304.0,304.0,,46.0,6453
1988-01-10,302.0,302.0,302.0,,46.0,6453
1988-01-11,303.0,303.0,303.0,,46.0,6453
1988-01-12,303.0,303.0,303.0,,46.0,6453
1988-01-13,301.0,301.0,301.0,,46.0,6453
1988-01-14,300.0,300.0,300.0,,46.0,6453
1988-01-15,301.0,301.0,301.0,,46.0,6453
1988-01-16,299.0,299.0,299.0,,46.0,6453
1988-01-17,299.0,299.0,299.0,,46.0,6453
1988-01-18,299.0,299.0,299.0,,46.0,6453
1988-01-19,298.0,298.0,298.0,,46.0,6453
1988-01-20,297.0,297.0,297.0,,46.0,6453
1988-01-21,298.0,298.0,298.0,,46.0,6453
1988-01-22,297.0,297.0,297.0,,46.0,6453
1988-01-23,298.0,298.0,298.0,,46.0,6453
1988-01-24,296.0,296.0,296.0,,46.0,6453
1988-01-25,295.0,295.0,295.0,,46.0,6453
1988-01-26,294.0,294.0,294.0,,46.0,6453
1988-01-27,294.0,294.0,294.0,,46.0,6453
1988-01-28,293.0,293.0,293.0,,46.0,6453
1988-01-29,294.0,294.0,294.0,,46.0,6453
1988-01-30,293.0,293.0,293.0,,46.0,6453
1988-01-31,294.0,294.0,294.0,,46.0,6453
1988-02-01,295.0,295.0,295.0,,46.0,6453
1988-02-02,295.0,295.0,295.0,,46.0,6453
1988-02-03,294.0,294.0,294.0,,46.0,6453
1988-02-04,294.0,294.0,294.0,,46.0,6453
1988-02-05,293.0,293.0,293.0,,46.0,6453
1988-02-06,294.0,294.0,294.0,,46.0,6453
1988-02-07,295.0,295.0,295.0,,46.0,6453
1988-02-08,293.0,293.0,293.0,,46.0,6453
1988-02-09,294.0,294.0,294.0,,46.0,6453
1988-02-10,295.0,295.0,295.0,,46.0,6453
1988-02-11,295.0,295.0,295.0,,46.0,6453
1988-02-12,294.0,294.0,294.0,,46.0,6453
1988-02-13,295.0,295.0,295.0,,46.0,6453
1988-02-14,294.0,294.0,294.0,,46.0,6453
1988-02-15,294.0,294.0,294.0,,46.0,6453
1988-02-16,295.0,295.0,295.0,,46.0,6453
1988-02-17,295.0,295.0,295.0,,46.0,6453
1988-02-18,295.0,295.0,295.0,,46.0,6453
1988-02-19,294.0,294.0,294.0,,46.0,6453
1988-02-20,294.0,294.0,294.0,,46.0,6453
1988-02-21,295.0,295.0,295.0,,46.0,6453
1988-02-22,294.0,294.0,294.0,,46.0,6453
1988-02-23,293.0,293.0,293.0,,46.0,6453
1988-02-24,294.0,294.0,294.0,,46.0,6453
1988-02-25,295.0,295.0,295.0,,46.0,6453
1988-02-26,294.0,294.0,294.0,,46.0,6453
1988-02-27,294.0,294.0,294.0,,46.0,6453
1988-02-28,295.0,295.0,295.0,,46.0,6453
1988-02-29,294.0,294.0,294.0,,46.0,6453
1988-03-01,294.0,294.0,294.0,,46.0,6453
1988-03-02,294.0,294.0,294.0,,46.0,6453
1988-03-03,295.0,295.0,295.0,,46.0,6453
1988-03-04,294.0,294.0,294.0,,46.0,6453
1988-03-05,295.0,295.0,295.0,,46.0,6453
1988-03-06,295.0,295.0,295.0,,46.0,6453
1988-03-07,296.0,296.0,296.0,,46.0,6453
1988-03-08,296.0,296.0,296.0,,46.0,6453
1988-03-09,297.0,297.0,297.0,,46.0,6453
1988-03-10,299.0,299.0,299.0,,46.0,6453
1988-03-11,297.0,297.0,297.0,,46.0,6453
1988-03-12,298.0,298.0,298.0,,46.0,6453
1988-03-13,299.0,299.0,299.0,,46.0,6453
1988-03-14,299.0,299.0,299.0,,46.0,6453
1988-03-15,300.0,300.0,300.0,,46.0,6453
1988-03-16,299.0,299.0,299.0,,46.0,6453
1988-03-17,300.0,300.0,300.0,,46.0,6453
1988-03-18,299.0,299.0,299.0,,46.0,6453
1988-03-19,302.0,302.0,302.0,,46.0,6453
1988-03-20,303.0,303.0,303.0,,46.0,6453
1988-03-21,304.0,304.0,304.0,,46.0,6453
1988-03-22,303.0,303.0,303.0,,46.0,6453
1988-03-23,304.0,304.0,304.0,,46.0,6453
1988-03-24,305.0,305.0,305.0,,46.0,6453
1988-03-25,306.0,306.0,306.0,,46.0,6453
1988-03-26,305.0,305.0,305.0,,46.0,6453
1988-03-27,306.0,306.0,306.0,,46.0,6453
1988-03-28,307.0,307.0,307.0,,46.0,6453
1988-03-29,309.0,309.0,309.0,,46.0,6453
1988-03-30,310.0,310.0,310.0,,46.0,6453
1988-03-31,311.0,311.0,311.0,,46.0,6453
1988-04-01,312.0,311.0,312.0,,46.0,6453
1988-04-02,310.0,309.0,310.0,,46.0,6453
1988-04-03,310.0,309.0,310.0,,46.0,6453
1988-04-04,310.0,309.0,310.0,,46.0,6453
1988-04-05,308.0,307.0,308.0,,46.0,6453
1988-04-06,307.0,307.0,307.0,,46.0,6453
1988-04-07,307.0,306.0,307.0,,46.0,6453
1988-04-08,305.0,304.0,306.0,,46.0,6453
1988-04-09,304.0,303.0,304.0,,46.0,6453
1988-04-10,304.0,303.0,304.0,,46.0,6453
1988-04-11,304.0,303.0,305.0,,46.0,6453
1988-04-12,307.0,306.0,307.0,,46.0,6453
1988-04-13,307.0,306.0,308.0,,46.0,6453
1988-04-14,309.0,308.0,310.0,,46.0,6453
1988-04-15,311.0,309.0,312.0,,46.0,6453
1988-04-16,313.0,311.0,314.0,,46.0,6453
1988-04-17,314.0,312.0,315.0,,46.0,6453
1988-04-18,316.0,315.0,317.0,,23.47,6453
1988-04-19,321.0,320.0,321.0,,23.47,6453
1988-04-20,322.0,321.0,323.0,,23.47,6453
1988-04-21,325.0,323.0,326.0,,,6453
1988-04-22,327.0,325.0,328.0,,23.47,6453
1988-04-23,326.0,325.0,326.0,,23.47,6453
1988-04-24,325.0,324.0,325.0,,25.0,6453
1988-04-25,319.0,318.0,320.0,0.3,25.0,6453
1988-04-26,316.0,315.0,316.0,0.4,25.0,6453
1988-04-27,312.0,311.0,312.0,0.3,9.25,6453
1988-04-28,308.0,307.0,308.0,0.4,27.0,6453
1988-04-29,304.0,303.0,305.0,0.6,27.0,6453
1988-04-30,305.0,304.0,305.0,0.6,27.0,6453
1988-05-01,306.0,305.0,307.0,,27.0,6453
1988-05-02,309.0,308.0,310.0,,27.0,6453
1988-05-03,310.0,308.0,312.0,,27.0,6453
1988-05-04,311.0,309.0,312.0,,27.0,6453
1988-05-05,307.0,306.0,307.0,,27.0,6453
1988-05-06,304.0,300.0,308.0,,29.0,6453
1988-05-07,297.0,296.0,298.0,,29.0,6453
1988-05-08,294.0,293.0,295.0,,29.0,6453
1988-05-09,293.0,292.0,293.0,,29.0,6453
1988-05-10,294.0,293.0,294.0,,29.0,6453
1988-05-11,295.0,295.0,295.0,7.5,29.0,6453
1988-05-12,298.0,296.0,300.0,6.5,29.0,6453
1988-05-13,305.0,304.0,305.0,5.0,29.0,6453
1988-05-14,319.0,315.0,322.0,7.0,29.0,6453
1988-05-15,321.0,319.0,322.0,6.0,29.0,6453
1988-05-16,323.0,322.0,324.0,6.0,29.0,6453
1988-05-17,329.0,325.0,332.0,5.5,29.0,6453
1988-05-18,336.0,332.0,339.0,7.0,29.0,6453
1988-05-19,342.0,339.0,345.0,8.5,29.0,6453
1988-05-20,385.0,370.0,400.0,8.5,29.0,6453
1988-05-21,370.0,362.0,377.0,5.5,29.0,6453
1988-05-22,367.0,362.0,372.0,5.0,29.0,6453
1988-05-23,325.0,320.0,330.0,7.5,29.0,6453
1988-05-24,317.0,315.0,318.0,6.0,29.0,6453
1988-05-25,316.0,315.0,317.0,7.5,29.0,6453
1988-05-26,314.0,313.0,315.0,8.0,29.0,6453
1988-05-27,315.0,314.0,316.0,8.5,29.0,6453
1988-05-28,324.0,320.0,327.0,8.0,29.0,6453
1988-05-29,315.0,314.0,316.0,8.5,29.0,6453
1988-05-30,317.0,316.0,317.0,7.0,29.0,6453
1988-05-31,314.0,313.0,315.0,8.0,29.0,6453
1988-06-01,314.0,313.0,314.0,9.5,29.0,6453
1988-06-02,315.0,314.0,316.0,12.2,29.0,6453
1988-06-03,316.0,315.0,316.0,11.8,29.0,6453
1988-06-04,314.0,313.0,314.0,9.9,29.0,6453
1988-06-05,310.0,309.0,310.0,10.5,29.0,6453
1988-06-06,305.0,304.0,306.0,12.1,29.0,6453
1988-06-07,302.0,300.0,304.0,11.8,29.0,6453
1988-06-08,302.0,300.0,303.0,12.0,29.0,6453
1988-06-09,305.0,303.0,306.0,10.4,29.0,6453
1988-06-10,308.0,306.0,310.0,13.7,29.0,6453
1988-06-11,439.0,438.0,440.0,14.0,29.0,6453
1988-06-12,433.0,430.0,435.0,14.1,29.0,6453
1988-06-13,413.0,395.0,430.0,12.2,29.0,6453
1988-06-14,381.0,375.0,386.0,12.7,29.0,6453
1988-06-15,357.0,354.0,359.0,12.9,29.0,6453
1988-06-16,337.0,333.0,340.0,11.5,29.0,6453
1988-06-17,323.0,320.0,325.0,13.6,29.0,6453
1988-06-18,316.0,314.0,317.0,13.5,29.0,6453
1988-06-19,309.0,307.0,310.0,12.0,29.0,6453
1988-06-20,302.0,300.0,304.0,14.5,29.0,6453
1988-06-21,302.0,300.0,304.0,15.1,29.0,6453
1988-06-22,283.0,283.0,283.0,14.5,29.0,6453
1988-06-23,293.0,285.0,300.0,14.6,29.0,6453
1988-06-24,293.0,290.0,295.0,14.0,29.0,6453
1988-06-25,286.0,284.0,287.0,14.2,29.0,6453
1988-06-26,280.0,280.0,280.0,17.0,29.0,6453
1988-06-27,279.0,278.0,280.0,15.5,29.0,6453
1988-06-28,279.0,278.0,280.0,15.5,29.0,6453
1988-06-29,278.0,275.0,280.0,14.0,29.0,6453
1988-06-30,280.0,278.0,282.0,14.0,29.0,6453
1988-07-01,300.0,300.0,300.0,,29.0,6453
1988-07-02,331.0,290.0,372.0,,29.0,6453
1988-07-03,341.0,336.0,345.0,,29.0,6453
1988-07-04,363.0,360.0,365.0,,29.0,6453
1988-07-05,368.0,350.0,385.0,,29.0,6453
1988-07-06,368.0,365.0,370.0,,29.0,6453
1988-07-07,348.0,345.0,350.0,,29.0,6453
1988-07-08,340.0,340.0,340.0,,29.0,6453
1988-07-09,336.0,335.0,337.0,,29.0,6453
1988-07-10,333.0,333.0,333.0,,29.0,6453
1988-07-11,329.0,329.0,329.0,,29.0,6453
1988-07-12,325.0,325.0,325.0,,29.0,6453
1988-07-13,333.0,330.0,335.0,,29.0,6453
1988-07-14,365.0,340.0,390.0,,29.0,6453
1988-07-15,415.0,410.0,420.0,,29.0,6453
1988-07-16,411.0,395.0,426.0,,29.0,6453
1988-07-17,385.0,380.0,389.0,,29.0,6453
1988-07-18,373.0,370.0,375.0,,29.0,6453
1988-07-19,365.0,365.0,365.0,,29.0,6453
1988-07-20,360.0,360.0,360.0,,29.0,6453
1988-07-21,302.0,300.0,303.0,,29.0,6453
1988-07-22,294.0,293.0,295.0,,29.0,6453
1988-07-23,291.0,290.0,291.0,,29.0,6453
1988-07-24,291.0,290.0,291.0,,29.0,6453
1988-07-25,292.0,290.0,293.0,,29.0,6453
1988-07-26,291.0,287.0,294.0,,29.0,6453
1988-07-27,296.0,285.0,306.0,,29.0,6453
1988-07-28,297.0,292.0,302.0,,29.0,6453
1988-07-29,290.0,288.0,292.0,,29.0,6453
1988-07-30,285.0,285.0,285.0,,29.0,6453
1988-07-31,282.0,282.0,282.0,,29.0,6453
1988-08-01,283.0,282.0,284.0,,29.0,6453
1988-08-02,285.0,284.0,285.0,,29.0,6453
1988-08-03,298.0,290.0,306.0,,29.0,6453
1988-08-04,313.0,310.0,315.0,,29.0,6453
1988-08-05,312.0,310.0,313.0,,29.0,6453
1988-08-06,313.0,311.0,315.0,,29.0,6453
1988-08-07,312.0,310.0,313.0,,29.0,6453
1988-08-08,325.0,317.0,333.0,,29.0,6453
1988-08-09,415.0,400.0,430.0,,29.0,6453
1988-08-10,371.0,362.0,380.0,,29.0,6453
1988-08-11,345.0,340.0,350.0,,29.0,6453
1988-08-12,328.0,325.0,330.0,,29.0,6453
1988-08-13,318.0,315.0,320.0,,29.0,6453
1988-08-14,314.0,313.0,315.0,,29.0,6453
1988-08-15,317.0,316.0,318.0,,29.0,6453
1988-08-16,319.0,318.0,320.0,,29.0,6453
1988-08-17,318.0,317.0,319.0,,29.0,6453
1988-08-18,323.0,320.0,325.0,,29.0,6453
1988-08-19,324.0,322.0,325.0,,29.0,6453
1988-08-20,329.0,326.0,331.0,,29.0,6453
1988-08-21,327.0,325.0,328.0,,29.0,6453
1988-08-22,327.0,325.0,329.0,,29.0,6453
1988-08-23,451.0,413.0,489.0,,29.0,6453
1988-08-24,478.0,475.0,480.0,,29.0,6453
1988-08-25,376.0,365.0,386.0,,29.0,6453
1988-08-26,344.0,341.0,347.0,,29.0,6453
1988-08-27,341.0,339.0,342.0,,29.0,6453
1988-08-28,323.0,321.0,325.0,,29.0,6453
1988-08-29,313.0,310.0,315.0,,29.0,6453
1988-08-30,338.0,333.0,343.0,,29.0,6453
1988-08-31,325.0,323.0,326.0,,29.0,6453
1988-09-01,331.0,327.0,334.0,,29.0,6453
1988-09-02,320.0,318.0,322.0,,29.0,6453
1988-09-03,316.0,315.0,316.0,,29.0,6453
1988-09-04,319.0,318.0,320.0,,29.0,6453
1988-09-05,320.0,318.0,321.0,,29.0,6453
1988-09-06,315.0,314.0,315.0,,29.0,6453
1988-09-07,312.0,311.0,312.0,,29.0,6453
1988-09-08,308.0,307.0,308.0,,29.0,6453
1988-09-09,304.0,303.0,304.0,,29.0,6453
1988-09-10,303.0,302.0,304.0,,29.0,6453
1988-09-11,307.0,306.0,308.0,,29.0,6453
1988-09-12,310.0,309.0,310.0,,29.0,6453
1988-09-13,303.0,298.0,307.0,,29.0,6453
1988-09-14,297.0,296.0,298.0,10.9,29.0,6453
1988-09-15,295.0,295.0,295.0,11.2,29.0,6453
1988-09-16,294.0,293.0,294.0,10.6,29.0,6453
1988-09-17,292.0,291.0,292.0,10.0,29.0,6453
1988-09-18,290.0,289.0,290.0,9.5,29.0,6453
1988-09-19,289.0,289.0,289.0,10.1,29.0,6453
1988-09-20,291.0,290.0,292.0,10.6,29.0,6453
1988-09-21,299.0,296.0,302.0,9.9,29.0,6453
1988-09-22,304.0,302.0,306.0,9.0,29.0,6453
1988-09-23,302.0,298.0,306.0,8.4,29.0,6453
1988-09-24,299.0,296.0,301.0,8.7,29.0,6453
1988-09-25,302.0,301.0,303.0,8.2,29.0,6453
1988-09-26,305.0,305.0,305.0,8.4,29.0,6453
1988-09-27,305.0,304.0,305.0,7.9,29.0,6453
1988-09-28,302.0,301.0,303.0,8.1,29.0,6453
1988-09-29,298.0,297.0,298.0,8.5,29.0,6453
1988-09-30,295.0,294.0,295.0,8.4,29.0,6453
1988-10-01,293.0,292.0,293.0,8.2,29.0,6453
1988-10-02,297.0,294.0,300.0,7.8,29.0,6453
1988-10-03,308.0,307.0,308.0,7.4,29.0,6453
1988-10-04,307.0,305.0,308.0,6.9,29.0,6453
1988-10-05,301.0,299.0,302.0,6.6,29.0,6453
1988-10-06,297.0,296.0,297.0,5.9,29.0,6453
1988-10-07,293.0,292.0,294.0,6.2,29.0,6453
1988-10-08,290.0,289.0,290.0,5.4,29.0,6453
1988-10-09,287.0,286.0,287.0,5.4,29.0,6453
1988-10-10,287.0,286.0,288.0,5.1,29.0,6453
1988-10-11,286.0,285.0,286.0,3.8,29.0,6453
1988-10-12,284.0,283.0,284.0,3.4,29.0,6453
1988-10-13,279.0,278.0,280.0,2.4,29.0,6453
1988-10-14,276.0,275.0,276.0,2.7,29.0,6453
1988-10-15,272.0,272.0,272.0,3.2,29.0,6453
1988-10-16,271.0,270.0,271.0,3.0,29.0,6453
1988-10-17,267.0,266.0,267.0,2.6,29.0,6453
1988-10-18,264.0,263.0,264.0,3.0,29.0,6453
1988-10-19,262.0,262.0,262.0,2.8,29.0,6453
1988-10-20,261.0,261.0,261.0,2.8,29.0,6453
1988-10-21,260.0,259.0,260.0,2.8,29.0,6453
1988-10-22,258.0,258.0,258.0,1.9,29.0,6453
1988-10-23,255.0,254.0,256.0,1.3,,6453
1988-10-24,250.0,250.0,250.0,0.6,,6453
1988-10-25,249.0,249.0,249.0,1.5,2.29,6453
1988-10-26,248.0,247.0,249.0,1.8,29.0,6453
1988-10-27,246.0,245.0,247.0,1.4,29.0,6453
1988-10-28,249.0,248.0,249.0,0.6,2.29,6453
1988-10-29,245.0,243.0,246.0,0.4,,6453
1988-10-30,240.0,239.0,240.0,0.0,,6453
1988-10-31,237.0,236.0,237.0,0.2,,6453
1988-11-01,238.0,236.0,239.0,0.3,,6453
1988-11-02,237.0,234.0,239.0,0.1,,6453
1988-11-03,239.0,238.0,240.0,0.1,,6453
1988-11-04,237.0,236.0,237.0,0.1,,6453
1988-11-05,237.0,235.0,239.0,0.0,,6453
1988-11-06,244.0,241.0,247.0,0.0,,6453
1988-11-07,259.0,252.0,266.0,0.0,,6453
1988-11-08,264.0,264.0,264.0,0.0,15.0,6453
1988-11-09,263.0,263.0,263.0,0.0,15.0,6453
1988-11-10,262.0,262.0,262.0,0.0,15.0,6453
1988-11-11,262.0,261.0,262.0,0.0,15.0,6453
1988-11-12,262.0,262.0,262.0,0.0,15.0,6453
1988-11-13,261.0,261.0,261.0,0.0,16.0,6453
1988-11-14,263.0,260.0,265.0,0.0,16.0,6453
1988-11-15,270.0,267.0,273.0,0.0,16.0,6453
1988-11-16,276.0,275.0,277.0,0.0,16.0,6453
1988-11-17,279.0,279.0,279.0,0.0,16.0,6453
1988-11-18,279.0,279.0,279.0,0.0,16.0,6453
1988-11-19,280.0,279.0,280.0,0.0,16.0,6453
1988-11-20,281.0,280.0,281.0,0.0,16.0,6453
1988-11-21,279.0,279.0,279.0,0.0,16.0,6453
1988-11-22,278.0,278.0,278.0,0.0,16.0,6453
1988-11-23,277.0,276.0,277.0,0.0,16.0,6453
1988-11-24,275.0,275.0,275.0,0.0,16.0,6453
1988-11-25,275.0,275.0,275.0,0.0,16.0,6453
1988-11-26,275.0,275.0,275.0,0.0,16.0,6453
1988-11-27,275.0,275.0,275.0,0.0,16.0,6453
1988-11-28,275.0,275.0,275.0,0.0,16.0,6453
1988-11-29,274.0,273.0,274.0,0.0,16.0,6453
1988-11-30,273.0,272.0,273.0,0.0,16.0,6453
1988-12-01,272.0,272.0,272.0,,16.0,6453
1988-12-02,272.0,272.0,272.0,,16.0,6453
1988-12-03,272.0,272.0,272.0,,16.0,6453
1988-12-04,271.0,271.0,271.0,,16.0,6453
1988-12-05,271.0,271.0,271.0,,16.0,6453
1988-12-06,272.0,272.0,272.0,,16.0,6453
1988-12-07,271.0,271.0,271.0,,16.0,6453
1988-12-08,271.0,271.0,271.0,,16.0,6453
1988-12-09,270.0,270.0,270.0,,16.0,6453
1988-12-10,270.0,270.0,270.0,,16.0,6453
1988-12-11,270.0,270.0,270.0,,16.0,6453
1988-12-12,270.0,270.0,270.0,,16.0,6453
1988-12-13,269.0,269.0,269.0,,16.0,6453
1988-12-14,269.0,269.0,269.0,,16.0,6453
1988-12-15,269.0,269.0,269.0,,16.0,6453
1988-12-16,268.0,268.0,268.0,,16.0,6453
1988-12-17,268.0,268.0,268.0,,16.0,6453
1988-12-18,267.0,267.0,267.0,,16.0,6453
1988-12-19,267.0,267.0,267.0,,16.0,6453
1988-12-20,266.0,266.0,266.0,,16.0,6453
1988-12-21,265.0,265.0,265.0,,16.0,6453
1988-12-22,265.0,265.0,265.0,,16.0,6453
1988-12-23,265.0,265.0,265.0,,16.0,6453
1988-12-24,264.0,264.0,264.0,,16.0,6453
1988-12-25,264.0,264.0,264.0,,16.0,6453
1988-12-26,264.0,264.0,264.0,,16.0,6453
1988-12-27,264.0,264.0,264.0,,16.0,6453
1988-12-28,264.0,264.0,264.0,,16.0,6453
1988-12-29,264.0,264.0,264.0,,16.0,6453
1988-12-30,264.0,264.0,264.0,,16.0,6453
1988-12-31,264.0,264.0,264.0,,16.0,6453
1989-01-01,263.0,263.0,263.0,,16.0,6453
1989-01-02,263.0,263.0,263.0,,16.0,6453
1989-01-03,263.0,263.0,263.0,,16.0,6453
1989-01-04,262.0,262.0,262.0,,16.0,6453
1989-01-05,262.0,262.0,262.0,,16.0,6453
1989-01-06,264.0,264.0,264.0,,16.0,6453
1989-01-07,265.0,265.0,265.0,,16.0,6453
1989-01-08,266.0,266.0,266.0,,16.0,6453
1989-01-09,267.0,267.0,267.0,,16.0,6453
1989-01-10,267.0,267.0,267.0,,16.0,6453
1989-01-11,267.0,267.0,267.0,,16.0,6453
1989-01-12,267.0,267.0,267.0,,16.0,6453
1989-01-13,267.0,267.0,267.0,,16.0,6453
1989-01-14,267.0,267.0,267.0,,16.0,6453
1989-01-15,267.0,267.0,267.0,,16.0,6453
1989-01-16,267.0,267.0,267.0,,16.0,6453
1989-01-17,267.0,267.0,267.0,,16.0,6453
1989-01-18,267.0,267.0,267.0,,16.0,6453
1989-01-19,267.0,267.0,267.0,,16.0,6453
1989-01-20,267.0,267.0,267.0,,16.0,6453
1989-01-21,268.0,268.0,268.0,,16.0,6453
1989-01-22,268.0,268.0,268.0,,16.0,6453
1989-01-23,269.0,269.0,269.0,,16.0,6453
1989-01-24,269.0,269.0,269.0,,16.0,6453
1989-01-25,269.0,269.0,269.0,,16.0,6453
1989-01-26,269.0,269.0,269.0,,16.0,6453
1989-01-27,270.0,270.0,270.0,,16.0,6453
1989-01-28,270.0,270.0,270.0,,16.0,6453
1989-01-29,270.0,270.0,270.0,,16.0,6453
1989-01-30,271.0,271.0,271.0,,16.0,6453
1989-01-31,271.0,271.0,271.0,,16.0,6453
1989-02-01,270.0,270.0,270.0,,16.0,6453
1989-02-02,270.0,270.0,270.0,,16.0,6453
1989-02-03,269.0,269.0,269.0,,16.0,6453
1989-02-04,269.0,269.0,269.0,,16.0,6453
1989-02-05,268.0,268.0,268.0,,16.0,6453
1989-02-06,267.0,267.0,267.0,,16.0,6453
1989-02-07,267.0,267.0,267.0,,16.0,6453
1989-02-08,266.0,266.0,266.0,,16.0,6453
1989-02-09,266.0,266.0,266.0,,16.0,6453
1989-02-10,265.0,265.0,265.0,,16.33,6453
1989-02-11,264.0,264.0,264.0,,16.33,6453
1989-02-12,263.0,263.0,263.0,,16.33,6453
1989-02-13,262.0,262.0,262.0,,16.33,6453
1989-02-14,261.0,261.0,261.0,,16.33,6453
1989-02-15,261.0,261.0,261.0,,16.33,6453
1989-02-16,261.0,261.0,261.0,,16.33,6453
1989-02-17,261.0,261.0,261.0,,16.33,6453
1989-02-18,260.0,260.0,260.0,,16.33,6453
1989-02-19,260.0,260.0,260.0,,16.33,6453
1989-02-20,260.0,260.0,260.0,,16.33,6453
1989-02-21,260.0,260.0,260.0,,16.33,6453
1989-02-22,260.0,260.0,260.0,,16.33,6453
1989-02-23,261.0,261.0,261.0,,16.33,6453
1989-02-24,261.0,261.0,261.0,,16.33,6453
1989-02-25,261.0,261.0,261.0,,16.33,6453
1989-02-26,262.0,262.0,262.0,,16.33,6453
1989-02-27,263.0,263.0,263.0,,16.33,6453
1989-02-28,263.0,263.0,263.0,,16.33,6453
1989-03-01,264.0,264.0,264.0,,16.33,6453
1989-03-02,266.0,266.0,266.0,,16.33,6453
1989-03-03,268.0,268.0,268.0,,16.33,6453
1989-03-04,269.0,269.0,269.0,,16.33,6453
1989-03-05,270.0,270.0,270.0,,16.33,6453
1989-03-06,275.0,275.0,275.0,,16.33,6453
1989-03-07,293.0,293.0,293.0,,16.33,6453
1989-03-08,307.0,307.0,307.0,,16.33,6453
1989-03-09,300.0,300.0,300.0,,16.33,6453
1989-03-10,283.0,283.0,283.0,,16.33,6453
1989-03-11,267.0,267.0,267.0,,16.33,6453
1989-03-12,257.0,257.0,257.0,,16.33,6453
1989-03-13,253.0,253.0,253.0,,16.33,6453
1989-03-14,247.0,247.0,247.0,,16.33,6453
1989-03-15,247.0,247.0,247.0,,16.33,6453
1989-03-16,246.0,246.0,246.0,,16.33,6453
1989-03-17,244.0,244.0,244.0,,16.33,6453
1989-03-18,238.0,238.0,238.0,,16.33,6453
1989-03-19,243.0,243.0,243.0,,16.33,6453
1989-03-20,245.0,245.0,245.0,,16.33,6453
1989-03-21,244.0,244.0,244.0,,16.33,6453
1989-03-22,247.0,247.0,247.0,,16.33,6453
1989-03-23,255.0,255.0,255.0,,16.33,6453
1989-03-24,258.0,258.0,258.0,,16.33,6453
1989-03-25,259.0,259.0,259.0,,16.33,6453
1989-03-26,258.0,258.0,258.0,,16.33,6453
1989-03-27,258.0,258.0,258.0,,16.33,6453
1989-03-28,262.0,262.0,262.0,,16.33,6453
1989-03-29,264.0,264.0,264.0,,16.33,6453
1989-03-30,269.0,269.0,269.0,,16.33,6453
1989-03-31,273.0,273.0,273.0,,16.33,6453
1989-04-01,291.0,283.0,299.0,0.0,47.0,6453
1989-04-02,296.0,292.0,299.0,0.0,47.0,6453
1989-04-03,290.0,289.0,290.0,0.0,47.0,6453
1989-04-04,284.0,283.0,284.0,0.0,47.0,6453
1989-04-05,280.0,278.0,281.0,0.0,47.0,6453
1989-04-06,274.0,273.0,275.0,0.0,47.0,6453
1989-04-07,270.0,268.0,271.0,0.0,47.0,6453
1989-04-08,271.0,270.0,272.0,0.0,47.0,6453
1989-04-09,287.0,279.0,294.0,0.0,47.0,6453
1989-04-10,295.0,293.0,297.0,0.1,47.0,6453
1989-04-11,298.0,295.0,301.0,0.1,16.47,6453
1989-04-12,293.0,289.0,297.0,0.2,47.0,6453
1989-04-13,291.0,289.0,293.0,0.1,47.0,6453
1989-04-14,291.0,290.0,292.0,0.2,47.0,6453
1989-04-15,292.0,291.0,292.0,0.1,47.0,6453
1989-04-16,289.0,288.0,289.0,0.2,47.0,6453
1989-04-17,291.0,288.0,293.0,0.3,47.0,6453
1989-04-18,291.0,290.0,292.0,0.1,23.47,6453
1989-04-19,289.0,288.0,290.0,0.2,,6453
1989-04-20,294.0,291.0,297.0,0.2,23.15,6453
1989-04-21,301.0,299.0,303.0,0.1,,6453
1989-04-22,305.0,304.0,305.0,0.1,23.15,6453
1989-04-23,303.0,302.0,304.0,0.2,23.15,6453
1989-04-24,298.0,295.0,301.0,0.2,23.15,6453
1989-04-25,297.0,295.0,299.0,0.2,23.15,6453
1989-04-26,292.0,287.0,297.0,0.2,23.15,6453
1989-04-27,279.0,275.0,282.0,0.0,,6453
1989-04-28,268.0,267.0,269.0,0.0,,6453
1989-04-29,251.0,239.0,262.0,0.0,26.25,6453
1989-04-30,232.0,229.0,235.0,0.0,26.25,6453
1989-05-01,226.0,225.0,226.0,0.1,26.0,6453
1989-05-02,232.0,227.0,237.0,0.2,8.26,6453
1989-05-03,237.0,234.0,240.0,0.2,8.29,6453
1989-05-04,240.0,236.0,244.0,0.2,29.0,6453
1989-05-05,252.0,248.0,256.0,0.2,29.0,6453
1989-05-06,253.0,250.0,256.0,0.3,29.0,6453
1989-05-07,252.0,251.0,252.0,0.6,29.0,6453
1989-05-08,251.0,249.0,253.0,1.3,29.0,6453
1989-05-09,254.0,252.0,255.0,1.5,29.0,6453
1989-05-10,252.0,250.0,254.0,2.5,29.0,6453
1989-05-11,248.0,247.0,248.0,3.5,29.0,6453
1989-05-12,246.0,245.0,246.0,4.3,29.0,6453
1989-05-13,242.0,240.0,244.0,4.5,29.0,6453
1989-05-14,240.0,239.0,240.0,5.3,29.0,6453
1989-05-15,240.0,238.0,242.0,5.3,29.0,6453
1989-05-16,248.0,247.0,249.0,5.0,29.0,6453
1989-05-17,252.0,251.0,252.0,7.0,29.0,6453
1989-05-18,256.0,255.0,257.0,7.3,29.0,6453
1989-05-19,286.0,265.0,307.0,7.2,29.0,6453
1989-05-20,463.0,356.0,497.0,2.6,29.0,6453
1989-05-21,418.0,415.0,420.0,2.7,29.0,6453
1989-05-22,415.0,398.0,432.0,2.9,29.0,6453
1989-05-23,360.0,353.0,367.0,3.7,29.0,6453
1989-05-24,320.0,311.0,329.0,4.2,29.0,6453
1989-05-25,299.0,295.0,303.0,4.6,29.0,6453
1989-05-26,316.0,297.0,334.0,5.2,29.0,6453
1989-05-27,341.0,329.0,353.0,3.9,29.0,6453
1989-05-28,318.0,308.0,327.0,5.5,29.0,6453
1989-05-29,304.0,298.0,309.0,8.4,29.0,6453
1989-05-30,382.0,355.0,409.0,6.7,29.0,6453
1989-05-31,455.0,418.0,491.0,3.9,29.0,6453
1989-06-01,384.0,373.0,395.0,7.0,29.0,6453
1989-06-02,407.0,387.0,427.0,8.3,29.0,6453
1989-06-03,418.0,413.0,422.0,7.5,29.0,6453
1989-06-04,398.0,393.0,403.0,6.4,29.0,6453
1989-06-05,395.0,381.0,408.0,7.4,29.0,6453
1989-06-06,424.0,419.0,429.0,6.7,29.0,6453
1989-06-07,407.0,397.0,417.0,6.1,29.0,6453
1989-06-08,367.0,358.0,375.0,8.0,29.0,6453
1989-06-09,341.0,339.0,343.0,9.9,29.0,6453
1989-06-10,331.0,328.0,334.0,11.6,29.0,6453
1989-06-11,315.0,310.0,320.0,11.7,29.0,6453
1989-06-12,309.0,308.0,310.0,12.1,29.0,6453
1989-06-13,307.0,303.0,310.0,11.6,29.0,6453
1989-06-14,304.0,303.0,304.0,11.9,29.0,6453
1989-06-15,319.0,315.0,322.0,12.7,29.0,6453
1989-06-16,328.0,324.0,332.0,13.0,29.0,6453
1989-06-17,316.0,312.0,319.0,13.0,29.0,6453
1989-06-18,302.0,298.0,305.0,13.9,29.0,6453
1989-06-19,290.0,290.0,290.0,13.8,29.0,6453
1989-06-20,291.0,287.0,294.0,15.9,29.0,6453
1989-06-21,286.0,285.0,287.0,14.2,29.0,6453
1989-06-22,362.0,346.0,378.0,10.2,29.0,6453
1989-06-23,340.0,327.0,353.0,10.6,29.0,6453
1989-06-24,317.0,317.0,317.0,11.7,29.0,6453
1989-06-25,325.0,325.0,325.0,12.8,29.0,6453
1989-06-26,335.0,332.0,338.0,11.9,29.0,6453
1989-06-27,393.0,392.0,393.0,8.7,29.0,6453
1989-06-28,367.0,366.0,368.0,10.2,29.0,6453
1989-06-29,434.0,416.0,451.0,9.1,29.0,6453
1989-06-30,369.0,355.0,382.0,9.7,29.0,6453
1989-07-01,344.0,342.0,345.0,10.8,29.0,6453
1989-07-02,336.0,332.0,339.0,11.8,29.0,6453
1989-07-03,338.0,337.0,339.0,12.5,29.0,6453
1989-07-04,335.0,334.0,335.0,13.3,29.0,6453
1989-07-05,321.0,316.0,325.0,14.5,29.0,6453
1989-07-06,322.0,311.0,332.0,14.8,29.0,6453
1989-07-07,362.0,355.0,368.0,14.0,29.0,6453
1989-07-08,359.0,352.0,365.0,12.5,29.0,6453
1989-07-09,392.0,391.0,393.0,12.2,29.0,6453
1989-07-10,374.0,369.0,378.0,11.9,29.0,6453
1989-07-11,397.0,384.0,409.0,11.7,29.0,6453
1989-07-12,370.0,354.0,386.0,12.5,29.0,6453
1989-07-13,334.0,328.0,339.0,13.4,29.0,6453
1989-07-14,318.0,315.0,321.0,14.8,29.0,6453
1989-07-15,318.0,314.0,321.0,15.7,29.0,6453
1989-07-16,322.0,318.0,325.0,15.0,29.0,6453
1989-07-17,417.0,397.0,468.0,9.7,29.0,6453
1989-07-18,521.0,502.0,541.0,8.0,29.0,6453
1989-07-19,440.0,415.0,464.0,9.7,29.0,6453
1989-07-20,373.0,362.0,383.0,11.7,29.0,6453
1989-07-21,347.0,342.0,351.0,11.4,29.0,6453
1989-07-22,334.0,332.0,335.0,12.9,29.0,6453
1989-07-23,331.0,327.0,400.0,13.5,29.0,6453
1989-07-24,556.0,467.0,638.0,8.0,29.0,6453
1989-07-25,490.0,465.0,514.0,7.9,29.0,6453
1989-07-26,420.0,415.0,424.0,8.5,29.0,6453
1989-07-27,427.0,422.0,432.0,8.8,29.0,6453
1989-07-28,409.0,407.0,411.0,9.2,29.0,6453
1989-07-29,424.0,408.0,439.0,9.2,29.0,6453
1989-07-30,389.0,381.0,397.0,8.9,29.0,6453
1989-07-31,367.0,361.0,373.0,10.7,29.0,6453
1989-08-01,354.0,347.0,361.0,12.7,29.0,6453
1989-08-02,339.0,337.0,341.0,12.2,29.0,6453
1989-08-03,331.0,328.0,333.0,12.3,29.0,6453
1989-08-04,323.0,322.0,324.0,14.8,29.0,6453
1989-08-05,318.0,316.0,319.0,15.4,29.0,6453
1989-08-06,312.0,312.0,312.0,16.6,29.0,6453
1989-08-07,319.0,311.0,327.0,16.1,29.0,6453
1989-08-08,464.0,439.0,490.0,9.3,29.0,6453
1989-08-09,406.0,388.0,424.0,11.1,29.0,6453
1989-08-10,360.0,353.0,367.0,11.4,29.0,6453
1989-08-11,341.0,337.0,345.0,12.9,29.0,6453
1989-08-12,333.0,333.0,333.0,13.4,29.0,6453
1989-08-13,350.0,349.0,350.0,12.7,29.0,6453
1989-08-14,338.0,335.0,341.0,12.8,29.0,6453
1989-08-15,326.0,324.0,327.0,14.4,29.0,6453
1989-08-16,319.0,317.0,320.0,14.1,29.0,6453
1989-08-17,315.0,314.0,315.0,14.3,29.0,6453
1989-08-18,311.0,310.0,312.0,13.2,29.0,6453
1989-08-19,308.0,308.0,308.0,12.7,29.0,6453
1989-08-20,307.0,307.0,307.0,11.7,29.0,6453
1989-08-21,305.0,305.0,305.0,12.5,29.0,6453
1989-08-22,303.0,302.0,304.0,12.0,29.0,6453
1989-08-23,302.0,302.0,302.0,13.0,29.0,6453
1989-08-24,302.0,301.0,302.0,13.3,29.0,6453
1989-08-25,301.0,300.0,301.0,13.5,29.0,6453
1989-08-26,297.0,295.0,298.0,14.6,29.0,6453
1989-08-27,298.0,296.0,300.0,14.9,29.0,6453
1989-08-28,304.0,298.0,310.0,14.9,29.0,6453
1989-08-29,308.0,308.0,308.0,14.7,29.0,6453
1989-08-30,311.0,308.0,313.0,13.9,29.0,6453
1989-08-31,334.0,321.0,347.0,13.4,29.0,6453
1989-09-01,340.0,335.0,345.0,12.4,29.0,6453
1989-09-02,336.0,331.0,341.0,12.5,29.0,6453
1989-09-03,335.0,330.0,339.0,12.0,29.0,6453
1989-09-04,320.0,320.0,320.0,11.9,29.0,6453
1989-09-05,314.0,310.0,317.0,11.8,29.0,6453
1989-09-06,309.0,308.0,309.0,13.2,29.0,6453
1989-09-07,306.0,305.0,307.0,12.7,29.0,6453
1989-09-08,301.0,299.0,302.0,11.9,29.0,6453
1989-09-09,306.0,299.0,313.0,11.2,29.0,6453
1989-09-10,309.0,309.0,309.0,9.4,29.0,6453
1989-09-11,308.0,307.0,308.0,9.0,29.0,6453
1989-09-12,304.0,303.0,305.0,9.2,29.0,6453
1989-09-13,302.0,302.0,302.0,9.3,29.0,6453
1989-09-14,307.0,302.0,311.0,9.5,29.0,6453
1989-09-15,391.0,363.0,419.0,5.9,29.0,6453
1989-09-16,399.0,389.0,408.0,5.0,29.0,6453
1989-09-17,378.0,375.0,380.0,4.7,29.0,6453
1989-09-18,362.0,356.0,368.0,4.9,29.0,6453
1989-09-19,346.0,344.0,348.0,5.4,29.0,6453
1989-09-20,332.0,329.0,335.0,5.7,29.0,6453
1989-09-21,325.0,323.0,326.0,6.1,29.0,6453
1989-09-22,320.0,319.0,321.0,6.8,29.0,6453
1989-09-23,324.0,318.0,330.0,6.9,29.0,6453
1989-09-24,350.0,327.0,373.0,7.1,29.0,6453
1989-09-25,408.0,403.0,412.0,5.5,29.0,6453
1989-09-26,377.0,370.0,383.0,5.1,29.0,6453
1989-09-27,353.0,350.0,356.0,5.1,29.0,6453
1989-09-28,341.0,338.0,343.0,5.2,29.0,6453
1989-09-29,330.0,329.0,331.0,5.1,29.0,6453
1989-09-30,324.0,322.0,325.0,4.9,29.0,6453
1989-10-01,320.0,319.0,321.0,4.9,29.0,6453
1989-10-02,317.0,316.0,318.0,4.0,29.0,6453
1989-10-03,312.0,311.0,313.0,3.7,29.0,6453
1989-10-04,308.0,307.0,308.0,4.0,29.0,6453
1989-10-05,306.0,306.0,306.0,4.2,29.0,6453
1989-10-06,305.0,304.0,305.0,4.0,29.0,6453
1989-10-07,303.0,302.0,303.0,3.5,29.0,6453
1989-10-08,300.0,299.0,300.0,3.5,29.0,6453
1989-10-09,296.0,295.0,297.0,2.7,29.0,6453
1989-10-10,293.0,293.0,293.0,2.7,29.0,6453
1989-10-11,292.0,292.0,292.0,2.3,29.0,6453
1989-10-12,290.0,289.0,291.0,2.1,29.0,6453
1989-10-13,285.0,284.0,286.0,2.4,29.0,6453
1989-10-14,281.0,280.0,281.0,3.2,29.0,6453
1989-10-15,285.0,285.0,285.0,2.3,29.0,6453
1989-10-16,284.0,284.0,284.0,1.1,29.0,6453
1989-10-17,282.0,281.0,283.0,0.4,2.29,6453
1989-10-18,279.0,278.0,280.0,0.3,,6453
1989-10-19,276.0,276.0,276.0,0.2,,6453
1989-10-20,275.0,274.0,275.0,0.2,,6453
1989-10-21,274.0,274.0,274.0,0.4,,6453
1989-10-22,273.0,272.0,273.0,0.4,2.0,6453
1989-10-23,271.0,270.0,271.0,0.4,2.0,6453
1989-10-24,268.0,266.0,269.0,0.1,,6453
1989-10-25,267.0,266.0,267.0,0.5,,6453
1989-10-26,266.0,266.0,266.0,0.5,2.0,6453
1989-10-27,266.0,266.0,266.0,0.3,,6453
1989-10-28,265.0,265.0,265.0,0.2,,6453
1989-10-29,264.0,264.0,264.0,0.2,,6453
1989-10-30,263.0,262.0,263.0,0.1,,6453
1989-10-31,261.0,261.0,261.0,0.1,,6453
1989-11-01,258.0,255.0,260.0,0.0,,6453
1989-11-02,257.0,251.0,262.0,0.0,,6453
1989-11-03,254.0,252.0,256.0,0.0,,6453
1989-11-04,258.0,255.0,261.0,0.0,,6453
1989-11-05,257.0,252.0,261.0,0.0,,6453
1989-11-06,253.0,247.0,259.0,0.0,,6453
1989-11-07,256.0,250.0,261.0,0.0,,6453
1989-11-08,258.0,255.0,261.0,0.0,,6453
1989-11-09,269.0,262.0,275.0,0.0,,6453
1989-11-10,280.0,278.0,282.0,0.0,,6453
1989-11-11,276.0,274.0,277.0,0.0,,6453
1989-11-12,271.0,269.0,273.0,0.0,,6453
1989-11-13,274.0,272.0,275.0,0.0,,6453
1989-11-14,279.0,275.0,283.0,0.0,,6453
1989-11-15,287.0,285.0,288.0,0.0,15.0,6453
1989-11-16,284.0,283.0,284.0,0.0,15.0,6453
1989-11-17,284.0,283.0,284.0,0.0,15.0,6453
1989-11-18,284.0,283.0,284.0,0.0,15.0,6453
1989-11-19,282.0,280.0,283.0,0.0,16.15,6453
1989-11-20,279.0,279.0,279.0,0.0,16.0,6453
1989-11-21,279.0,279.0,279.0,0.0,16.0,6453
1989-11-22,279.0,278.0,279.0,0.0,16.0,6453
1989-11-23,277.0,276.0,277.0,0.0,16.0,6453
1989-11-24,276.0,276.0,276.0,0.0,16.0,6453
1989-11-25,274.0,273.0,275.0,0.0,16.0,6453
1989-11-26,272.0,271.0,273.0,0.0,16.0,6453
1989-11-27,275.0,274.0,275.0,0.0,16.0,6453
1989-11-28,274.0,274.0,274.0,0.0,16.0,6453
1989-11-29,274.0,274.0,274.0,0.0,16.0,6453
1989-11-30,274.0,274.0,274.0,0.0,16.0,6453
1989-12-01,274.0,274.0,274.0,,16.0,6453
1989-12-02,274.0,274.0,274.0,,16.0,6453
1989-12-03,274.0,274.0,274.0,,16.0,6453
1989-12-04,274.0,274.0,274.0,,16.0,6453
1989-12-05,273.0,273.0,273.0,,16.0,6453
1989-12-06,273.0,273.0,273.0,,16.0,6453
1989-12-07,273.0,273.0,273.0,,16.0,6453
1989-12-08,272.0,272.0,272.0,,16.0,6453
1989-12-09,272.0,272.0,272.0,,16.0,6453
1989-12-10,272.0,272.0,272.0,,16.0,6453
1989-12-11,271.0,271.0,271.0,,16.0,6453
1989-12-12,269.0,269.0,269.0,,16.0,6453
1989-12-13,268.0,268.0,268.0,,16.0,6453
1989-12-14,268.0,268.0,268.0,,16.0,6453
1989-12-15,267.0,267.0,267.0,,16.0,6453
1989-12-16,268.0,268.0,268.0,,16.0,6453
1989-12-17,269.0,269.0,269.0,,16.0,6453
1989-12-18,268.0,268.0,268.0,,16.0,6453
1989-12-19,268.0,268.0,268.0,,16.0,6453
1989-12-20,268.0,268.0,268.0,,16.0,6453
1989-12-21,268.0,268.0,268.0,,16.0,6453
1989-12-22,268.0,268.0,268.0,,16.0,6453
1989-12-23,268.0,268.0,268.0,,16.0,6453
1989-12-24,268.0,268.0,268.0,,16.0,6453
1989-12-25,268.0,268.0,268.0,,16.0,6453
1989-12-26,267.0,267.0,267.0,,16.0,6453
1989-12-27,266.0,266.0,266.0,,16.0,6453
1989-12-28,266.0,266.0,266.0,,16.0,6453
1989-12-29,266.0,266.0,266.0,,16.0,6453
1989-12-30,266.0,266.0,266.0,,16.0,6453
1989-12-31,266.0,266.0,266.0,,16.0,6453
1990-01-01,266.0,266.0,266.0,,16.0,6453
1990-01-02,267.0,267.0,267.0,,16.0,6453
1990-01-03,268.0,268.0,268.0,,16.0,6453
1990-01-04,268.0,268.0,268.0,,16.0,6453
1990-01-05,268.0,268.0,268.0,,16.0,6453
1990-01-06,268.0,268.0,268.0,,16.0,6453
1990-01-07,268.0,268.0,268.0,,16.0,6453
1990-01-08,267.0,267.0,267.0,,16.0,6453
1990-01-09,266.0,266.0,266.0,,16.0,6453
1990-01-10,266.0,266.0,266.0,,16.0,6453
1990-01-11,266.0,266.0,266.0,,16.0,6453
1990-01-12,266.0,266.0,266.0,,16.0,6453
1990-01-13,266.0,266.0,266.0,,16.0,6453
1990-01-14,266.0,266.0,266.0,,16.0,6453
1990-01-15,266.0,266.0,266.0,,16.0,6453
1990-01-16,265.0,265.0,265.0,,16.0,6453
1990-01-17,264.0,264.0,264.0,,16.0,6453
1990-01-18,264.0,264.0,264.0,,16.0,6453
1990-01-19,264.0,264.0,264.0,,16.0,6453
1990-01-20,264.0,264.0,264.0,,16.0,6453
1990-01-21,264.0,264.0,264.0,,16.0,6453
1990-01-22,264.0,264.0,264.0,,16.0,6453
1990-01-23,264.0,264.0,264.0,,16.0,6453
1990-01-24,264.0,264.0,264.0,,16.0,6453
1990-01-25,264.0,264.0,264.0,,16.0,6453
1990-01-26,264.0,264.0,264.0,,16.0,6453
1990-01-27,264.0,264.0,264.0,,16.0,6453
1990-01-28,264.0,264.0,264.0,,16.0,6453
1990-01-29,264.0,264.0,264.0,,16.0,6453
1990-01-30,265.0,265.0,265.0,,16.0,6453
1990-01-31,265.0,265.0,265.0,,16.0,6453
1990-02-01,265.0,265.0,265.0,,16.0,6453
1990-02-02,265.0,265.0,265.0,,16.0,6453
1990-02-03,275.0,275.0,275.0,,17.0,6453
1990-02-04,279.0,279.0,279.0,,17.0,6453
1990-02-05,277.0,277.0,277.0,,17.0,6453
1990-02-06,289.0,289.0,289.0,,17.0,6453
1990-02-07,273.0,273.0,273.0,,18.0,6453
1990-02-08,270.0,270.0,270.0,,18.0,6453
1990-02-09,267.0,267.0,267.0,,18.0,6453
1990-02-10,265.0,265.0,265.0,,17.18,6453
1990-02-11,259.0,259.0,259.0,,18.0,6453
1990-02-12,254.0,254.0,254.0,,18.0,6453
1990-02-13,249.0,249.0,249.0,,18.0,6453
1990-02-14,253.0,253.0,253.0,,18.0,6453
1990-02-15,254.0,254.0,254.0,,18.0,6453
1990-02-16,264.0,264.0,264.0,,18.0,6453
1990-02-17,271.0,271.0,271.0,,18.0,6453
1990-02-18,275.0,275.0,275.0,,18.0,6453
1990-02-19,279.0,279.0,279.0,,17.0,6453
1990-02-20,287.0,287.0,287.0,,18.0,6453
1990-02-21,289.0,289.0,289.0,,17.0,6453
1990-02-22,287.0,287.0,287.0,,17.0,6453
1990-02-23,286.0,286.0,286.0,,17.0,6453
1990-02-24,284.0,284.0,284.0,,18.0,6453
1990-02-25,284.0,284.0,284.0,,18.0,6453
1990-02-26,282.0,282.0,282.0,,18.0,6453
1990-02-27,280.0,280.0,280.0,,18.0,6453
1990-02-28,274.0,274.0,274.0,,18.0,6453
1990-03-01,270.0,270.0,270.0,,18.0,6453
1990-03-02,267.0,267.0,267.0,,18.0,6453
1990-03-03,264.0,264.0,264.0,,18.0,6453
1990-03-04,263.0,263.0,263.0,,18.0,6453
1990-03-05,263.0,263.0,263.0,,18.0,6453
1990-03-06,258.0,258.0,258.0,,18.0,6453
1990-03-07,256.0,256.0,256.0,,18.0,6453
1990-03-08,253.0,253.0,253.0,,18.0,6453
1990-03-09,253.0,253.0,253.0,,18.0,6453
1990-03-10,253.0,253.0,253.0,,18.0,6453
1990-03-11,255.0,255.0,255.0,,18.0,6453
1990-03-12,259.0,259.0,259.0,,18.0,6453
1990-03-13,261.0,261.0,261.0,,18.0,6453
1990-03-14,264.0,264.0,264.0,,18.0,6453
1990-03-15,266.0,266.0,266.0,,18.0,6453
1990-03-16,267.0,267.0,267.0,,18.0,6453
1990-03-17,268.0,268.0,268.0,,18.0,6453
1990-03-18,269.0,269.0,269.0,,18.0,6453
1990-03-19,269.0,269.0,269.0,,18.0,6453
1990-03-20,266.0,266.0,266.0,,18.0,6453
1990-03-21,268.0,268.0,268.0,,18.0,6453
1990-03-22,271.0,271.0,271.0,,18.0,6453
1990-03-23,277.0,277.0,277.0,,18.0,6453
1990-03-24,289.0,289.0,289.0,,18.0,6453
1990-03-25,303.0,303.0,303.0,,17.0,6453
1990-03-26,304.0,304.0,304.0,,17.0,6453
1990-03-27,303.0,303.0,303.0,,17.0,6453
1990-03-28,299.0,299.0,299.0,,17.0,6453
1990-03-29,289.0,289.0,289.0,,17.0,6453
1990-03-30,257.0,257.0,257.0,,18.0,6453
1990-03-31,261.0,261.0,261.0,,18.0,6453
1990-04-01,276.0,273.0,278.0,0.0,16.0,6453
1990-04-02,277.0,276.0,277.0,0.0,16.0,6453
1990-04-03,272.0,269.0,275.0,0.0,16.0,6453
1990-04-04,272.0,264.0,280.0,0.0,16.0,6453
1990-04-05,293.0,288.0,298.0,0.0,16.0,6453
1990-04-06,290.0,288.0,292.0,0.0,16.0,6453
1990-04-07,291.0,287.0,295.0,0.0,16.0,6453
1990-04-08,288.0,287.0,288.0,0.0,16.0,6453
1990-04-09,285.0,284.0,285.0,0.0,16.0,6453
1990-04-10,281.0,278.0,283.0,0.0,16.0,6453
1990-04-11,276.0,274.0,277.0,0.0,16.0,6453
1990-04-12,276.0,275.0,276.0,0.0,16.0,6453
1990-04-13,273.0,271.0,275.0,0.1,16.0,6453
1990-04-14,281.0,273.0,288.0,0.1,23.16,6453
1990-04-15,288.0,287.0,289.0,0.1,23.16,6453
1990-04-16,290.0,288.0,292.0,0.1,23.16,6453
1990-04-17,291.0,290.0,292.0,0.1,23.16,6453
1990-04-18,291.0,290.0,291.0,0.1,23.15,6453
1990-04-19,294.0,293.0,294.0,0.1,23.15,6453
1990-04-20,296.0,295.0,296.0,0.1,23.15,6453
1990-04-21,295.0,295.0,295.0,0.1,23.15,6453
1990-04-22,295.0,293.0,297.0,0.0,23.15,6453
1990-04-23,307.0,292.0,322.0,0.0,26.25,6453
1990-04-24,317.0,317.0,317.0,0.0,26.25,6453
1990-04-25,312.0,311.0,312.0,0.05,26.25,6453
1990-04-26,304.0,301.0,307.0,0.0,26.0,6453
1990-04-27,298.0,297.0,299.0,0.0,26.0,6453
1990-04-28,291.0,289.0,292.0,0.0,26.0,6453
1990-04-29,288.0,288.0,288.0,0.0,26.0,6453
1990-04-30,285.0,282.0,287.0,0.0,26.0,6453
1990-05-01,278.0,277.0,278.0,0.0,26.0,6453
1990-05-02,279.0,276.0,282.0,0.0,26.25,6453
1990-05-03,289.0,278.0,299.0,0.05,26.25,6453
1990-05-04,311.0,310.0,312.0,0.2,26.25,6453
1990-05-05,326.0,318.0,333.0,0.2,,6453
1990-05-06,299.0,298.0,299.0,0.15,27.0,6453
1990-05-07,302.0,299.0,305.0,0.8,8.27,6453
1990-05-08,319.0,313.0,325.0,1.35,8.27,6453
1990-05-09,384.0,382.0,386.0,1.25,8.27,6453
1990-05-10,420.0,412.0,427.0,2.55,29.0,6453
1990-05-11,385.0,369.0,400.0,1.9,29.0,6453
1990-05-12,336.0,333.0,338.0,3.0,29.0,6453
1990-05-13,335.0,334.0,335.0,3.0,29.0,6453
1990-05-14,313.0,310.0,315.0,3.55,29.0,6453
1990-05-15,299.0,298.0,300.0,4.25,29.0,6453
1990-05-16,309.0,295.0,323.0,6.35,29.0,6453
1990-05-17,354.0,325.0,383.0,7.2,29.0,6453
1990-05-18,392.0,383.0,401.0,7.1,29.0,6453
1990-05-19,394.0,387.0,400.0,4.95,29.0,6453
1990-05-20,330.0,317.0,343.0,3.9,29.0,6453
1990-05-21,307.0,304.0,310.0,4.6,29.0,6453
1990-05-22,284.0,271.0,296.0,5.65,29.0,6453
1990-05-23,261.0,259.0,263.0,7.45,29.0,6453
1990-05-24,258.0,257.0,259.0,8.85,29.0,6453
1990-05-25,302.0,277.0,327.0,10.4,29.0,6453
1990-05-26,342.0,325.0,359.0,9.5,29.0,6453
1990-05-27,334.0,326.0,342.0,9.45,29.0,6453
1990-05-28,340.0,320.0,359.0,8.55,29.0,6453
1990-05-29,329.0,328.0,330.0,7.8,29.0,6453
1990-05-30,340.0,325.0,355.0,7.85,29.0,6453
1990-05-31,395.0,370.0,419.0,6.65,29.0,6453
1990-06-01,436.0,432.0,439.0,5.8,29.0,6453
1990-06-02,371.0,356.0,385.0,7.7,29.0,6453
1990-06-03,320.0,311.0,328.0,8.0,29.0,6453
1990-06-04,302.0,298.0,305.0,9.2,29.0,6453
1990-06-05,291.0,289.0,293.0,11.4,29.0,6453
1990-06-06,285.0,284.0,286.0,12.5,29.0,6453
1990-06-07,280.0,279.0,280.0,12.5,29.0,6453
1990-06-08,297.0,284.0,310.0,10.4,29.0,6453
1990-06-09,330.0,321.0,338.0,10.0,29.0,6453
1990-06-10,335.0,327.0,343.0,9.0,29.0,6453
1990-06-11,328.0,321.0,335.0,7.7,29.0,6453
1990-06-12,338.0,335.0,341.0,8.2,29.0,6453
1990-06-13,335.0,326.0,343.0,9.6,29.0,6453
1990-06-14,330.0,328.0,331.0,9.0,29.0,6453
1990-06-15,328.0,328.0,328.0,9.6,29.0,6453
1990-06-16,389.0,387.0,390.0,9.7,29.0,6453
1990-06-17,348.0,334.0,361.0,8.7,29.0,6453
1990-06-18,379.0,369.0,388.0,9.1,29.0,6453
1990-06-19,340.0,333.0,346.0,8.9,29.0,6453
1990-06-20,410.0,356.0,512.0,7.9,29.0,6453
1990-06-21,486.0,454.0,518.0,7.0,29.0,6453
1990-06-22,412.0,408.0,416.0,8.4,29.0,6453
1990-06-23,406.0,396.0,415.0,8.9,29.0,6453
1990-06-24,435.0,423.0,447.0,8.4,29.0,6453
1990-06-25,398.0,391.0,405.0,9.5,29.0,6453
1990-06-26,365.0,362.0,368.0,11.5,29.0,6453
1990-06-27,352.0,351.0,353.0,12.0,29.0,6453
1990-06-28,348.0,343.0,352.0,13.0,29.0,6453
1990-06-29,337.0,326.0,348.0,14.3,29.0,6453
1990-06-30,315.0,312.0,318.0,15.3,29.0,6453
1990-07-01,298.0,296.0,300.0,16.3,29.0,6453
1990-07-02,292.0,291.0,293.0,17.6,29.0,6453
1990-07-03,288.0,287.0,289.0,17.1,29.0,6453
1990-07-04,285.0,284.0,285.0,17.6,29.0,6453
1990-07-05,283.0,281.0,284.0,17.9,29.0,6453
1990-07-06,281.0,280.0,282.0,17.6,29.0,6453
1990-07-07,285.0,284.0,285.0,18.0,29.0,6453
1990-07-08,285.0,284.0,285.0,17.6,29.0,6453
1990-07-09,283.0,282.0,284.0,18.2,29.0,6453
1990-07-10,281.0,281.0,281.0,17.4,29.0,6453
1990-07-11,281.0,280.0,282.0,17.2,29.0,6453
1990-07-12,319.0,290.0,348.0,15.5,29.0,6453
1990-07-13,430.0,413.0,446.0,11.4,29.0,6453
1990-07-14,432.0,410.0,453.0,10.8,29.0,6453
1990-07-15,369.0,359.0,378.0,12.4,29.0,6453
1990-07-16,340.0,335.0,345.0,14.0,29.0,6453
1990-07-17,328.0,327.0,328.0,13.8,29.0,6453
1990-07-18,330.0,327.0,332.0,14.1,29.0,6453
1990-07-19,310.0,301.0,318.0,15.1,29.0,6453
1990-07-20,293.0,292.0,293.0,16.0,29.0,6453
1990-07-21,287.0,285.0,289.0,17.2,29.0,6453
1990-07-22,283.0,281.0,284.0,19.5,29.0,6453
1990-07-23,281.0,280.0,282.0,15.7,29.0,6453
1990-07-24,437.0,313.0,561.0,10.4,29.0,6453
1990-07-25,521.0,509.0,533.0,6.5,29.0,6453
1990-07-26,473.0,448.0,498.0,8.0,29.0,6453
1990-07-27,397.0,384.0,409.0,9.0,29.0,6453
1990-07-28,363.0,356.0,369.0,10.5,29.0,6453
1990-07-29,341.0,336.0,345.0,12.3,29.0,6453
1990-07-30,325.0,322.0,328.0,13.1,29.0,6453
1990-07-31,314.0,311.0,316.0,12.5,29.0,6453
1990-08-01,328.0,313.0,342.0,12.4,29.0,6453
1990-08-02,366.0,362.0,369.0,11.2,29.0,6453
1990-08-03,422.0,360.0,568.0,10.1,29.0,6453
1990-08-04,639.0,633.0,668.0,7.1,29.0,6453
1990-08-05,598.0,561.0,621.0,6.7,29.0,6453
1990-08-06,566.0,513.0,601.0,7.4,29.0,6453
1990-08-07,458.0,440.0,476.0,8.2,29.0,6453
1990-08-08,403.0,397.0,409.0,9.0,29.0,6453
1990-08-09,377.0,370.0,384.0,10.0,29.0,6453
1990-08-10,359.0,355.0,362.0,10.7,29.0,6453
1990-08-11,344.0,342.0,346.0,10.5,29.0,6453
1990-08-12,334.0,332.0,336.0,11.0,29.0,6453
1990-08-13,325.0,323.0,327.0,11.2,29.0,6453
1990-08-14,318.0,317.0,318.0,11.0,29.0,6453
1990-08-15,313.0,312.0,314.0,11.9,29.0,6453
1990-08-16,310.0,309.0,311.0,12.4,29.0,6453
1990-08-17,306.0,306.0,306.0,12.2,29.0,6453
1990-08-18,306.0,305.0,306.0,12.7,29.0,6453
1990-08-19,304.0,304.0,304.0,13.1,29.0,6453
1990-08-20,304.0,303.0,304.0,12.9,29.0,6453
1990-08-21,308.0,302.0,314.0,12.9,29.0,6453
1990-08-22,390.0,388.0,391.0,12.9,29.0,6453
1990-08-23,354.0,347.0,360.0,11.9,29.0,6453
1990-08-24,336.0,332.0,339.0,12.5,29.0,6453
1990-08-25,325.0,322.0,327.0,12.1,29.0,6453
1990-08-26,318.0,316.0,319.0,12.6,29.0,6453
1990-08-27,311.0,308.0,313.0,12.6,29.0,6453
1990-08-28,305.0,304.0,305.0,13.4,29.0,6453
1990-08-29,303.0,302.0,303.0,12.5,29.0,6453
1990-08-30,315.0,304.0,325.0,13.3,29.0,6453
1990-08-31,471.0,400.0,541.0,9.4,29.0,6453
1990-09-01,482.0,456.0,508.0,7.1,29.0,6453
1990-09-02,438.0,428.0,448.0,7.6,29.0,6453
1990-09-03,400.0,389.0,410.0,8.1,29.0,6453
1990-09-04,375.0,369.0,381.0,7.7,29.0,6453
1990-09-05,358.0,353.0,363.0,8.6,29.0,6453
1990-09-06,344.0,343.0,345.0,9.2,29.0,6453
1990-09-07,335.0,328.0,342.0,9.7,29.0,6453
1990-09-08,330.0,328.0,332.0,9.4,29.0,6453
1990-09-09,348.0,345.0,350.0,10.2,29.0,6453
1990-09-10,355.0,353.0,356.0,8.1,29.0,6453
1990-09-11,347.0,345.0,348.0,7.1,29.0,6453
1990-09-12,341.0,339.0,342.0,7.5,29.0,6453
1990-09-13,334.0,331.0,336.0,7.1,29.0,6453
1990-09-14,325.0,323.0,326.0,7.1,29.0,6453
1990-09-15,317.0,315.0,319.0,7.3,29.0,6453
1990-09-16,312.0,310.0,313.0,7.5,29.0,6453
1990-09-17,306.0,304.0,307.0,8.0,29.0,6453
1990-09-18,301.0,300.0,302.0,8.3,29.0,6453
1990-09-19,335.0,299.0,370.0,8.3,29.0,6453
1990-09-20,374.0,370.0,377.0,8.4,29.0,6453
1990-09-21,357.0,355.0,358.0,6.7,29.0,6453
1990-09-22,347.0,344.0,349.0,6.1,29.0,6453
1990-09-23,338.0,336.0,339.0,5.4,29.0,6453
1990-09-24,332.0,330.0,333.0,5.5,29.0,6453
1990-09-25,325.0,323.0,327.0,5.5,29.0,6453
1990-09-26,325.0,323.0,326.0,5.8,29.0,6453
1990-09-27,323.0,322.0,323.0,5.8,29.0,6453
1990-09-28,323.0,321.0,324.0,6.4,29.0,6453
1990-09-29,322.0,321.0,323.0,6.8,29.0,6453
1990-09-30,320.0,320.0,320.0,6.8,29.0,6453
1990-10-01,319.0,319.0,319.0,6.2,29.0,6453
1990-10-02,323.0,321.0,324.0,5.9,29.0,6453
1990-10-03,324.0,323.0,325.0,5.7,29.0,6453
1990-10-04,321.0,320.0,322.0,5.5,29.0,6453
1990-10-05,317.0,316.0,317.0,4.6,29.0,6453
1990-10-06,329.0,320.0,338.0,3.5,29.0,6453
1990-10-07,332.0,329.0,334.0,1.8,29.0,6453
1990-10-08,322.0,319.0,324.0,1.6,29.0,6453
1990-10-09,314.0,312.0,315.0,1.0,29.0,6453
1990-10-10,309.0,308.0,310.0,2.1,29.0,6453
1990-10-11,305.0,304.0,306.0,3.0,29.0,6453
1990-10-12,301.0,300.0,302.0,4.7,29.0,6453
1990-10-13,298.0,297.0,298.0,4.4,29.0,6453
1990-10-14,323.0,305.0,340.0,4.0,29.0,6453
1990-10-15,362.0,355.0,368.0,3.5,29.0,6453
1990-10-16,378.0,377.0,378.0,2.9,29.0,6453
1990-10-17,373.0,371.0,374.0,2.6,29.0,6453
1990-10-18,366.0,362.0,369.0,2.5,29.0,6453
1990-10-19,344.0,340.0,347.0,2.7,29.0,6453
1990-10-20,333.0,331.0,334.0,1.9,29.0,6453
1990-10-21,325.0,322.0,327.0,1.7,29.0,6453
1990-10-22,318.0,317.0,319.0,1.6,29.0,6453
1990-10-23,314.0,313.0,315.0,1.5,29.0,6453
1990-10-24,310.0,309.0,311.0,2.5,29.0,6453
1990-10-25,307.0,306.0,307.0,0.8,29.0,6453
1990-10-26,303.0,302.0,303.0,0.5,6.29,6453
1990-10-27,295.0,292.0,297.0,0.0,,6453
1990-10-28,288.0,285.0,291.0,0.0,,6453
1990-10-29,286.0,285.0,287.0,0.0,,6453
1990-10-30,290.0,289.0,291.0,0.5,2.29,6453
1990-10-31,298.0,293.0,303.0,0.9,29.0,6453
1990-11-01,328.0,322.0,334.0,0.4,4.29,6453
1990-11-02,337.0,330.0,343.0,0.0,,6453
1990-11-03,326.0,322.0,329.0,0.0,,6453
1990-11-04,312.0,301.0,323.0,0.0,,6453
1990-11-05,298.0,295.0,300.0,0.0,,6453
1990-11-06,294.0,293.0,295.0,0.0,,6453
1990-11-07,299.0,298.0,300.0,0.0,,6453
1990-11-08,296.0,294.0,297.0,0.0,,6453
1990-11-09,289.0,287.0,290.0,0.0,,6453
1990-11-10,282.0,281.0,282.0,0.0,,6453
1990-11-11,280.0,279.0,280.0,0.0,,6453
1990-11-12,276.0,274.0,278.0,0.0,,6453
1990-11-13,271.0,270.0,271.0,0.0,,6453
1990-11-14,269.0,268.0,269.0,0.0,,6453
1990-11-15,266.0,266.0,266.0,0.0,,6453
1990-11-16,265.0,265.0,265.0,0.0,,6453
1990-11-17,264.0,263.0,264.0,0.0,,6453
1990-11-18,286.0,262.0,310.0,0.0,,6453
1990-11-19,312.0,312.0,312.0,0.0,5.15,6453
1990-11-20,314.0,307.0,320.0,0.0,5.15,6453
1990-11-21,325.0,324.0,326.0,0.0,5.15,6453
1990-11-22,326.0,323.0,329.0,0.0,5.15,6453
1990-11-23,328.0,326.0,330.0,0.0,5.15,6453
1990-11-24,332.0,330.0,334.0,0.0,5.15,6453
1990-11-25,336.0,335.0,336.0,0.0,5.15,6453
1990-11-26,339.0,334.0,343.0,0.0,,6453
1990-11-27,345.0,345.0,345.0,0.0,14.0,6453
1990-11-28,348.0,347.0,348.0,0.0,14.0,6453
1990-11-29,345.0,340.0,350.0,0.0,14.0,6453
1990-11-30,335.0,334.0,336.0,0.0,14.0,6453
1990-12-01,332.0,332.0,332.0,,14.0,6453
1990-12-02,342.0,342.0,342.0,,14.0,6453
1990-12-03,338.0,338.0,338.0,,14.0,6453
1990-12-04,336.0,336.0,336.0,,14.0,6453
1990-12-05,334.0,334.0,334.0,,14.0,6453
1990-12-06,332.0,332.0,332.0,,14.0,6453
1990-12-07,331.0,331.0,331.0,,14.0,6453
1990-12-08,330.0,330.0,330.0,,14.0,6453
1990-12-09,328.0,328.0,328.0,,14.0,6453
1990-12-10,327.0,327.0,327.0,,14.0,6453
1990-12-11,325.0,325.0,325.0,,14.0,6453
1990-12-12,324.0,324.0,324.0,,14.0,6453
1990-12-13,323.0,323.0,323.0,,14.0,6453
1990-12-14,321.0,321.0,321.0,,14.0,6453
1990-12-15,320.0,320.0,320.0,,14.0,6453
1990-12-16,320.0,320.0,320.0,,14.0,6453
1990-12-17,319.0,319.0,319.0,,14.0,6453
1990-12-18,319.0,319.0,319.0,,14.0,6453
1990-12-19,318.0,318.0,318.0,,14.0,6453
1990-12-20,318.0,318.0,318.0,,14.0,6453
1990-12-21,317.0,317.0,317.0,,14.0,6453
1990-12-22,316.0,316.0,316.0,,14.0,6453
1990-12-23,316.0,316.0,316.0,,14.0,6453
1990-12-24,315.0,315.0,315.0,,14.0,6453
1990-12-25,315.0,315.0,315.0,,14.0,6453
1990-12-26,315.0,315.0,315.0,,14.0,6453
1990-12-27,314.0,314.0,314.0,,14.0,6453
1990-12-28,314.0,314.0,314.0,,14.0,6453
1990-12-29,314.0,314.0,314.0,,14.0,6453
1990-12-30,313.0,313.0,313.0,,14.0,6453
1990-12-31,313.0,313.0,313.0,,14.0,6453
1991-01-01,312.0,312.0,312.0,,14.0,6453
1991-01-02,312.0,312.0,312.0,,14.0,6453
1991-01-03,311.0,311.0,311.0,,14.0,6453
1991-01-04,311.0,311.0,311.0,,14.0,6453
1991-01-05,310.0,310.0,310.0,,14.0,6453
1991-01-06,310.0,310.0,310.0,,14.0,6453
1991-01-07,311.0,311.0,311.0,,14.0,6453
1991-01-08,311.0,311.0,311.0,,14.0,6453
1991-01-09,311.0,311.0,311.0,,14.0,6453
1991-01-10,311.0,311.0,311.0,,14.0,6453
1991-01-11,311.0,311.0,311.0,,14.0,6453
1991-01-12,311.0,311.0,311.0,,14.0,6453
1991-01-13,310.0,310.0,310.0,,14.0,6453
1991-01-14,310.0,310.0,310.0,,14.0,6453
1991-01-15,310.0,310.0,310.0,,14.0,6453
1991-01-16,311.0,311.0,311.0,,14.0,6453
1991-01-17,311.0,311.0,311.0,,14.0,6453
1991-01-18,311.0,311.0,311.0,,14.0,6453
1991-01-19,311.0,311.0,311.0,,14.0,6453
1991-01-20,311.0,311.0,311.0,,14.0,6453
1991-01-21,311.0,311.0,311.0,,14.0,6453
1991-01-22,311.0,311.0,311.0,,14.0,6453
1991-01-23,311.0,311.0,311.0,,14.0,6453
1991-01-24,310.0,310.0,310.0,,14.0,6453
1991-01-25,310.0,310.0,310.0,,14.0,6453
1991-01-26,309.0,309.0,309.0,,14.0,6453
1991-01-27,309.0,309.0,309.0,,14.0,6453
1991-01-28,309.0,309.0,309.0,,14.0,6453
1991-01-29,308.0,308.0,308.0,,14.0,6453
1991-01-30,308.0,308.0,308.0,,14.0,6453
1991-01-31,307.0,307.0,307.0,,14.0,6453
1991-02-01,307.0,307.0,307.0,,14.0,6453
1991-02-02,307.0,307.0,307.0,,14.0,6453
1991-02-03,307.0,307.0,307.0,,14.0,6453
1991-02-04,306.0,306.0,306.0,,14.0,6453
1991-02-05,306.0,306.0,306.0,,14.0,6453
1991-02-06,306.0,306.0,306.0,,14.0,6453
1991-02-07,306.0,306.0,306.0,,14.0,6453
1991-02-08,307.0,307.0,307.0,,14.0,6453
1991-02-09,307.0,307.0,307.0,,14.0,6453
1991-02-10,307.0,307.0,307.0,,14.0,6453
1991-02-11,307.0,307.0,307.0,,14.0,6453
1991-02-12,308.0,308.0,308.0,,14.0,6453
1991-02-13,308.0,308.0,308.0,,14.0,6453
1991-02-14,308.0,308.0,308.0,,14.0,6453
1991-02-15,308.0,308.0,308.0,,14.0,6453
1991-02-16,308.0,308.0,308.0,,14.0,6453
1991-02-17,308.0,308.0,308.0,,14.0,6453
1991-02-18,309.0,309.0,309.0,,14.0,6453
1991-02-19,309.0,309.0,309.0,,14.0,6453
1991-02-20,309.0,309.0,309.0,,14.0,6453
1991-02-21,308.0,308.0,308.0,,14.0,6453
1991-02-22,308.0,308.0,308.0,,14.0,6453
1991-02-23,308.0,308.0,308.0,,14.0,6453
1991-02-24,307.0,307.0,307.0,,14.0,6453
1991-02-25,307.0,307.0,307.0,,14.0,6453
1991-02-26,307.0,307.0,307.0,,14.0,6453
1991-02-27,307.0,307.0,307.0,,14.0,6453
1991-02-28,308.0,308.0,308.0,,14.0,6453
1991-03-01,308.0,308.0,308.0,,14.0,6453
1991-03-02,308.0,308.0,308.0,,14.0,6453
1991-03-03,307.0,307.0,307.0,,14.0,6453
1991-03-04,307.0,307.0,307.0,,14.0,6453
1991-03-05,307.0,307.0,307.0,,14.0,6453
1991-03-06,307.0,307.0,307.0,,14.0,6453
1991-03-07,306.0,306.0,306.0,,14.0,6453
1991-03-08,306.0,306.0,306.0,,14.0,6453
1991-03-09,306.0,306.0,306.0,,14.0,6453
1991-03-10,306.0,306.0,306.0,,14.0,6453
1991-03-11,305.0,305.0,305.0,,14.0,6453
1991-03-12,305.0,305.0,305.0,,14.0,6453
1991-03-13,304.0,304.0,304.0,,14.0,6453
1991-03-14,304.0,304.0,304.0,,14.0,6453
1991-03-15,303.0,303.0,303.0,,14.0,6453
1991-03-16,303.0,303.0,303.0,,14.0,6453
1991-03-17,304.0,304.0,304.0,,14.0,6453
1991-03-18,304.0,304.0,304.0,,14.0,6453
1991-03-19,305.0,305.0,305.0,,14.0,6453
1991-03-20,305.0,305.0,305.0,,14.0,6453
1991-03-21,305.0,305.0,305.0,,14.0,6453
1991-03-22,304.0,304.0,304.0,,14.0,6453
1991-03-23,304.0,304.0,304.0,,14.0,6453
1991-03-24,303.0,303.0,303.0,,14.0,6453
1991-03-25,303.0,303.0,303.0,,14.0,6453
1991-03-26,304.0,304.0,304.0,,14.0,6453
1991-03-27,303.0,303.0,303.0,,14.0,6453
1991-03-28,302.0,302.0,302.0,,14.0,6453
1991-03-29,301.0,301.0,301.0,,14.0,6453
1991-03-30,302.0,302.0,302.0,,14.0,6453
1991-03-31,301.0,301.0,301.0,,14.0,6453
1991-04-01,301.0,300.0,301.0,,14.0,6453
1991-04-02,302.0,300.0,304.0,,14.0,6453
1991-04-03,305.0,305.0,305.0,,14.0,6453
1991-04-04,306.0,305.0,307.0,,14.0,6453
1991-04-05,307.0,305.0,308.0,,14.0,6453
1991-04-06,307.0,306.0,307.0,,14.0,6453
1991-04-07,307.0,306.0,307.0,,14.0,6453
1991-04-08,308.0,307.0,308.0,,14.0,6453
1991-04-09,310.0,310.0,310.0,,14.0,6453
1991-04-10,310.0,309.0,310.0,,16.14,6453
1991-04-11,310.0,309.0,310.0,0.0,16.0,6453
1991-04-12,308.0,308.0,308.0,0.0,16.0,6453
1991-04-13,306.0,305.0,307.0,0.0,16.0,6453
1991-04-14,304.0,304.0,304.0,0.0,16.0,6453
1991-04-15,305.0,304.0,305.0,0.0,16.14,6453
1991-04-16,305.0,305.0,305.0,0.0,16.0,6453
1991-04-17,305.0,304.0,305.0,0.0,16.0,6453
1991-04-18,304.0,303.0,304.0,0.0,24.0,6453
1991-04-19,302.0,300.0,304.0,0.0,24.0,6453
1991-04-20,299.0,298.0,300.0,0.0,24.14,6453
1991-04-21,304.0,303.0,305.0,0.0,24.0,6453
1991-04-22,304.0,303.0,304.0,0.0,24.0,6453
1991-04-23,305.0,305.0,305.0,0.0,24.0,6453
1991-04-24,305.0,305.0,305.0,0.0,24.0,6453
1991-04-25,306.0,305.0,307.0,0.0,24.14,6453
1991-04-26,309.0,308.0,310.0,0.1,24.0,6453
1991-04-27,310.0,310.0,310.0,0.1,24.0,6453
1991-04-28,310.0,310.0,310.0,0.05,24.0,6453
1991-04-29,310.0,310.0,310.0,0.05,24.0,6453
1991-04-30,307.0,307.0,307.0,0.1,24.14,6453
1991-05-01,305.0,304.0,306.0,0.05,24.0,6453
1991-05-02,302.0,302.0,302.0,0.1,24.0,6453
1991-05-03,295.0,295.0,295.0,0.1,24.0,6453
1991-05-04,298.0,297.0,299.0,0.1,24.0,6453
1991-05-05,298.0,296.0,300.0,0.1,,6453
1991-05-06,276.0,276.0,276.0,0.7,,6453
1991-05-07,278.0,276.0,279.0,1.45,2.0,6453
1991-05-08,280.0,279.0,281.0,0.8,2.0,6453
1991-05-09,300.0,295.0,304.0,1.4,2.0,6453
1991-05-10,308.0,305.0,310.0,2.05,29.0,6453
1991-05-11,318.0,316.0,319.0,2.6,29.0,6453
1991-05-12,326.0,325.0,327.0,2.65,29.0,6453
1991-05-13,331.0,330.0,332.0,3.75,29.0,6453
1991-05-14,357.0,355.0,359.0,4.1,29.0,6453
1991-05-15,387.0,385.0,389.0,3.75,29.0,6453
1991-05-16,396.0,392.0,399.0,4.0,29.0,6453
1991-05-17,411.0,406.0,415.0,4.25,29.0,6453
1991-05-18,430.0,428.0,432.0,4.3,29.0,6453
1991-05-19,441.0,440.0,441.0,4.6,29.0,6453
1991-05-20,447.0,435.0,458.0,5.4,29.0,6453
1991-05-21,541.0,505.0,576.0,3.3,29.0,6453
1991-05-22,479.0,457.0,501.0,2.3,29.0,6453
1991-05-23,438.0,412.0,463.0,2.45,29.0,6453
1991-05-24,390.0,379.0,401.0,2.95,29.0,6453
1991-05-25,430.0,412.0,447.0,2.5,29.0,6453
1991-05-26,394.0,392.0,395.0,3.4,29.0,6453
1991-05-27,377.0,374.0,380.0,4.65,29.0,6453
1991-05-28,384.0,363.0,404.0,4.95,29.0,6453
1991-05-29,411.0,397.0,424.0,5.55,29.0,6453
1991-05-30,421.0,412.0,430.0,5.9,29.0,6453
1991-05-31,448.0,440.0,456.0,5.6,29.0,6453
1991-06-01,471.0,464.0,478.0,5.55,29.0,6453
1991-06-02,446.0,444.0,447.0,5.7,29.0,6453
1991-06-03,422.0,420.0,423.0,5.55,29.0,6453
1991-06-04,440.0,428.0,451.0,5.8,29.0,6453
1991-06-05,421.0,420.0,422.0,6.45,29.0,6453
1991-06-06,403.0,390.0,415.0,7.9,29.0,6453
1991-06-07,401.0,392.0,410.0,8.3,29.0,6453
1991-06-08,384.0,374.0,394.0,8.85,29.0,6453
1991-06-09,387.0,377.0,397.0,9.0,29.0,6453
1991-06-10,403.0,385.0,420.0,7.95,29.0,6453
1991-06-11,387.0,380.0,393.0,8.2,29.0,6453
1991-06-12,386.0,382.0,389.0,8.65,29.0,6453
1991-06-13,372.0,368.0,375.0,8.95,29.0,6453
1991-06-14,368.0,360.0,375.0,10.9,29.0,6453
1991-06-15,346.0,345.0,346.0,11.55,29.0,6453
1991-06-16,337.0,336.0,337.0,12.95,29.0,6453
1991-06-17,334.0,332.0,335.0,13.15,29.0,6453
1991-06-18,323.0,318.0,327.0,11.6,29.0,6453
1991-06-19,318.0,317.0,318.0,12.05,29.0,6453
1991-06-20,323.0,318.0,328.0,11.55,29.0,6453
1991-06-21,328.0,326.0,330.0,11.9,29.0,6453
1991-06-22,333.0,328.0,338.0,11.65,29.0,6453
1991-06-23,317.0,313.0,320.0,11.85,29.0,6453
1991-06-24,312.0,312.0,312.0,12.25,29.0,6453
1991-06-25,354.0,348.0,359.0,13.65,29.0,6453
1991-06-26,332.0,327.0,337.0,13.5,29.0,6453
1991-06-27,332.0,325.0,339.0,13.9,29.0,6453
1991-06-28,354.0,331.0,377.0,14.7,29.0,6453
1991-06-29,340.0,332.0,347.0,14.05,29.0,6453
1991-06-30,321.0,317.0,325.0,15.55,29.0,6453
1991-07-01,311.0,308.0,313.0,15.45,29.0,6453
1991-07-02,304.0,302.0,305.0,16.75,29.0,6453
1991-07-03,308.0,303.0,313.0,16.95,29.0,6453
1991-07-04,340.0,314.0,365.0,15.3,29.0,6453
1991-07-05,373.0,364.0,381.0,13.6,29.0,6453
1991-07-06,351.0,341.0,360.0,13.35,29.0,6453
1991-07-07,340.0,331.0,349.0,14.0,29.0,6453
1991-07-08,348.0,340.0,355.0,11.9,29.0,6453
1991-07-09,332.0,328.0,336.0,10.8,29.0,6453
1991-07-10,363.0,354.0,371.0,9.8,29.0,6453
1991-07-11,385.0,373.0,396.0,8.85,29.0,6453
1991-07-12,392.0,375.0,409.0,8.85,29.0,6453
1991-07-13,346.0,306.0,385.0,9.75,29.0,6453
1991-07-14,364.0,355.0,373.0,10.5,29.0,6453
1991-07-15,341.0,337.0,345.0,12.1,29.0,6453
1991-07-16,329.0,327.0,331.0,13.8,29.0,6453
1991-07-17,320.0,317.0,322.0,14.3,29.0,6453
1991-07-18,311.0,310.0,312.0,14.95,29.0,6453
1991-07-19,305.0,304.0,306.0,15.15,29.0,6453
1991-07-20,301.0,300.0,302.0,15.4,29.0,6453
1991-07-21,298.0,297.0,298.0,15.7,29.0,6453
1991-07-22,300.0,296.0,303.0,15.7,29.0,6453
1991-07-23,317.0,315.0,318.0,16.1,29.0,6453
1991-07-24,317.0,314.0,320.0,15.5,29.0,6453
1991-07-25,311.0,309.0,313.0,15.15,29.0,6453
1991-07-26,328.0,324.0,331.0,15.15,29.0,6453
1991-07-27,326.0,323.0,329.0,14.8,29.0,6453
1991-07-28,334.0,329.0,338.0,14.5,29.0,6453
1991-07-29,320.0,316.0,323.0,15.6,29.0,6453
1991-07-30,313.0,312.0,313.0,16.15,29.0,6453
1991-07-31,324.0,311.0,337.0,14.2,29.0,6453
1991-08-01,501.0,456.0,530.0,9.2,29.0,6453
1991-08-02,434.0,426.0,442.0,11.05,29.0,6453
1991-08-03,390.0,384.0,396.0,12.4,29.0,6453
1991-08-04,378.0,377.0,379.0,12.05,29.0,6453
1991-08-05,510.0,402.0,590.0,7.35,29.0,6453
1991-08-06,451.0,426.0,475.0,8.65,29.0,6453
1991-08-07,434.0,414.0,453.0,9.7,29.0,6453
1991-08-08,408.0,395.0,420.0,10.75,29.0,6453
1991-08-09,376.0,373.0,379.0,11.4,29.0,6453
1991-08-10,357.0,353.0,361.0,12.5,29.0,6453
1991-08-11,346.0,346.0,346.0,12.9,29.0,6453
1991-08-12,566.0,437.0,614.0,7.9,29.0,6453
1991-08-13,472.0,451.0,493.0,8.35,29.0,6453
1991-08-14,475.0,467.0,482.0,8.45,29.0,6453
1991-08-15,477.0,474.0,480.0,8.55,29.0,6453
1991-08-16,422.0,411.0,432.0,9.35,29.0,6453
1991-08-17,382.0,377.0,387.0,10.8,29.0,6453
1991-08-18,364.0,360.0,367.0,10.7,29.0,6453
1991-08-19,354.0,353.0,355.0,11.15,29.0,6453
1991-08-20,367.0,357.0,376.0,11.05,29.0,6453
1991-08-21,380.0,378.0,382.0,10.95,29.0,6453
1991-08-22,386.0,384.0,388.0,11.05,29.0,6453
1991-08-23,376.0,371.0,381.0,11.9,29.0,6453
1991-08-24,366.0,357.0,374.0,12.3,29.0,6453
1991-08-25,368.0,367.0,369.0,10.9,29.0,6453
1991-08-26,361.0,357.0,365.0,10.0,29.0,6453
1991-08-27,348.0,345.0,351.0,10.2,29.0,6453
1991-08-28,340.0,338.0,341.0,10.65,29.0,6453
1991-08-29,338.0,336.0,340.0,10.3,29.0,6453
1991-08-30,344.0,343.0,345.0,10.8,29.0,6453
1991-08-31,337.0,335.0,339.0,10.9,29.0,6453
1991-09-01,330.0,328.0,332.0,11.05,29.0,6453
1991-09-02,325.0,324.0,326.0,10.8,29.0,6453
1991-09-03,322.0,321.0,322.0,10.7,29.0,6453
1991-09-04,320.0,320.0,320.0,10.3,29.0,6453
1991-09-05,320.0,319.0,320.0,9.9,29.0,6453
1991-09-06,320.0,318.0,322.0,9.0,29.0,6453
1991-09-07,336.0,329.0,342.0,9.1,29.0,6453
1991-09-08,350.0,347.0,353.0,7.75,29.0,6453
1991-09-09,362.0,358.0,366.0,7.95,29.0,6453
1991-09-10,379.0,372.0,386.0,7.85,29.0,6453
1991-09-11,447.0,431.0,463.0,6.45,29.0,6453
1991-09-12,431.0,421.0,440.0,6.85,29.0,6453
1991-09-13,402.0,396.0,407.0,7.05,29.0,6453
1991-09-14,385.0,382.0,388.0,6.85,29.0,6453
1991-09-15,376.0,374.0,378.0,6.4,29.0,6453
1991-09-16,365.0,361.0,368.0,6.4,29.0,6453
1991-09-17,353.0,350.0,356.0,6.95,29.0,6453
1991-09-18,341.0,339.0,342.0,7.15,29.0,6453
1991-09-19,333.0,331.0,334.0,6.85,29.0,6453
1991-09-20,327.0,325.0,328.0,6.05,29.0,6453
1991-09-21,322.0,320.0,323.0,6.55,29.0,6453
1991-09-22,317.0,317.0,317.0,6.6,29.0,6453
1991-09-23,319.0,317.0,320.0,6.6,29.0,6453
1991-09-24,360.0,331.0,389.0,5.5,29.0,6453
1991-09-25,416.0,412.0,419.0,4.2,29.0,6453
1991-09-26,395.0,388.0,401.0,4.2,29.0,6453
1991-09-27,367.0,361.0,372.0,4.3,29.0,6453
1991-09-28,353.0,350.0,356.0,4.5,29.0,6453
1991-09-29,341.0,338.0,343.0,4.4,29.0,6453
1991-09-30,332.0,330.0,334.0,3.95,29.0,6453
1991-10-01,325.0,323.0,326.0,4.0,29.0,6453
1991-10-02,324.0,323.0,324.0,4.1,29.0,6453
1991-10-03,322.0,322.0,322.0,4.4,29.0,6453
1991-10-04,322.0,321.0,322.0,4.3,29.0,6453
1991-10-05,320.0,319.0,320.0,4.2,29.0,6453
1991-10-06,318.0,317.0,318.0,4.4,29.0,6453
1991-10-07,316.0,315.0,316.0,4.0,29.0,6453
1991-10-08,313.0,312.0,313.0,3.6,29.0,6453
1991-10-09,310.0,309.0,311.0,3.15,29.0,6453
1991-10-10,305.0,304.0,305.0,3.2,29.0,6453
1991-10-11,303.0,303.0,303.0,4.2,29.0,6453
1991-10-12,332.0,311.0,352.0,4.45,29.0,6453
1991-10-13,380.0,377.0,382.0,3.85,29.0,6453
1991-10-14,364.0,358.0,369.0,2.85,29.0,6453
1991-10-15,344.0,340.0,347.0,2.0,29.0,6453
1991-10-16,328.0,324.0,331.0,1.6,29.0,6453
1991-10-17,326.0,323.0,328.0,1.7,29.0,6453
1991-10-18,319.0,317.0,320.0,2.4,29.0,6453
1991-10-19,315.0,313.0,316.0,3.0,29.0,6453
1991-10-20,309.0,308.0,310.0,2.6,29.0,6453
1991-10-21,305.0,304.0,306.0,1.8,29.0,6453
1991-10-22,301.0,300.0,302.0,1.7,29.0,6453
1991-10-23,296.0,295.0,297.0,1.0,29.0,6453
1991-10-24,293.0,292.0,294.0,0.3,,6453
1991-10-25,288.0,286.0,290.0,0.2,,6453
1991-10-26,285.0,284.0,285.0,0.6,,6453
1991-10-27,288.0,288.0,288.0,0.5,29.0,6453
1991-10-28,289.0,288.0,289.0,0.05,29.0,6453
1991-10-29,288.0,286.0,289.0,0.0,,6453
1991-10-30,279.0,278.0,280.0,0.0,,6453
1991-10-31,273.0,272.0,274.0,0.0,,6453
1991-11-01,269.0,267.0,271.0,0.0,,6453
1991-11-02,275.0,275.0,275.0,0.0,,6453
1991-11-03,281.0,279.0,282.0,0.0,,6453
1991-11-04,273.0,271.0,274.0,0.0,,6453
1991-11-05,266.0,264.0,268.0,0.0,,6453
1991-11-06,260.0,259.0,260.0,0.0,,6453
1991-11-07,261.0,261.0,261.0,0.0,,6453
1991-11-08,263.0,262.0,263.0,0.0,,6453
1991-11-09,267.0,265.0,268.0,0.0,,6453
1991-11-10,281.0,273.0,288.0,0.0,,6453
1991-11-11,306.0,303.0,308.0,0.0,,6453
1991-11-12,312.0,311.0,313.0,0.0,15.0,6453
1991-11-13,310.0,309.0,311.0,0.0,15.0,6453
1991-11-14,306.0,305.0,306.0,0.0,16.15,6453
1991-11-15,303.0,302.0,303.0,0.0,16.0,6453
1991-11-16,301.0,300.0,301.0,0.0,16.0,6453
1991-11-17,300.0,300.0,300.0,0.0,16.0,6453
1991-11-18,300.0,300.0,300.0,0.0,16.0,6453
1991-11-19,302.0,299.0,305.0,0.0,16.0,6453
1991-11-20,307.0,307.0,307.0,0.0,16.0,6453
1991-11-21,305.0,305.0,305.0,0.0,16.0,6453
1991-11-22,306.0,304.0,307.0,0.0,16.0,6453
1991-11-23,308.0,308.0,308.0,0.0,16.0,6453
1991-11-24,308.0,308.0,308.0,0.0,16.0,6453
1991-11-25,307.0,307.0,307.0,0.0,16.0,6453
1991-11-26,307.0,307.0,307.0,0.0,16.0,6453
1991-11-27,306.0,306.0,306.0,0.0,16.0,6453
1991-11-28,306.0,306.0,306.0,0.0,16.0,6453
1991-11-29,305.0,305.0,305.0,0.0,16.0,6453
1991-11-30,305.0,305.0,305.0,0.0,16.0,6453
1991-12-01,305.0,305.0,305.0,,16.0,6453
1991-12-02,305.0,305.0,305.0,,16.0,6453
1991-12-03,305.0,305.0,305.0,,16.0,6453
1991-12-04,304.0,304.0,304.0,,16.0,6453
1991-12-05,304.0,304.0,304.0,,16.0,6453
1991-12-06,303.0,303.0,303.0,,16.0,6453
1991-12-07,303.0,303.0,303.0,,16.0,6453
1991-12-08,301.0,301.0,301.0,,16.0,6453
1991-12-09,300.0,300.0,300.0,,16.0,6453
1991-12-10,300.0,300.0,300.0,,16.0,6453
1991-12-11,300.0,300.0,300.0,,16.0,6453
1991-12-12,299.0,299.0,299.0,,16.0,6453
1991-12-13,298.0,298.0,298.0,,16.0,6453
1991-12-14,297.0,297.0,297.0,,16.0,6453
1991-12-15,296.0,296.0,296.0,,16.0,6453
1991-12-16,295.0,295.0,295.0,,16.0,6453
1991-12-17,294.0,294.0,294.0,,16.0,6453
1991-12-18,293.0,293.0,293.0,,16.0,6453
1991-12-19,292.0,292.0,292.0,,16.0,6453
1991-12-20,292.0,292.0,292.0,,16.0,6453
1991-12-21,291.0,291.0,291.0,,16.0,6453
1991-12-22,291.0,291.0,291.0,,16.0,6453
1991-12-23,290.0,290.0,290.0,,16.0,6453
1991-12-24,289.0,289.0,289.0,,16.0,6453
1991-12-25,289.0,289.0,289.0,,16.0,6453
1991-12-26,288.0,288.0,288.0,,16.0,6453
1991-12-27,288.0,288.0,288.0,,16.0,6453
1991-12-28,287.0,287.0,287.0,,16.0,6453
1991-12-29,286.0,286.0,286.0,,16.0,6453
1991-12-30,286.0,286.0,286.0,,16.0,6453
1991-12-31,285.0,285.0,285.0,,16.0,6453
1992-01-01,284.0,284.0,284.0,,16.0,6453
1992-01-02,283.0,283.0,283.0,,16.0,6453
1992-01-03,282.0,282.0,282.0,,16.0,6453
1992-01-04,281.0,281.0,281.0,,16.0,6453
1992-01-05,280.0,280.0,280.0,,16.0,6453
1992-01-06,280.0,280.0,280.0,,16.0,6453
1992-01-07,280.0,280.0,280.0,,16.0,6453
1992-01-08,280.0,280.0,280.0,,16.0,6453
1992-01-09,280.0,280.0,280.0,,16.0,6453
1992-01-10,280.0,280.0,280.0,,16.0,6453
1992-01-11,280.0,280.0,280.0,,16.0,6453
1992-01-12,280.0,280.0,280.0,,16.0,6453
1992-01-13,280.0,280.0,280.0,,16.0,6453
1992-01-14,279.0,279.0,279.0,,16.0,6453
1992-01-15,279.0,279.0,279.0,,16.0,6453
1992-01-16,279.0,279.0,279.0,,16.0,6453
1992-01-17,279.0,279.0,279.0,,16.0,6453
1992-01-18,279.0,279.0,279.0,,16.0,6453
1992-01-19,278.0,278.0,278.0,,16.0,6453
1992-01-20,278.0,278.0,278.0,,16.0,6453
1992-01-21,278.0,278.0,278.0,,16.0,6453
1992-01-22,278.0,278.0,278.0,,16.0,6453
1992-01-23,278.0,278.0,278.0,,16.0,6453
1992-01-24,277.0,277.0,277.0,,16.0,6453
1992-01-25,277.0,277.0,277.0,,16.0,6453
1992-01-26,277.0,277.0,277.0,,16.0,6453
1992-01-27,277.0,277.0,277.0,,16.0,6453
1992-01-28,277.0,277.0,277.0,,16.0,6453
1992-01-29,277.0,277.0,277.0,,16.0,6453
1992-01-30,278.0,278.0,278.0,,16.0,6453
1992-01-31,278.0,278.0,278.0,,16.0,6453
1992-02-01,278.0,278.0,278.0,,16.0,6453
1992-02-02,278.0,278.0,278.0,,16.0,6453
1992-02-03,278.0,278.0,278.0,,16.0,6453
1992-02-04,278.0,278.0,278.0,,16.0,6453
1992-02-05,278.0,278.0,278.0,,16.0,6453
1992-02-06,277.0,277.0,277.0,,16.0,6453
1992-02-07,277.0,277.0,277.0,,16.0,6453
1992-02-08,277.0,277.0,277.0,,16.0,6453
1992-02-09,277.0,277.0,277.0,,16.0,6453
1992-02-10,277.0,277.0,277.0,,16.0,6453
1992-02-11,278.0,278.0,278.0,,16.0,6453
1992-02-12,278.0,278.0,278.0,,16.0,6453
1992-02-13,280.0,280.0,280.0,,16.0,6453
1992-02-14,280.0,280.0,280.0,,16.0,6453
1992-02-15,280.0,280.0,280.0,,16.0,6453
1992-02-16,280.0,280.0,280.0,,16.0,6453
1992-02-17,279.0,279.0,279.0,,16.0,6453
1992-02-18,279.0,279.0,279.0,,16.0,6453
1992-02-19,279.0,279.0,279.0,,16.0,6453
1992-02-20,278.0,278.0,278.0,,16.0,6453
1992-02-21,278.0,278.0,278.0,,16.0,6453
1992-02-22,279.0,279.0,279.0,,16.0,6453
1992-02-23,279.0,279.0,279.0,,16.0,6453
1992-02-24,280.0,280.0,280.0,,16.0,6453
1992-02-25,280.0,280.0,280.0,,16.0,6453
1992-02-26,280.0,280.0,280.0,,16.0,6453
1992-02-27,280.0,280.0,280.0,,16.0,6453
1992-02-28,279.0,279.0,279.0,,16.0,6453
1992-02-29,279.0,279.0,279.0,,16.0,6453
1992-03-01,279.0,279.0,279.0,,16.0,6453
1992-03-02,279.0,279.0,279.0,,16.0,6453
1992-03-03,279.0,279.0,279.0,,16.0,6453
1992-03-04,278.0,278.0,278.0,,16.0,6453
1992-03-05,278.0,278.0,278.0,,16.0,6453
1992-03-06,284.0,284.0,284.0,,16.0,6453
1992-03-07,288.0,288.0,288.0,,16.0,6453
1992-03-08,285.0,285.0,285.0,,16.0,6453
1992-03-09,281.0,281.0,281.0,,16.0,6453
1992-03-10,280.0,280.0,280.0,,16.0,6453
1992-03-11,279.0,279.0,279.0,,16.0,6453
1992-03-12,278.0,278.0,278.0,,16.0,6453
1992-03-13,277.0,277.0,277.0,,16.0,6453
1992-03-14,275.0,275.0,275.0,,16.0,6453
1992-03-15,274.0,274.0,274.0,,16.0,6453
1992-03-16,273.0,273.0,273.0,,16.0,6453
1992-03-17,275.0,275.0,275.0,,16.0,6453
1992-03-18,276.0,276.0,276.0,,16.0,6453
1992-03-19,276.0,276.0,276.0,,16.0,6453
1992-03-20,277.0,277.0,277.0,,16.0,6453
1992-03-21,279.0,279.0,279.0,,16.0,6453
1992-03-22,278.0,278.0,278.0,,16.0,6453
1992-03-23,278.0,278.0,278.0,,16.0,6453
1992-03-24,279.0,279.0,279.0,,16.0,6453
1992-03-25,280.0,280.0,280.0,,16.0,6453
1992-03-26,282.0,282.0,282.0,,16.0,6453
1992-03-27,284.0,284.0,284.0,,16.0,6453
1992-03-28,286.0,286.0,286.0,,16.0,6453
1992-03-29,287.0,287.0,287.0,,16.0,6453
1992-03-30,287.0,287.0,287.0,,16.0,6453
1992-03-31,288.0,288.0,288.0,,16.0,6453
1992-04-01,287.0,286.0,287.0,0.0,16.0,6453
1992-04-02,287.0,286.0,287.0,0.0,16.0,6453
1992-04-03,287.0,286.0,287.0,0.0,16.0,6453
1992-04-04,287.0,287.0,287.0,0.0,16.0,6453
1992-04-05,287.0,287.0,287.0,0.0,16.0,6453
1992-04-06,287.0,287.0,287.0,0.0,16.0,6453
1992-04-07,287.0,287.0,287.0,0.0,16.0,6453
1992-04-08,287.0,287.0,287.0,0.0,16.0,6453
1992-04-09,286.0,285.0,287.0,0.0,16.0,6453
1992-04-10,285.0,283.0,286.0,0.0,16.0,6453
1992-04-11,288.0,288.0,288.0,0.0,16.0,6453
1992-04-12,290.0,289.0,291.0,0.0,16.0,6453
1992-04-13,287.0,287.0,287.0,0.0,16.0,6453
1992-04-14,287.0,287.0,287.0,0.0,16.0,6453
1992-04-15,286.0,286.0,286.0,0.1,16.0,6453
1992-04-16,287.0,286.0,287.0,0.3,16.0,6453
1992-04-17,287.0,286.0,287.0,0.35,16.0,6453
1992-04-18,289.0,289.0,289.0,0.4,16.0,6453
1992-04-19,289.0,288.0,289.0,0.4,16.0,6453
1992-04-20,287.0,287.0,287.0,0.3,16.0,6453
1992-04-21,289.0,287.0,290.0,0.25,24.16,6453
1992-04-22,296.0,293.0,298.0,0.25,24.0,6453
1992-04-23,297.0,296.0,297.0,0.2,24.0,6453
1992-04-24,301.0,297.0,304.0,0.2,,6453
1992-04-25,305.0,304.0,305.0,0.3,23.0,6453
1992-04-26,301.0,301.0,301.0,0.25,23.15,6453
1992-04-27,302.0,301.0,303.0,0.35,23.15,6453
1992-04-28,296.0,291.0,300.0,0.35,,6453
1992-04-29,282.0,277.0,287.0,0.35,26.25,6453
1992-04-30,270.0,268.0,271.0,0.2,26.25,6453
1992-05-01,264.0,264.0,264.0,0.2,26.25,6453
1992-05-02,261.0,260.0,262.0,0.2,26.0,6453
1992-05-03,260.0,260.0,260.0,0.3,26.0,6453
1992-05-04,259.0,259.0,259.0,0.5,26.0,6453
1992-05-05,259.0,259.0,259.0,0.55,26.0,6453
1992-05-06,247.0,237.0,257.0,2.6,8.27,6453
1992-05-07,242.0,240.0,243.0,2.55,27.0,6453
1992-05-08,276.0,265.0,287.0,1.7,8.29,6453
1992-05-09,276.0,274.0,278.0,2.15,29.0,6453
1992-05-10,268.0,267.0,268.0,3.0,29.0,6453
1992-05-11,265.0,263.0,266.0,4.15,29.0,6453
1992-05-12,265.0,263.0,266.0,4.5,29.0,6453
1992-05-13,291.0,268.0,314.0,4.4,29.0,6453
1992-05-14,320.0,316.0,324.0,4.15,29.0,6453
1992-05-15,317.0,316.0,318.0,4.9,29.0,6453
1992-05-16,312.0,308.0,316.0,5.65,29.0,6453
1992-05-17,314.0,303.0,324.0,4.45,29.0,6453
1992-05-18,324.0,320.0,328.0,4.35,29.0,6453
1992-05-19,332.0,324.0,340.0,4.25,29.0,6453
1992-05-20,353.0,349.0,356.0,3.55,29.0,6453
1992-05-21,328.0,326.0,330.0,4.4,29.0,6453
1992-05-22,321.0,319.0,323.0,4.1,29.0,6453
1992-05-23,314.0,311.0,316.0,5.85,29.0,6453
1992-05-24,316.0,309.0,322.0,8.05,29.0,6453
1992-05-25,361.0,340.0,381.0,8.55,29.0,6453
1992-05-26,387.0,370.0,404.0,7.9,29.0,6453
1992-05-27,410.0,390.0,430.0,8.1,29.0,6453
1992-05-28,454.0,447.0,461.0,6.55,29.0,6453
1992-05-29,404.0,403.0,405.0,7.9,29.0,6453
1992-05-30,388.0,370.0,406.0,7.65,29.0,6453
1992-05-31,464.0,384.0,543.0,5.6,29.0,6453
1992-06-01,530.0,463.0,596.0,4.95,29.0,6453
1992-06-02,394.0,381.0,406.0,6.95,29.0,6453
1992-06-03,360.0,359.0,360.0,8.0,29.0,6453
1992-06-04,364.0,357.0,370.0,7.75,29.0,6453
1992-06-05,414.0,390.0,437.0,5.55,29.0,6453
1992-06-06,396.0,387.0,404.0,5.1,29.0,6453
1992-06-07,370.0,369.0,371.0,5.05,29.0,6453
1992-06-08,366.0,364.0,368.0,7.75,29.0,6453
1992-06-09,356.0,354.0,358.0,9.35,29.0,6453
1992-06-10,345.0,338.0,351.0,10.25,29.0,6453
1992-06-11,324.0,322.0,326.0,10.85,29.0,6453
1992-06-12,315.0,312.0,318.0,12.2,29.0,6453
1992-06-13,313.0,309.0,316.0,12.95,29.0,6453
1992-06-14,307.0,306.0,307.0,12.85,29.0,6453
1992-06-15,304.0,302.0,306.0,12.8,29.0,6453
1992-06-16,299.0,298.0,299.0,12.35,29.0,6453
1992-06-17,295.0,293.0,296.0,12.9,29.0,6453
1992-06-18,289.0,287.0,290.0,13.85,29.0,6453
1992-06-19,285.0,285.0,285.0,14.6,29.0,6453
1992-06-20,284.0,284.0,284.0,15.65,29.0,6453
1992-06-21,295.0,291.0,298.0,14.9,29.0,6453
1992-06-22,312.0,309.0,315.0,15.9,29.0,6453
1992-06-23,303.0,302.0,304.0,16.05,29.0,6453
1992-06-24,299.0,297.0,300.0,16.7,29.0,6453
1992-06-25,309.0,307.0,311.0,17.55,29.0,6453
1992-06-26,317.0,315.0,319.0,18.2,29.0,6453
1992-06-27,316.0,313.0,319.0,17.8,29.0,6453
1992-06-28,306.0,304.0,308.0,17.85,29.0,6453
1992-06-29,306.0,301.0,311.0,18.1,29.0,6453
1992-06-30,308.0,307.0,309.0,18.05,29.0,6453
1992-07-01,319.0,305.0,332.0,17.75,29.0,6453
1992-07-02,340.0,338.0,341.0,14.75,29.0,6453
1992-07-03,330.0,324.0,335.0,14.65,29.0,6453
1992-07-04,317.0,315.0,318.0,14.25,29.0,6453
1992-07-05,310.0,309.0,311.0,14.5,29.0,6453
1992-07-06,304.0,302.0,305.0,15.75,29.0,6453
1992-07-07,322.0,300.0,343.0,14.55,29.0,6453
1992-07-08,331.0,325.0,337.0,13.65,29.0,6453
1992-07-09,317.0,315.0,319.0,14.05,29.0,6453
1992-07-10,310.0,308.0,311.0,15.05,29.0,6453
1992-07-11,304.0,303.0,305.0,16.45,29.0,6453
1992-07-12,316.0,301.0,330.0,15.55,29.0,6453
1992-07-13,342.0,338.0,346.0,14.4,29.0,6453
1992-07-14,326.0,322.0,330.0,14.9,29.0,6453
1992-07-15,313.0,310.0,316.0,15.25,29.0,6453
1992-07-16,315.0,305.0,324.0,16.6,29.0,6453
1992-07-17,323.0,321.0,324.0,16.8,29.0,6453
1992-07-18,317.0,316.0,318.0,16.75,29.0,6453
1992-07-19,340.0,330.0,350.0,15.85,29.0,6453
1992-07-20,365.0,354.0,376.0,14.35,29.0,6453
1992-07-21,418.0,404.0,432.0,13.2,29.0,6453
1992-07-22,370.0,360.0,379.0,11.9,29.0,6453
1992-07-23,354.0,352.0,356.0,13.1,29.0,6453
1992-07-24,379.0,372.0,385.0,12.9,29.0,6453
1992-07-25,373.0,367.0,379.0,12.6,29.0,6453
1992-07-26,462.0,403.0,493.0,9.45,29.0,6453
1992-07-27,445.0,424.0,465.0,9.1,29.0,6453
1992-07-28,517.0,488.0,538.0,7.4,29.0,6453
1992-07-29,451.0,442.0,460.0,7.8,29.0,6453
1992-07-30,413.0,406.0,419.0,8.05,29.0,6453
1992-07-31,377.0,369.0,385.0,9.1,29.0,6453
1992-08-01,355.0,351.0,358.0,12.3,29.0,6453
1992-08-02,340.0,336.0,343.0,12.7,29.0,6453
1992-08-03,328.0,325.0,330.0,13.3,29.0,6453
1992-08-04,319.0,318.0,320.0,13.3,29.0,6453
1992-08-05,354.0,324.0,384.0,12.8,29.0,6453
1992-08-06,465.0,395.0,501.0,7.6,29.0,6453
1992-08-07,505.0,499.0,510.0,7.3,29.0,6453
1992-08-08,421.0,404.0,437.0,9.05,29.0,6453
1992-08-09,381.0,376.0,386.0,10.2,29.0,6453
1992-08-10,355.0,352.0,358.0,11.75,29.0,6453
1992-08-11,340.0,337.0,343.0,12.35,29.0,6453
1992-08-12,330.0,327.0,332.0,12.35,29.0,6453
1992-08-13,322.0,320.0,323.0,12.6,29.0,6453
1992-08-14,315.0,314.0,316.0,13.05,29.0,6453
1992-08-15,310.0,309.0,311.0,12.8,29.0,6453
1992-08-16,305.0,304.0,306.0,12.8,29.0,6453
1992-08-17,301.0,300.0,302.0,13.85,29.0,6453
1992-08-18,298.0,297.0,298.0,14.2,29.0,6453
1992-08-19,296.0,295.0,296.0,14.75,29.0,6453
1992-08-20,293.0,292.0,293.0,14.85,29.0,6453
1992-08-21,290.0,289.0,290.0,15.2,29.0,6453
1992-08-22,291.0,289.0,293.0,15.45,29.0,6453
1992-08-23,305.0,297.0,312.0,14.45,29.0,6453
1992-08-24,341.0,341.0,341.0,10.75,29.0,6453
1992-08-25,350.0,347.0,352.0,10.4,29.0,6453
1992-08-26,343.0,341.0,344.0,11.45,29.0,6453
1992-08-27,370.0,369.0,371.0,11.85,29.0,6453
1992-08-28,366.0,364.0,368.0,10.8,29.0,6453
1992-08-29,361.0,360.0,362.0,11.6,29.0,6453
1992-08-30,360.0,358.0,361.0,11.65,29.0,6453
1992-08-31,400.0,377.0,423.0,10.6,29.0,6453
1992-09-01,400.0,396.0,404.0,9.95,29.0,6453
1992-09-02,369.0,366.0,372.0,10.45,29.0,6453
1992-09-03,363.0,361.0,364.0,10.2,29.0,6453
1992-09-04,360.0,356.0,364.0,10.0,29.0,6453
1992-09-05,350.0,346.0,353.0,9.4,29.0,6453
1992-09-06,341.0,339.0,342.0,8.8,29.0,6453
1992-09-07,347.0,337.0,357.0,9.3,29.0,6453
1992-09-08,402.0,393.0,410.0,7.75,29.0,6453
1992-09-09,424.0,395.0,452.0,6.45,29.0,6453
1992-09-10,447.0,431.0,462.0,6.45,29.0,6453
1992-09-11,399.0,393.0,405.0,6.75,29.0,6453
1992-09-12,370.0,362.0,378.0,6.35,29.0,6453
1992-09-13,351.0,350.0,352.0,6.7,29.0,6453
1992-09-14,347.0,345.0,349.0,7.05,29.0,6453
1992-09-15,343.0,340.0,346.0,7.45,29.0,6453
1992-09-16,371.0,360.0,382.0,7.8,29.0,6453
1992-09-17,420.0,406.0,433.0,7.2,29.0,6453
1992-09-18,454.0,450.0,457.0,5.35,29.0,6453
1992-09-19,426.0,417.0,434.0,5.4,29.0,6453
1992-09-20,402.0,395.0,409.0,5.35,29.0,6453
1992-09-21,379.0,369.0,389.0,5.7,29.0,6453
1992-09-22,362.0,361.0,362.0,6.25,29.0,6453
1992-09-23,360.0,357.0,363.0,6.25,29.0,6453
1992-09-24,350.0,348.0,352.0,5.7,29.0,6453
1992-09-25,347.0,346.0,347.0,5.2,29.0,6453
1992-09-26,343.0,342.0,344.0,4.7,29.0,6453
1992-09-27,337.0,333.0,340.0,4.65,29.0,6453
1992-09-28,327.0,325.0,328.0,4.95,29.0,6453
1992-09-29,320.0,319.0,321.0,4.75,29.0,6453
1992-09-30,332.0,322.0,341.0,4.5,29.0,6453
1992-10-01,378.0,378.0,378.0,3.75,29.0,6453
1992-10-02,374.0,370.0,378.0,3.9,29.0,6453
1992-10-03,393.0,391.0,394.0,2.5,29.0,6453
1992-10-04,383.0,379.0,387.0,1.7,29.0,6453
1992-10-05,364.0,359.0,368.0,1.9,29.0,6453
1992-10-06,354.0,351.0,356.0,2.25,29.0,6453
1992-10-07,345.0,342.0,347.0,2.85,29.0,6453
1992-10-08,337.0,335.0,338.0,2.95,29.0,6453
1992-10-09,330.0,328.0,331.0,2.4,29.0,6453
1992-10-10,325.0,323.0,326.0,2.2,29.0,6453
1992-10-11,319.0,318.0,319.0,2.45,29.0,6453
1992-10-12,314.0,313.0,315.0,1.75,29.0,6453
1992-10-13,308.0,307.0,309.0,1.6,29.0,6453
1992-10-14,306.0,305.0,307.0,1.5,29.0,6453
1992-10-15,303.0,302.0,304.0,1.5,29.0,6453
1992-10-16,300.0,299.0,300.0,1.7,29.0,6453
1992-10-17,297.0,296.0,297.0,1.7,29.0,6453
1992-10-18,293.0,292.0,294.0,1.25,29.0,6453
1992-10-19,290.0,289.0,290.0,1.5,29.0,6453
1992-10-20,288.0,287.0,288.0,1.9,29.0,6453
1992-10-21,286.0,285.0,286.0,2.2,29.0,6453
1992-10-22,284.0,283.0,284.0,0.6,,6453
1992-10-23,282.0,281.0,282.0,0.6,,6453
1992-10-24,278.0,277.0,279.0,0.5,,6453
1992-10-25,275.0,273.0,277.0,0.6,,6453
1992-10-26,280.0,278.0,281.0,0.5,,6453
1992-10-27,275.0,272.0,277.0,0.2,,6453
1992-10-28,274.0,271.0,276.0,0.15,,6453
1992-10-29,270.0,266.0,274.0,0.05,,6453
1992-10-30,272.0,270.0,273.0,0.4,,6453
1992-10-31,272.0,270.0,273.0,0.0,,6453
1992-11-01,268.0,267.0,268.0,0.0,,6453
1992-11-02,265.0,265.0,265.0,0.0,,6453
1992-11-03,264.0,263.0,264.0,0.0,,6453
1992-11-04,264.0,262.0,266.0,0.0,,6453
1992-11-05,266.0,265.0,267.0,0.0,,6453
1992-11-06,284.0,263.0,305.0,0.0,,6453
1992-11-07,303.0,302.0,304.0,0.0,15.0,6453
1992-11-08,297.0,287.0,306.0,0.0,15.0,6453
1992-11-09,288.0,287.0,289.0,0.0,16.0,6453
1992-11-10,299.0,297.0,300.0,0.0,16.0,6453
1992-11-11,301.0,301.0,301.0,0.0,16.0,6453
1992-11-12,301.0,300.0,301.0,0.0,16.0,6453
1992-11-13,302.0,299.0,304.0,0.0,16.0,6453
1992-11-14,305.0,305.0,305.0,0.0,16.0,6453
1992-11-15,306.0,306.0,306.0,0.0,16.0,6453
1992-11-16,308.0,305.0,311.0,0.0,16.0,6453
1992-11-17,316.0,315.0,317.0,0.0,16.0,6453
1992-11-18,316.0,315.0,317.0,0.0,16.0,6453
1992-11-19,315.0,313.0,316.0,0.0,16.0,6453
1992-11-20,318.0,318.0,318.0,0.0,16.0,6453
1992-11-21,319.0,318.0,320.0,0.0,16.0,6453
1992-11-22,320.0,320.0,320.0,0.0,16.0,6453
1992-11-23,323.0,319.0,326.0,0.0,16.0,6453
1992-11-24,326.0,325.0,326.0,0.0,16.0,6453
1992-11-25,326.0,324.0,327.0,0.0,16.0,6453
1992-11-26,327.0,327.0,327.0,0.0,16.0,6453
1992-11-27,327.0,326.0,327.0,0.0,16.0,6453
1992-11-28,327.0,327.0,327.0,0.0,16.0,6453
1992-11-29,323.0,319.0,327.0,0.0,16.0,6453
1992-11-30,317.0,317.0,317.0,0.0,16.0,6453
1992-12-01,317.0,317.0,317.0,,16.0,6453
1992-12-02,317.0,317.0,317.0,,16.0,6453
1992-12-03,316.0,316.0,316.0,,16.0,6453
1992-12-04,316.0,316.0,316.0,,16.0,6453
1992-12-05,315.0,315.0,315.0,,16.0,6453
1992-12-06,314.0,314.0,314.0,,16.0,6453
1992-12-07,314.0,314.0,314.0,,16.0,6453
1992-12-08,313.0,313.0,313.0,,16.0,6453
1992-12-09,313.0,313.0,313.0,,16.0,6453
1992-12-10,314.0,314.0,314.0,,16.0,6453
1992-12-11,314.0,314.0,314.0,,16.0,6453
1992-12-12,314.0,314.0,314.0,,16.0,6453
1992-12-13,314.0,314.0,314.0,,16.0,6453
1992-12-14,314.0,314.0,314.0,,16.0,6453
1992-12-15,314.0,314.0,314.0,,16.0,6453
1992-12-16,313.0,313.0,313.0,,16.0,6453
1992-12-17,313.0,313.0,313.0,,16.0,6453
1992-12-18,313.0,313.0,313.0,,16.0,6453
1992-12-19,313.0,313.0,313.0,,16.0,6453
1992-12-20,312.0,312.0,312.0,,16.0,6453
1992-12-21,312.0,312.0,312.0,,16.0,6453
1992-12-22,312.0,312.0,312.0,,16.0,6453
1992-12-23,313.0,313.0,313.0,,16.0,6453
1992-12-24,312.0,312.0,312.0,,16.0,6453
1992-12-25,313.0,313.0,313.0,,16.0,6453
1992-12-26,311.0,311.0,311.0,,16.0,6453
1992-12-27,311.0,311.0,311.0,,16.0,6453
1992-12-28,311.0,311.0,311.0,,16.0,6453
1992-12-29,311.0,311.0,311.0,,16.0,6453
1992-12-30,310.0,310.0,310.0,,16.0,6453
1992-12-31,310.0,310.0,310.0,,16.0,6453
1993-01-01,310.0,310.0,310.0,,16.0,6453
1993-01-02,310.0,310.0,310.0,,16.0,6453
1993-01-03,304.0,304.0,304.0,,16.0,6453
1993-01-04,309.0,309.0,309.0,,16.0,6453
1993-01-05,308.0,308.0,308.0,,16.0,6453
1993-01-06,308.0,308.0,308.0,,16.0,6453
1993-01-07,308.0,308.0,308.0,,16.0,6453
1993-01-08,308.0,308.0,308.0,,16.0,6453
1993-01-09,308.0,308.0,308.0,,16.0,6453
1993-01-10,308.0,308.0,308.0,,16.0,6453
1993-01-11,309.0,309.0,309.0,,16.0,6453
1993-01-12,309.0,309.0,309.0,,16.0,6453
1993-01-13,309.0,309.0,309.0,,16.0,6453
1993-01-14,310.0,310.0,310.0,,16.0,6453
1993-01-15,310.0,310.0,310.0,,16.0,6453
1993-01-16,310.0,310.0,310.0,,16.0,6453
1993-01-17,310.0,310.0,310.0,,16.0,6453
1993-01-18,310.0,310.0,310.0,,16.0,6453
1993-01-19,310.0,310.0,310.0,,16.0,6453
1993-01-20,310.0,310.0,310.0,,16.0,6453
1993-01-21,311.0,311.0,311.0,,16.0,6453
1993-01-22,311.0,311.0,311.0,,16.0,6453
1993-01-23,311.0,311.0,311.0,,16.0,6453
1993-01-24,311.0,311.0,311.0,,16.0,6453
1993-01-25,311.0,311.0,311.0,,16.0,6453
1993-01-26,310.0,310.0,310.0,,16.0,6453
1993-01-27,308.0,308.0,308.0,,16.0,6453
1993-01-28,307.0,307.0,307.0,,16.0,6453
1993-01-29,305.0,305.0,305.0,,16.0,6453
1993-01-30,305.0,305.0,305.0,,16.0,6453
1993-01-31,304.0,304.0,304.0,,16.0,6453
1993-02-01,303.0,303.0,303.0,,16.0,6453
1993-02-02,302.0,302.0,302.0,,16.0,6453
1993-02-03,303.0,303.0,303.0,,16.0,6453
1993-02-04,303.0,303.0,303.0,,16.0,6453
1993-02-05,303.0,303.0,303.0,,16.0,6453
1993-02-06,303.0,303.0,303.0,,16.0,6453
1993-02-07,304.0,304.0,304.0,,16.0,6453
1993-02-08,306.0,306.0,306.0,,16.0,6453
1993-02-09,308.0,308.0,308.0,,16.0,6453
1993-02-10,309.0,309.0,309.0,,16.0,6453
1993-02-11,311.0,311.0,311.0,,16.0,6453
1993-02-12,312.0,312.0,312.0,,16.0,6453
1993-02-13,313.0,313.0,313.0,,16.0,6453
1993-02-14,313.0,313.0,313.0,,16.0,6453
1993-02-15,314.0,314.0,314.0,,16.0,6453
1993-02-16,315.0,315.0,315.0,,16.0,6453
1993-02-17,316.0,316.0,316.0,,16.0,6453
1993-02-18,317.0,317.0,317.0,,16.0,6453
1993-02-19,317.0,317.0,317.0,,16.0,6453
1993-02-20,318.0,318.0,318.0,,16.0,6453
1993-02-21,318.0,318.0,318.0,,16.0,6453
1993-02-22,318.0,318.0,318.0,,16.0,6453
1993-02-23,318.0,318.0,318.0,,16.0,6453
1993-02-24,319.0,319.0,319.0,,16.0,6453
1993-02-25,319.0,319.0,319.0,,16.0,6453
1993-02-26,318.0,318.0,318.0,,16.0,6453
1993-02-27,317.0,317.0,317.0,,16.0,6453
1993-02-28,317.0,317.0,317.0,,16.0,6453
1993-03-01,317.0,317.0,317.0,,16.0,6453
1993-03-02,317.0,317.0,317.0,,16.0,6453
1993-03-03,317.0,317.0,317.0,,16.0,6453
1993-03-04,316.0,316.0,316.0,,16.0,6453
1993-03-05,316.0,316.0,316.0,,16.0,6453
1993-03-06,318.0,318.0,318.0,,16.0,6453
1993-03-07,320.0,320.0,320.0,,16.0,6453
1993-03-08,314.0,314.0,314.0,,16.0,6453
1993-03-09,309.0,309.0,309.0,,16.0,6453
1993-03-10,304.0,304.0,304.0,,16.0,6453
1993-03-11,299.0,299.0,299.0,,16.0,6453
1993-03-12,297.0,297.0,297.0,,16.0,6453
1993-03-13,294.0,294.0,294.0,,16.0,6453
1993-03-14,290.0,290.0,290.0,,16.0,6453
1993-03-15,288.0,288.0,288.0,,16.0,6453
1993-03-16,286.0,286.0,286.0,,16.0,6453
1993-03-17,290.0,290.0,290.0,,16.0,6453
1993-03-18,288.0,288.0,288.0,,16.0,6453
1993-03-19,289.0,289.0,289.0,,16.0,6453
1993-03-20,290.0,290.0,290.0,,16.0,6453
1993-03-21,296.0,296.0,296.0,,16.0,6453
1993-03-22,301.0,301.0,301.0,,16.0,6453
1993-03-23,305.0,305.0,305.0,,16.0,6453
1993-03-24,308.0,308.0,308.0,,16.0,6453
1993-03-25,312.0,312.0,312.0,,16.0,6453
1993-03-26,318.0,318.0,318.0,,16.0,6453
1993-03-27,320.0,320.0,320.0,,16.0,6453
1993-03-28,324.0,324.0,324.0,,16.0,6453
1993-03-29,327.0,327.0,327.0,,16.0,6453
1993-03-30,323.0,323.0,323.0,,16.0,6453
1993-03-31,325.0,325.0,325.0,,16.0,6453
1993-04-01,325.0,323.0,327.0,,16.0,6453
1993-04-02,320.0,319.0,320.0,,16.0,6453
1993-04-03,321.0,319.0,322.0,,16.0,6453
1993-04-04,323.0,323.0,323.0,,16.0,6453
1993-04-05,321.0,320.0,322.0,,16.0,6453
1993-04-06,317.0,315.0,318.0,,16.0,6453
1993-04-07,309.0,307.0,311.0,,16.0,6453
1993-04-08,305.0,304.0,305.0,,16.0,6453
1993-04-09,304.0,304.0,304.0,,16.0,6453
1993-04-10,304.0,303.0,305.0,,16.0,6453
1993-04-11,307.0,304.0,310.0,,16.0,6453
1993-04-12,314.0,313.0,315.0,,16.0,6453
1993-04-13,315.0,313.0,316.0,,16.0,6453
1993-04-14,315.0,315.0,315.0,,16.0,6453
1993-04-15,314.0,313.0,315.0,,16.0,6453
1993-04-16,315.0,314.0,315.0,,16.0,6453
1993-04-17,310.0,308.0,311.0,,16.0,6453
1993-04-18,312.0,308.0,315.0,,16.0,6453
1993-04-19,315.0,311.0,318.0,,16.0,6453
1993-04-20,317.0,316.0,317.0,,16.0,6453
1993-04-21,314.0,313.0,315.0,,16.0,6453
1993-04-22,312.0,312.0,312.0,,16.0,6453
1993-04-23,310.0,308.0,312.0,,16.0,6453
1993-04-24,305.0,304.0,305.0,,16.0,6453
1993-04-25,303.0,303.0,303.0,,16.0,6453
1993-04-26,302.0,302.0,302.0,,16.0,6453
1993-04-27,302.0,302.0,302.0,,16.0,6453
1993-04-28,302.0,302.0,302.0,,16.0,6453
1993-04-29,302.0,301.0,302.0,,16.0,6453
1993-04-30,301.0,300.0,301.0,,16.0,6453
1993-05-01,302.0,300.0,303.0,0.0,16.0,6453
1993-05-02,303.0,302.0,304.0,0.0,16.0,6453
1993-05-03,302.0,301.0,302.0,0.0,16.0,6453
1993-05-04,301.0,300.0,302.0,0.0,24.16,6453
1993-05-05,299.0,299.0,299.0,0.0,24.0,6453
1993-05-06,300.0,300.0,300.0,0.0,24.0,6453
1993-05-07,298.0,297.0,298.0,0.0,24.0,6453
1993-05-08,297.0,297.0,297.0,0.0,24.0,6453
1993-05-09,296.0,292.0,299.0,0.1,,6453
1993-05-10,296.0,296.0,296.0,0.1,26.0,6453
1993-05-11,314.0,298.0,330.0,0.15,26.25,6453
1993-05-12,364.0,354.0,374.0,0.25,26.25,6453
1993-05-13,338.0,299.0,376.0,0.4,,6453
1993-05-14,284.0,278.0,289.0,0.6,27.0,6453
1993-05-15,268.0,267.0,269.0,1.8,27.0,6453
1993-05-16,270.0,267.0,273.0,2.8,27.0,6453
1993-05-17,279.0,271.0,286.0,3.0,27.0,6453
1993-05-18,315.0,307.0,323.0,2.5,8.27,6453
1993-05-19,317.0,313.0,321.0,3.5,27.0,6453
1993-05-20,317.0,316.0,318.0,5.2,27.0,6453
1993-05-21,321.0,320.0,321.0,5.9,29.0,6453
1993-05-22,344.0,332.0,355.0,5.8,29.0,6453
1993-05-23,384.0,350.0,418.0,3.5,29.0,6453
1993-05-24,347.0,335.0,359.0,4.05,29.0,6453
1993-05-25,311.0,303.0,318.0,6.1,29.0,6453
1993-05-26,290.0,287.0,293.0,7.25,29.0,6453
1993-05-27,276.0,272.0,279.0,7.2,29.0,6453
1993-05-28,280.0,267.0,293.0,6.3,29.0,6453
1993-05-29,327.0,326.0,328.0,5.2,29.0,6453
1993-05-30,319.0,315.0,322.0,6.1,29.0,6453
1993-05-31,305.0,300.0,309.0,6.95,29.0,6453
1993-06-01,300.0,300.0,300.0,6.0,29.0,6453
1993-06-02,336.0,335.0,336.0,5.65,29.0,6453
1993-06-03,320.0,318.0,321.0,6.85,29.0,6453
1993-06-04,338.0,337.0,339.0,7.3,29.0,6453
1993-06-05,336.0,332.0,339.0,7.9,29.0,6453
1993-06-06,334.0,329.0,338.0,8.3,29.0,6453
1993-06-07,319.0,313.0,324.0,9.4,29.0,6453
1993-06-08,310.0,306.0,313.0,10.35,29.0,6453
1993-06-09,305.0,303.0,306.0,11.8,29.0,6453
1993-06-10,306.0,304.0,308.0,13.0,29.0,6453
1993-06-11,301.0,300.0,302.0,11.85,29.0,6453
1993-06-12,442.0,320.0,564.0,7.6,29.0,6453
1993-06-13,683.0,542.0,765.0,3.55,29.0,6453
1993-06-14,510.0,488.0,532.0,5.2,29.0,6453
1993-06-15,395.0,375.0,414.0,7.05,29.0,6453
1993-06-16,351.0,344.0,357.0,7.45,29.0,6453
1993-06-17,348.0,339.0,356.0,8.3,29.0,6453
1993-06-18,355.0,349.0,360.0,8.45,29.0,6453
1993-06-19,385.0,383.0,386.0,7.1,29.0,6453
1993-06-20,425.0,383.0,467.0,8.55,29.0,6453
1993-06-21,398.0,378.0,417.0,9.65,29.0,6453
1993-06-22,356.0,351.0,360.0,11.0,29.0,6453
1993-06-23,349.0,347.0,351.0,9.6,29.0,6453
1993-06-24,352.0,345.0,358.0,7.2,29.0,6453
1993-06-25,384.0,381.0,387.0,7.7,29.0,6453
1993-06-26,380.0,377.0,382.0,7.45,29.0,6453
1993-06-27,355.0,349.0,360.0,7.0,29.0,6453
1993-06-28,341.0,336.0,345.0,8.6,29.0,6453
1993-06-29,326.0,320.0,332.0,10.15,29.0,6453
1993-06-30,312.0,309.0,315.0,12.55,29.0,6453
1993-07-01,302.0,299.0,304.0,13.4,29.0,6453
1993-07-02,295.0,293.0,296.0,14.6,29.0,6453
1993-07-03,293.0,291.0,295.0,15.3,29.0,6453
1993-07-04,313.0,294.0,332.0,15.45,29.0,6453
1993-07-05,324.0,321.0,327.0,14.4,29.0,6453
1993-07-06,330.0,316.0,344.0,14.35,29.0,6453
1993-07-07,345.0,344.0,346.0,14.2,29.0,6453
1993-07-08,344.0,343.0,345.0,14.15,29.0,6453
1993-07-09,345.0,343.0,347.0,13.85,29.0,6453
1993-07-10,382.0,347.0,416.0,13.2,29.0,6453
1993-07-11,389.0,378.0,400.0,11.9,29.0,6453
1993-07-12,364.0,358.0,369.0,12.65,29.0,6453
1993-07-13,374.0,341.0,406.0,12.7,29.0,6453
1993-07-14,383.0,379.0,387.0,13.0,29.0,6453
1993-07-15,376.0,370.0,381.0,13.5,29.0,6453
1993-07-16,361.0,360.0,361.0,13.5,29.0,6453
1993-07-17,353.0,347.0,358.0,13.7,29.0,6453
1993-07-18,333.0,330.0,335.0,14.5,29.0,6453
1993-07-19,323.0,320.0,325.0,15.6,29.0,6453
1993-07-20,322.0,319.0,324.0,15.8,29.0,6453
1993-07-21,330.0,328.0,331.0,15.35,29.0,6453
1993-07-22,337.0,333.0,341.0,15.3,29.0,6453
1993-07-23,322.0,318.0,325.0,12.7,29.0,6453
1993-07-24,313.0,313.0,313.0,16.15,29.0,6453
1993-07-25,311.0,310.0,312.0,16.5,29.0,6453
1993-07-26,308.0,307.0,308.0,16.55,29.0,6453
1993-07-27,312.0,305.0,318.0,17.1,29.0,6453
1993-07-28,326.0,322.0,329.0,17.6,29.0,6453
1993-07-29,326.0,321.0,331.0,17.6,29.0,6453
1993-07-30,332.0,331.0,333.0,17.95,29.0,6453
1993-07-31,324.0,322.0,326.0,17.85,29.0,6453
1993-08-01,318.0,316.0,319.0,18.0,29.0,6453
1993-08-02,310.0,309.0,311.0,18.85,29.0,6453
1993-08-03,306.0,305.0,307.0,18.6,29.0,6453
1993-08-04,304.0,303.0,304.0,18.7,29.0,6453
1993-08-05,302.0,301.0,302.0,19.0,29.0,6453
1993-08-06,301.0,300.0,302.0,19.55,29.0,6453
1993-08-07,302.0,301.0,302.0,19.65,29.0,6453
1993-08-08,300.0,299.0,300.0,17.7,29.0,6453
1993-08-09,301.0,299.0,302.0,17.3,29.0,6453
1993-08-10,339.0,306.0,372.0,15.75,29.0,6453
1993-08-11,359.0,351.0,366.0,14.0,29.0,6453
1993-08-12,346.0,344.0,347.0,14.0,29.0,6453
1993-08-13,340.0,338.0,341.0,12.95,29.0,6453
1993-08-14,332.0,331.0,333.0,12.8,29.0,6453
1993-08-15,322.0,318.0,326.0,13.5,29.0,6453
1993-08-16,316.0,313.0,318.0,13.9,29.0,6453
1993-08-17,315.0,315.0,315.0,13.5,29.0,6453
1993-08-18,319.0,318.0,320.0,13.25,29.0,6453
1993-08-19,332.0,317.0,346.0,13.0,29.0,6453
1993-08-20,354.0,353.0,354.0,14.75,29.0,6453
1993-08-21,363.0,350.0,376.0,12.65,29.0,6453
1993-08-22,371.0,362.0,379.0,12.25,29.0,6453
1993-08-23,371.0,357.0,384.0,12.4,29.0,6453
1993-08-24,427.0,419.0,434.0,8.85,29.0,6453
1993-08-25,432.0,404.0,460.0,8.8,29.0,6453
1993-08-26,507.0,478.0,518.0,7.6,29.0,6453
1993-08-27,466.0,460.0,471.0,7.0,29.0,6453
1993-08-28,427.0,418.0,436.0,7.15,29.0,6453
1993-08-29,389.0,382.0,396.0,7.35,29.0,6453
1993-08-30,368.0,364.0,372.0,7.45,29.0,6453
1993-08-31,356.0,353.0,358.0,8.15,29.0,6453
1993-09-01,343.0,340.0,345.0,9.15,29.0,6453
1993-09-02,335.0,333.0,336.0,10.05,29.0,6453
1993-09-03,329.0,327.0,331.0,11.1,29.0,6453
1993-09-04,321.0,320.0,321.0,11.4,29.0,6453
1993-09-05,318.0,317.0,318.0,12.1,29.0,6453
1993-09-06,315.0,314.0,315.0,12.75,29.0,6453
1993-09-07,315.0,314.0,316.0,12.4,29.0,6453
1993-09-08,324.0,322.0,325.0,12.95,29.0,6453
1993-09-09,329.0,324.0,334.0,10.65,29.0,6453
1993-09-10,335.0,333.0,337.0,8.85,29.0,6453
1993-09-11,339.0,337.0,341.0,8.05,29.0,6453
1993-09-12,333.0,332.0,333.0,8.8,29.0,6453
1993-09-13,324.0,323.0,325.0,9.05,29.0,6453
1993-09-14,323.0,323.0,323.0,9.25,29.0,6453
1993-09-15,325.0,324.0,326.0,9.4,29.0,6453
1993-09-16,329.0,329.0,329.0,9.05,29.0,6453
1993-09-17,323.0,320.0,326.0,7.6,29.0,6453
1993-09-18,327.0,318.0,335.0,7.15,29.0,6453
1993-09-19,389.0,366.0,412.0,6.35,29.0,6453
1993-09-20,401.0,399.0,403.0,6.5,29.0,6453
1993-09-21,406.0,403.0,409.0,6.8,29.0,6453
1993-09-22,399.0,396.0,401.0,6.3,29.0,6453
1993-09-23,384.0,378.0,390.0,6.2,29.0,6453
1993-09-24,359.0,356.0,362.0,6.05,29.0,6453
1993-09-25,347.0,345.0,349.0,6.45,29.0,6453
1993-09-26,340.0,337.0,342.0,6.8,29.0,6453
1993-09-27,333.0,331.0,334.0,6.7,29.0,6453
1993-09-28,326.0,325.0,327.0,7.0,29.0,6453
1993-09-29,321.0,320.0,322.0,7.0,29.0,6453
1993-09-30,318.0,317.0,318.0,6.85,29.0,6453
1993-10-01,315.0,314.0,315.0,6.2,29.0,6453
1993-10-02,311.0,310.0,312.0,5.9,29.0,6453
1993-10-03,306.0,305.0,307.0,5.35,29.0,6453
1993-10-04,305.0,304.0,305.0,4.8,29.0,6453
1993-10-05,303.0,302.0,303.0,4.0,29.0,6453
1993-10-06,300.0,299.0,300.0,3.95,29.0,6453
1993-10-07,298.0,298.0,298.0,4.1,29.0,6453
1993-10-08,298.0,297.0,298.0,4.45,29.0,6453
1993-10-09,297.0,296.0,297.0,4.35,29.0,6453
1993-10-10,294.0,293.0,295.0,3.25,29.0,6453
1993-10-11,289.0,288.0,290.0,2.15,2.29,6453
1993-10-12,287.0,286.0,287.0,2.5,2.29,6453
1993-10-13,285.0,284.0,285.0,0.9,2.0,6453
1993-10-14,280.0,278.0,282.0,0.25,,6453
1993-10-15,278.0,277.0,278.0,0.8,,6453
1993-10-16,276.0,275.0,276.0,1.45,29.0,6453
1993-10-17,275.0,275.0,275.0,1.9,29.0,6453
1993-10-18,275.0,274.0,275.0,1.15,,6453
1993-10-19,274.0,274.0,274.0,0.65,,6453
1993-10-20,274.0,273.0,274.0,1.2,,6453
1993-10-21,273.0,272.0,273.0,1.5,2.29,6453
1993-10-22,272.0,271.0,272.0,1.6,29.0,6453
1993-10-23,271.0,270.0,271.0,1.2,29.0,6453
1993-10-24,270.0,269.0,270.0,0.4,2.0,6453
1993-10-25,268.0,267.0,269.0,0.4,,6453
1993-10-26,265.0,264.0,265.0,0.3,,6453
1993-10-27,263.0,262.0,263.0,0.15,,6453
1993-10-28,261.0,261.0,261.0,0.05,,6453
1993-10-29,261.0,260.0,261.0,0.0,,6453
1993-10-30,258.0,256.0,260.0,0.0,,6453
1993-10-31,253.0,253.0,253.0,0.0,,6453
1993-11-01,262.0,261.0,262.0,0.0,,6453
1993-11-02,262.0,262.0,262.0,0.0,,6453
1993-11-03,266.0,264.0,267.0,0.0,,6453
1993-11-04,280.0,274.0,285.0,0.0,,6453
1993-11-05,302.0,301.0,303.0,0.0,5.15,6453
1993-11-06,297.0,297.0,297.0,0.0,15.0,6453
1993-11-07,294.0,291.0,297.0,0.0,16.0,6453
1993-11-08,285.0,284.0,286.0,0.0,16.0,6453
1993-11-09,284.0,284.0,284.0,0.0,16.0,6453
1993-11-10,281.0,280.0,281.0,0.0,16.0,6453
1993-11-11,284.0,279.0,289.0,0.0,16.0,6453
1993-11-12,292.0,289.0,294.0,0.0,16.0,6453
1993-11-13,298.0,298.0,298.0,0.0,16.0,6453
1993-11-14,299.0,297.0,301.0,0.0,16.0,6453
1993-11-15,301.0,299.0,303.0,0.0,16.0,6453
1993-11-16,299.0,297.0,301.0,0.0,16.0,6453
1993-11-17,299.0,299.0,299.0,0.0,16.0,6453
1993-11-18,299.0,298.0,299.0,0.0,16.0,6453
1993-11-19,296.0,295.0,297.0,0.0,16.0,6453
1993-11-20,294.0,293.0,294.0,0.0,16.0,6453
1993-11-21,295.0,291.0,299.0,0.0,16.0,6453
1993-11-22,304.0,303.0,305.0,0.0,16.0,6453
1993-11-23,308.0,307.0,308.0,0.0,16.0,6453
1993-11-24,308.0,308.0,308.0,0.0,16.0,6453
1993-11-25,307.0,307.0,307.0,0.0,16.0,6453
1993-11-26,307.0,306.0,307.0,0.0,16.0,6453
1993-11-27,306.0,306.0,306.0,0.0,16.0,6453
1993-11-28,305.0,304.0,305.0,0.0,16.0,6453
1993-11-29,302.0,302.0,302.0,0.0,16.0,6453
1993-11-30,302.0,302.0,302.0,0.0,16.0,6453
1993-12-01,301.0,301.0,301.0,,16.0,6453
1993-12-02,300.0,300.0,300.0,,16.0,6453
1993-12-03,300.0,300.0,300.0,,16.0,6453
1993-12-04,299.0,299.0,299.0,,16.0,6453
1993-12-05,299.0,299.0,299.0,,16.0,6453
1993-12-06,298.0,298.0,298.0,,16.0,6453
1993-12-07,297.0,297.0,297.0,,16.0,6453
1993-12-08,297.0,297.0,297.0,,16.0,6453
1993-12-09,296.0,296.0,296.0,,16.0,6453
1993-12-10,296.0,296.0,296.0,,16.0,6453
1993-12-11,295.0,295.0,295.0,,16.0,6453
1993-12-12,294.0,294.0,294.0,,16.0,6453
1993-12-13,293.0,293.0,293.0,,16.0,6453
1993-12-14,292.0,292.0,292.0,,16.0,6453
1993-12-15,292.0,292.0,292.0,,16.0,6453
1993-12-16,291.0,291.0,291.0,,16.0,6453
1993-12-17,290.0,290.0,290.0,,16.0,6453
1993-12-18,289.0,289.0,289.0,,16.0,6453
1993-12-19,288.0,288.0,288.0,,16.0,6453
1993-12-20,288.0,288.0,288.0,,16.0,6453
1993-12-21,287.0,287.0,287.0,,16.0,6453
1993-12-22,287.0,287.0,287.0,,16.0,6453
1993-12-23,286.0,286.0,286.0,,16.0,6453
1993-12-24,285.0,285.0,285.0,,16.0,6453
1993-12-25,284.0,284.0,284.0,,16.0,6453
1993-12-26,285.0,285.0,285.0,,16.0,6453
1993-12-27,287.0,287.0,287.0,,16.0,6453
1993-12-28,287.0,287.0,287.0,,16.0,6453
1993-12-29,288.0,288.0,288.0,,16.0,6453
1993-12-30,289.0,289.0,289.0,,16.0,6453
1993-12-31,290.0,290.0,290.0,,16.0,6453
1994-01-01,290.0,290.0,290.0,,16.0,6453
1994-01-02,290.0,290.0,290.0,,16.0,6453
1994-01-03,289.0,289.0,289.0,,16.0,6453
1994-01-04,289.0,289.0,289.0,,16.0,6453
1994-01-05,288.0,288.0,288.0,,16.0,6453
1994-01-06,288.0,288.0,288.0,,16.0,6453
1994-01-07,289.0,289.0,289.0,,16.0,6453
1994-01-08,289.0,289.0,289.0,,16.0,6453
1994-01-09,289.0,289.0,289.0,,16.0,6453
1994-01-10,289.0,289.0,289.0,,16.0,6453
1994-01-11,289.0,289.0,289.0,,16.0,6453
1994-01-12,289.0,289.0,289.0,,16.0,6453
1994-01-13,289.0,289.0,289.0,,16.0,6453
1994-01-14,290.0,290.0,290.0,,16.0,6453
1994-01-15,290.0,290.0,290.0,,16.0,6453
1994-01-16,290.0,290.0,290.0,,16.0,6453
1994-01-17,289.0,289.0,289.0,,16.0,6453
1994-01-18,289.0,289.0,289.0,,16.0,6453
1994-01-19,289.0,289.0,289.0,,16.0,6453
1994-01-20,289.0,289.0,289.0,,16.0,6453
1994-01-21,289.0,289.0,289.0,,16.0,6453
1994-01-22,288.0,288.0,288.0,,16.0,6453
1994-01-23,288.0,288.0,288.0,,16.0,6453
1994-01-24,288.0,288.0,288.0,,16.0,6453
1994-01-25,288.0,288.0,288.0,,16.0,6453
1994-01-26,289.0,289.0,289.0,,16.0,6453
1994-01-27,291.0,291.0,291.0,,16.0,6453
1994-01-28,292.0,292.0,292.0,,16.0,6453
1994-01-29,294.0,294.0,294.0,,16.0,6453
1994-01-30,295.0,295.0,295.0,,16.0,6453
1994-01-31,295.0,295.0,295.0,,16.0,6453
1994-02-01,293.0,293.0,293.0,,16.0,6453
1994-02-02,293.0,293.0,293.0,,16.0,6453
1994-02-03,292.0,292.0,292.0,,16.0,6453
1994-02-04,292.0,292.0,292.0,,16.0,6453
1994-02-05,292.0,292.0,292.0,,16.0,6453
1994-02-06,287.0,287.0,287.0,,16.0,6453
1994-02-07,282.0,282.0,282.0,,16.0,6453
1994-02-08,278.0,278.0,278.0,,16.0,6453
1994-02-09,275.0,275.0,275.0,,16.0,6453
1994-02-10,274.0,274.0,274.0,,16.0,6453
1994-02-11,277.0,277.0,277.0,,16.0,6453
1994-02-12,280.0,280.0,280.0,,16.0,6453
1994-02-13,283.0,283.0,283.0,,16.0,6453
1994-02-14,286.0,286.0,286.0,,16.0,6453
1994-02-15,288.0,288.0,288.0,,16.0,6453
1994-02-16,290.0,290.0,290.0,,16.0,6453
1994-02-17,292.0,292.0,292.0,,16.0,6453
1994-02-18,294.0,294.0,294.0,,16.0,6453
1994-02-19,296.0,296.0,296.0,,16.0,6453
1994-02-20,297.0,297.0,297.0,,16.0,6453
1994-02-21,298.0,298.0,298.0,,16.0,6453
1994-02-22,298.0,298.0,298.0,,16.0,6453
1994-02-23,300.0,300.0,300.0,,16.0,6453
1994-02-24,301.0,301.0,301.0,,16.0,6453
1994-02-25,302.0,302.0,302.0,,16.0,6453
1994-02-26,298.0,298.0,298.0,,16.0,6453
1994-02-27,295.0,295.0,295.0,,16.0,6453
1994-02-28,293.0,293.0,293.0,,16.0,6453
1994-03-01,294.0,294.0,294.0,,16.0,6453
1994-03-02,297.0,297.0,297.0,,16.0,6453
1994-03-03,301.0,301.0,301.0,,16.0,6453
1994-03-04,303.0,303.0,303.0,,16.0,6453
1994-03-05,303.0,303.0,303.0,,16.0,6453
1994-03-06,297.0,297.0,297.0,,16.0,6453
1994-03-07,292.0,292.0,292.0,,16.0,6453
1994-03-08,289.0,289.0,289.0,,16.0,6453
1994-03-09,287.0,287.0,287.0,,16.0,6453
1994-03-10,285.0,285.0,285.0,,16.0,6453
1994-03-11,283.0,283.0,283.0,,16.0,6453
1994-03-12,280.0,280.0,280.0,,16.0,6453
1994-03-13,279.0,279.0,279.0,,16.0,6453
1994-03-14,278.0,278.0,278.0,,16.0,6453
1994-03-15,277.0,277.0,277.0,,16.0,6453
1994-03-16,276.0,276.0,276.0,,16.0,6453
1994-03-17,276.0,276.0,276.0,,16.0,6453
1994-03-18,273.0,273.0,273.0,,16.0,6453
1994-03-19,271.0,271.0,271.0,,16.0,6453
1994-03-20,268.0,268.0,268.0,,16.0,6453
1994-03-21,267.0,267.0,267.0,,16.0,6453
1994-03-22,266.0,266.0,266.0,,16.0,6453
1994-03-23,265.0,265.0,265.0,,16.0,6453
1994-03-24,267.0,267.0,267.0,,16.0,6453
1994-03-25,269.0,269.0,269.0,,16.0,6453
1994-03-26,271.0,271.0,271.0,,16.0,6453
1994-03-27,271.0,271.0,271.0,,16.0,6453
1994-03-28,274.0,274.0,274.0,,16.0,6453
1994-03-29,276.0,276.0,276.0,,16.0,6453
1994-03-30,286.0,286.0,286.0,,16.0,6453
1994-03-31,288.0,288.0,288.0,,16.0,6453
1994-04-01,285.0,284.0,285.0,,16.0,6453
1994-04-02,281.0,281.0,281.0,,16.0,6453
1994-04-03,281.0,280.0,281.0,,16.0,6453
1994-04-04,282.0,282.0,282.0,,16.0,6453
1994-04-05,284.0,283.0,285.0,,16.0,6453
1994-04-06,287.0,286.0,287.0,,16.0,6453
1994-04-07,290.0,289.0,290.0,,16.0,6453
1994-04-08,292.0,291.0,292.0,,16.0,6453
1994-04-09,294.0,293.0,294.0,,16.0,6453
1994-04-10,295.0,294.0,296.0,,16.0,6453
1994-04-11,297.0,297.0,297.0,0.0,16.0,6453
1994-04-12,298.0,298.0,298.0,0.0,16.0,6453
1994-04-13,298.0,298.0,298.0,0.0,16.0,6453
1994-04-14,300.0,298.0,302.0,0.0,16.0,6453
1994-04-15,304.0,303.0,304.0,0.0,16.0,6453
1994-04-16,303.0,301.0,305.0,0.0,16.0,6453
1994-04-17,296.0,296.0,296.0,0.0,16.0,6453
1994-04-18,295.0,294.0,296.0,0.0,16.0,6453
1994-04-19,294.0,294.0,294.0,0.0,16.0,6453
1994-04-20,295.0,292.0,297.0,0.0,16.0,6453
1994-04-21,306.0,305.0,307.0,0.0,16.0,6453
1994-04-22,303.0,302.0,304.0,0.0,16.0,6453
1994-04-23,301.0,299.0,302.0,0.0,16.0,6453
1994-04-24,299.0,297.0,301.0,0.1,16.0,6453
1994-04-25,304.0,300.0,308.0,0.3,16.0,6453
1994-04-26,309.0,307.0,311.0,0.4,16.0,6453
1994-04-27,312.0,310.0,313.0,0.3,16.47,6453
1994-04-28,313.0,313.0,313.0,0.2,47.0,6453
1994-04-29,313.0,311.0,315.0,0.2,47.0,6453
1994-04-30,314.0,313.0,315.0,0.2,23.47,6453
1994-05-01,315.0,315.0,315.0,0.4,23.0,6453
1994-05-02,315.0,312.0,317.0,0.2,,6453
1994-05-03,317.0,314.0,319.0,0.2,26.0,6453
1994-05-04,324.0,316.0,332.0,0.6,26.0,6453
1994-05-05,341.0,330.0,351.0,0.8,26.25,6453
1994-05-06,349.0,345.0,352.0,0.5,26.25,6453
1994-05-07,343.0,341.0,345.0,0.5,26.0,6453
1994-05-08,334.0,328.0,339.0,0.4,26.0,6453
1994-05-09,314.0,311.0,317.0,0.5,26.0,6453
1994-05-10,306.0,288.0,324.0,0.6,26.0,6453
1994-05-11,367.0,340.0,393.0,0.9,9.27,6453
1994-05-12,338.0,331.0,344.0,1.2,8.27,6453
1994-05-13,314.0,311.0,316.0,1.9,8.27,6453
1994-05-14,306.0,305.0,306.0,2.6,27.0,6453
1994-05-15,343.0,343.0,343.0,2.8,8.27,6453
1994-05-16,342.0,337.0,347.0,2.1,29.0,6453
1994-05-17,314.0,307.0,321.0,1.6,29.0,6453
1994-05-18,292.0,280.0,303.0,2.4,29.0,6453
1994-05-19,273.0,271.0,274.0,4.0,29.0,6453
1994-05-20,271.0,270.0,271.0,5.9,29.0,6453
1994-05-21,307.0,284.0,329.0,7.2,29.0,6453
1994-05-22,383.0,382.0,383.0,4.8,29.0,6453
1994-05-23,406.0,394.0,417.0,4.7,29.0,6453
1994-05-24,472.0,430.0,498.0,3.9,29.0,6453
1994-05-25,528.0,501.0,561.0,4.3,29.0,6453
1994-05-26,520.0,495.0,553.0,5.0,29.0,6453
1994-05-27,451.0,431.0,470.0,4.3,29.0,6453
1994-05-28,530.0,439.0,642.0,2.8,29.0,6453
1994-05-29,541.0,496.0,586.0,2.8,29.0,6453
1994-05-30,490.0,466.0,514.0,4.4,29.0,6453
1994-05-31,453.0,431.0,474.0,4.4,29.0,6453
1994-06-01,392.0,390.0,393.0,5.8,29.0,6453
1994-06-02,378.0,377.0,378.0,6.8,29.0,6453
1994-06-03,375.0,372.0,377.0,7.5,29.0,6453
1994-06-04,354.0,350.0,357.0,8.2,29.0,6453
1994-06-05,343.0,342.0,344.0,9.3,29.0,6453
1994-06-06,336.0,334.0,337.0,10.5,29.0,6453
1994-06-07,336.0,333.0,338.0,11.3,29.0,6453
1994-06-08,346.0,339.0,352.0,11.7,29.0,6453
1994-06-09,340.0,334.0,346.0,11.6,29.0,6453
1994-06-10,322.0,316.0,327.0,10.1,29.0,6453
1994-06-11,332.0,314.0,350.0,9.8,29.0,6453
1994-06-12,389.0,388.0,389.0,7.9,29.0,6453
1994-06-13,362.0,352.0,372.0,8.2,29.0,6453
1994-06-14,330.0,324.0,335.0,9.2,29.0,6453
1994-06-15,325.0,320.0,330.0,9.2,29.0,6453
1994-06-16,430.0,330.0,519.0,8.3,29.0,6453
1994-06-17,419.0,414.0,424.0,9.1,29.0,6453
1994-06-18,384.0,377.0,391.0,9.5,29.0,6453
1994-06-19,352.0,337.0,366.0,11.6,29.0,6453
1994-06-20,328.0,327.0,329.0,12.6,29.0,6453
1994-06-21,328.0,327.0,329.0,13.6,29.0,6453
1994-06-22,321.0,318.0,323.0,14.6,29.0,6453
1994-06-23,312.0,309.0,314.0,15.3,29.0,6453
1994-06-24,321.0,304.0,337.0,14.3,29.0,6453
1994-06-25,353.0,349.0,357.0,13.4,29.0,6453
1994-06-26,330.0,325.0,334.0,12.3,29.0,6453
1994-06-27,315.0,312.0,317.0,13.2,29.0,6453
1994-06-28,304.0,301.0,306.0,15.5,29.0,6453
1994-06-29,296.0,295.0,297.0,15.9,29.0,6453
1994-06-30,293.0,292.0,293.0,16.6,29.0,6453
1994-07-01,296.0,292.0,300.0,14.1,29.0,6453
1994-07-02,313.0,309.0,317.0,13.0,29.0,6453
1994-07-03,502.0,410.0,538.0,8.5,29.0,6453
1994-07-04,404.0,390.0,417.0,8.9,29.0,6453
1994-07-05,366.0,359.0,372.0,9.5,29.0,6453
1994-07-06,340.0,334.0,345.0,11.1,29.0,6453
1994-07-07,329.0,326.0,331.0,13.2,29.0,6453
1994-07-08,323.0,320.0,326.0,13.1,29.0,6453
1994-07-09,352.0,326.0,377.0,12.9,29.0,6453
1994-07-10,375.0,374.0,375.0,11.9,29.0,6453
1994-07-11,398.0,384.0,411.0,12.4,29.0,6453
1994-07-12,423.0,415.0,431.0,11.6,29.0,6453
1994-07-13,415.0,404.0,426.0,11.1,29.0,6453
1994-07-14,396.0,381.0,410.0,11.6,29.0,6453
1994-07-15,375.0,375.0,375.0,12.2,29.0,6453
1994-07-16,354.0,348.0,359.0,13.2,29.0,6453
1994-07-17,362.0,337.0,386.0,14.1,29.0,6453
1994-07-18,391.0,377.0,404.0,13.8,29.0,6453
1994-07-19,429.0,411.0,446.0,11.4,29.0,6453
1994-07-20,461.0,385.0,536.0,10.3,29.0,6453
1994-07-21,471.0,428.0,515.0,9.6,29.0,6453
1994-07-22,479.0,445.0,528.0,9.4,29.0,6453
1994-07-23,435.0,414.0,455.0,9.7,29.0,6453
1994-07-24,383.0,376.0,390.0,10.7,29.0,6453
1994-07-25,374.0,366.0,382.0,9.7,29.0,6453
1994-07-26,477.0,425.0,516.0,7.3,29.0,6453
1994-07-27,463.0,446.0,479.0,8.3,29.0,6453
1994-07-28,409.0,396.0,421.0,9.0,29.0,6453
1994-07-29,400.0,377.0,422.0,8.8,29.0,6453
1994-07-30,477.0,458.0,495.0,8.1,29.0,6453
1994-07-31,420.0,413.0,426.0,9.7,29.0,6453
1994-08-01,389.0,377.0,401.0,10.2,29.0,6453
1994-08-02,364.0,361.0,367.0,10.2,29.0,6453
1994-08-03,347.0,345.0,349.0,10.2,29.0,6453
1994-08-04,342.0,341.0,343.0,10.8,29.0,6453
1994-08-05,337.0,335.0,339.0,11.2,29.0,6453
1994-08-06,331.0,329.0,332.0,12.0,29.0,6453
1994-08-07,350.0,338.0,361.0,11.2,29.0,6453
1994-08-08,370.0,367.0,372.0,11.1,29.0,6453
1994-08-09,363.0,344.0,382.0,11.1,29.0,6453
1994-08-10,346.0,326.0,366.0,10.8,29.0,6453
1994-08-11,355.0,350.0,360.0,10.7,29.0,6453
1994-08-12,356.0,353.0,359.0,11.5,29.0,6453
1994-08-13,347.0,345.0,348.0,12.6,29.0,6453
1994-08-14,342.0,340.0,343.0,12.9,29.0,6453
1994-08-15,332.0,329.0,334.0,12.3,29.0,6453
1994-08-16,325.0,323.0,326.0,12.9,29.0,6453
1994-08-17,320.0,318.0,321.0,12.5,29.0,6453
1994-08-18,318.0,315.0,320.0,12.7,29.0,6453
1994-08-19,366.0,362.0,370.0,12.6,29.0,6453
1994-08-20,352.0,347.0,356.0,12.7,29.0,6453
1994-08-21,333.0,330.0,336.0,12.3,29.0,6453
1994-08-22,335.0,329.0,340.0,12.7,29.0,6453
1994-08-23,367.0,360.0,373.0,12.4,29.0,6453
1994-08-24,361.0,356.0,366.0,12.2,29.0,6453
1994-08-25,354.0,348.0,359.0,11.5,29.0,6453
1994-08-26,392.0,366.0,418.0,8.9,29.0,6453
1994-08-27,428.0,426.0,429.0,8.1,29.0,6453
1994-08-28,423.0,419.0,426.0,8.5,29.0,6453
1994-08-29,471.0,425.0,517.0,8.5,29.0,6453
1994-08-30,441.0,421.0,460.0,9.2,29.0,6453
1994-08-31,396.0,390.0,402.0,10.0,29.0,6453
1994-09-01,380.0,377.0,383.0,10.0,29.0,6453
1994-09-02,373.0,371.0,374.0,9.7,29.0,6453
1994-09-03,387.0,384.0,389.0,9.5,29.0,6453
1994-09-04,372.0,367.0,377.0,8.8,29.0,6453
1994-09-05,358.0,357.0,359.0,9.1,29.0,6453
1994-09-06,386.0,368.0,403.0,8.3,29.0,6453
1994-09-07,393.0,385.0,401.0,8.5,29.0,6453
1994-09-08,373.0,371.0,374.0,8.5,29.0,6453
1994-09-09,395.0,393.0,397.0,8.4,29.0,6453
1994-09-10,379.0,375.0,383.0,8.2,29.0,6453
1994-09-11,366.0,363.0,368.0,7.8,29.0,6453
1994-09-12,353.0,350.0,356.0,7.9,29.0,6453
1994-09-13,340.0,337.0,343.0,8.3,29.0,6453
1994-09-14,329.0,328.0,330.0,8.3,29.0,6453
1994-09-15,325.0,324.0,326.0,9.2,29.0,6453
1994-09-16,322.0,320.0,323.0,9.4,29.0,6453
1994-09-17,317.0,315.0,318.0,10.3,29.0,6453
1994-09-18,313.0,312.0,313.0,10.8,29.0,6453
1994-09-19,312.0,311.0,312.0,10.1,29.0,6453
1994-09-20,311.0,310.0,312.0,10.2,29.0,6453
1994-09-21,310.0,309.0,310.0,10.1,29.0,6453
1994-09-22,309.0,309.0,309.0,9.8,29.0,6453
1994-09-23,309.0,308.0,309.0,9.2,29.0,6453
1994-09-24,306.0,306.0,306.0,9.3,29.0,6453
1994-09-25,305.0,304.0,305.0,9.1,29.0,6453
1994-09-26,303.0,302.0,303.0,8.9,29.0,6453
1994-09-27,300.0,300.0,300.0,8.4,29.0,6453
1994-09-28,299.0,299.0,299.0,8.5,29.0,6453
1994-09-29,297.0,296.0,298.0,8.7,29.0,6453
1994-09-30,294.0,293.0,294.0,8.7,29.0,6453
1994-10-01,292.0,292.0,292.0,8.0,29.0,6453
1994-10-02,291.0,291.0,291.0,8.3,29.0,6453
1994-10-03,290.0,290.0,290.0,8.3,29.0,6453
1994-10-04,290.0,290.0,290.0,8.3,29.0,6453
1994-10-05,290.0,290.0,290.0,8.1,29.0,6453
1994-10-06,290.0,290.0,290.0,7.9,29.0,6453
1994-10-07,292.0,291.0,292.0,5.9,29.0,6453
1994-10-08,291.0,291.0,291.0,4.3,29.0,6453
1994-10-09,295.0,294.0,295.0,4.2,29.0,6453
1994-10-10,293.0,292.0,293.0,3.8,29.0,6453
1994-10-11,290.0,289.0,290.0,4.4,29.0,6453
1994-10-12,288.0,288.0,288.0,4.4,29.0,6453
1994-10-13,287.0,286.0,287.0,4.5,29.0,6453
1994-10-14,286.0,285.0,286.0,4.4,29.0,6453
1994-10-15,286.0,286.0,286.0,3.6,29.0,6453
1994-10-16,285.0,284.0,285.0,3.3,29.0,6453
1994-10-17,283.0,282.0,283.0,2.9,29.0,6453
1994-10-18,280.0,279.0,280.0,1.9,2.29,6453
1994-10-19,278.0,277.0,278.0,1.9,2.29,6453
1994-10-20,276.0,276.0,276.0,1.2,2.29,6453
1994-10-21,275.0,275.0,275.0,0.6,2.29,6453
1994-10-22,275.0,274.0,276.0,0.2,,6453
1994-10-23,271.0,270.0,272.0,0.0,,6453
1994-10-24,268.0,267.0,268.0,0.0,,6453
1994-10-25,267.0,267.0,267.0,0.0,,6453
1994-10-26,269.0,269.0,269.0,0.0,,6453
1994-10-27,269.0,268.0,269.0,0.5,,6453
1994-10-28,266.0,266.0,266.0,0.5,29.0,6453
1994-10-29,266.0,266.0,266.0,0.1,,6453
1994-10-30,263.0,261.0,265.0,0.0,,6453
1994-10-31,258.0,257.0,259.0,0.0,,6453
1994-11-01,264.0,263.0,265.0,0.0,,6453
1994-11-02,260.0,259.0,260.0,0.0,2.0,6453
1994-11-03,260.0,258.0,261.0,0.0,,6453
1994-11-04,257.0,256.0,258.0,0.0,,6453
1994-11-05,261.0,261.0,261.0,0.0,5.15,6453
1994-11-06,271.0,261.0,280.0,0.0,4.15,6453
1994-11-07,337.0,332.0,342.0,0.0,15.0,6453
1994-11-08,319.0,317.0,321.0,0.0,16.0,6453
1994-11-09,311.0,306.0,315.0,0.0,16.0,6453
1994-11-10,303.0,302.0,304.0,0.0,17.0,6453
1994-11-11,307.0,306.0,307.0,0.0,17.0,6453
1994-11-12,306.0,305.0,307.0,0.0,17.0,6453
1994-11-13,308.0,306.0,310.0,0.0,18.17,6453
1994-11-14,304.0,301.0,307.0,0.0,18.0,6453
1994-11-15,309.0,307.0,310.0,0.0,18.0,6453
1994-11-16,309.0,308.0,310.0,0.0,18.0,6453
1994-11-17,308.0,307.0,309.0,0.0,18.0,6453
1994-11-18,307.0,306.0,307.0,0.0,18.0,6453
1994-11-19,304.0,302.0,305.0,0.0,18.0,6453
1994-11-20,300.0,300.0,300.0,0.0,18.0,6453
1994-11-21,301.0,300.0,301.0,0.0,18.0,6453
1994-11-22,303.0,302.0,303.0,0.0,18.0,6453
1994-11-23,304.0,303.0,304.0,0.0,18.0,6453
1994-11-24,304.0,303.0,304.0,0.0,18.0,6453
1994-11-25,303.0,303.0,303.0,0.0,18.0,6453
1994-11-26,303.0,302.0,303.0,0.0,18.0,6453
1994-11-27,302.0,302.0,302.0,0.0,18.0,6453
1994-11-28,302.0,301.0,302.0,0.0,18.0,6453
1994-11-29,301.0,301.0,301.0,0.0,18.0,6453
1994-11-30,301.0,301.0,301.0,0.0,18.0,6453
1994-12-01,300.0,300.0,300.0,,18.0,6453
1994-12-02,298.0,298.0,298.0,,18.0,6453
1994-12-03,298.0,298.0,298.0,,18.0,6453
1994-12-04,296.0,296.0,296.0,,18.0,6453
1994-12-05,295.0,295.0,295.0,,18.0,6453
1994-12-06,294.0,294.0,294.0,,18.0,6453
1994-12-07,293.0,293.0,293.0,,18.0,6453
1994-12-08,292.0,292.0,292.0,,18.0,6453
1994-12-09,292.0,292.0,292.0,,18.0,6453
1994-12-10,291.0,291.0,291.0,,18.0,6453
1994-12-11,290.0,290.0,290.0,,18.0,6453
1994-12-12,289.0,289.0,289.0,,18.0,6453
1994-12-13,289.0,289.0,289.0,,18.0,6453
1994-12-14,288.0,288.0,288.0,,18.0,6453
1994-12-15,287.0,287.0,287.0,,18.0,6453
1994-12-16,286.0,286.0,286.0,,18.0,6453
1994-12-17,286.0,286.0,286.0,,18.0,6453
1994-12-18,285.0,285.0,285.0,,18.0,6453
1994-12-19,284.0,284.0,284.0,,18.0,6453
1994-12-20,284.0,284.0,284.0,,18.0,6453
1994-12-21,284.0,284.0,284.0,,18.0,6453
1994-12-22,284.0,284.0,284.0,,18.0,6453
1994-12-23,284.0,284.0,284.0,,18.0,6453
1994-12-24,284.0,284.0,284.0,,18.0,6453
1994-12-25,284.0,284.0,284.0,,18.0,6453
1994-12-26,284.0,284.0,284.0,,18.0,6453
1994-12-27,284.0,284.0,284.0,,18.0,6453
1994-12-28,284.0,284.0,284.0,,18.0,6453
1994-12-29,284.0,284.0,284.0,,18.0,6453
1994-12-30,284.0,284.0,284.0,,18.0,6453
1994-12-31,284.0,284.0,284.0,,18.0,6453
1995-01-01,284.0,284.0,284.0,,16.0,6453
1995-01-02,284.0,284.0,284.0,,16.0,6453
1995-01-03,284.0,284.0,284.0,,16.0,6453
1995-01-04,284.0,284.0,284.0,,16.0,6453
1995-01-05,284.0,284.0,284.0,,16.0,6453
1995-01-06,284.0,284.0,284.0,,16.0,6453
1995-01-07,284.0,284.0,284.0,,16.0,6453
1995-01-08,284.0,284.0,284.0,,16.0,6453
1995-01-09,284.0,284.0,284.0,,16.0,6453
1995-01-10,284.0,284.0,284.0,,16.0,6453
1995-01-11,284.0,284.0,284.0,,16.0,6453
1995-01-12,284.0,284.0,284.0,,16.0,6453
1995-01-13,284.0,284.0,284.0,,16.0,6453
1995-01-14,284.0,284.0,284.0,,16.0,6453
1995-01-15,284.0,284.0,284.0,,16.0,6453
1995-01-16,285.0,285.0,285.0,,16.0,6453
1995-01-17,285.0,285.0,285.0,,16.0,6453
1995-01-18,285.0,285.0,285.0,,16.0,6453
1995-01-19,286.0,286.0,286.0,,16.0,6453
1995-01-20,286.0,286.0,286.0,,16.0,6453
1995-01-21,286.0,286.0,286.0,,16.0,6453
1995-01-22,286.0,286.0,286.0,,16.0,6453
1995-01-23,287.0,287.0,287.0,,16.0,6453
1995-01-24,287.0,287.0,287.0,,16.0,6453
1995-01-25,287.0,287.0,287.0,,16.0,6453
1995-01-26,286.0,286.0,286.0,,16.0,6453
1995-01-27,286.0,286.0,286.0,,16.0,6453
1995-01-28,285.0,285.0,285.0,,16.0,6453
1995-01-29,285.0,285.0,285.0,,16.0,6453
1995-01-30,285.0,285.0,285.0,,16.0,6453
1995-01-31,284.0,284.0,284.0,,16.0,6453
1995-02-01,284.0,284.0,284.0,,16.0,6453
1995-02-02,284.0,284.0,284.0,,16.0,6453
1995-02-03,284.0,284.0,284.0,,16.0,6453
1995-02-04,284.0,284.0,284.0,,16.0,6453
1995-02-05,284.0,284.0,284.0,,16.0,6453
1995-02-06,284.0,284.0,284.0,,16.0,6453
1995-02-07,285.0,285.0,285.0,,16.0,6453
1995-02-08,286.0,286.0,286.0,,16.0,6453
1995-02-09,286.0,286.0,286.0,,16.0,6453
1995-02-10,287.0,287.0,287.0,,16.0,6453
1995-02-11,287.0,287.0,287.0,,16.0,6453
1995-02-12,287.0,287.0,287.0,,16.0,6453
1995-02-13,288.0,288.0,288.0,,16.0,6453
1995-02-14,288.0,288.0,288.0,,16.0,6453
1995-02-15,288.0,288.0,288.0,,16.0,6453
1995-02-16,287.0,287.0,287.0,,16.0,6453
1995-02-17,287.0,287.0,287.0,,16.0,6453
1995-02-18,286.0,286.0,286.0,,16.0,6453
1995-02-19,286.0,286.0,286.0,,16.0,6453
1995-02-20,286.0,286.0,286.0,,16.0,6453
1995-02-21,285.0,285.0,285.0,,16.0,6453
1995-02-22,284.0,284.0,284.0,,16.0,6453
1995-02-23,283.0,283.0,283.0,,16.0,6453
1995-02-24,282.0,282.0,282.0,,16.0,6453
1995-02-25,281.0,281.0,281.0,,16.0,6453
1995-02-26,280.0,280.0,280.0,,16.0,6453
1995-02-27,280.0,280.0,280.0,,16.0,6453
1995-02-28,281.0,281.0,281.0,,16.0,6453
1995-03-01,281.0,281.0,281.0,,16.0,6453
1995-03-02,281.0,281.0,281.0,,16.0,6453
1995-03-03,281.0,281.0,281.0,,16.0,6453
1995-03-04,281.0,281.0,281.0,,16.0,6453
1995-03-05,281.0,281.0,281.0,,16.0,6453
1995-03-06,281.0,281.0,281.0,,16.0,6453
1995-03-07,282.0,282.0,282.0,,16.0,6453
1995-03-08,282.0,282.0,282.0,,16.0,6453
1995-03-09,282.0,282.0,282.0,,16.0,6453
1995-03-10,282.0,282.0,282.0,,16.0,6453
1995-03-11,283.0,283.0,283.0,,16.0,6453
1995-03-12,283.0,283.0,283.0,,16.0,6453
1995-03-13,283.0,283.0,283.0,,16.0,6453
1995-03-14,285.0,285.0,285.0,,16.0,6453
1995-03-15,286.0,286.0,286.0,,16.0,6453
1995-03-16,287.0,287.0,287.0,,16.0,6453
1995-03-17,288.0,288.0,288.0,,16.0,6453
1995-03-18,288.0,288.0,288.0,,16.0,6453
1995-03-19,287.0,287.0,287.0,,16.0,6453
1995-03-20,287.0,287.0,287.0,,16.0,6453
1995-03-21,288.0,288.0,288.0,,16.0,6453
1995-03-22,289.0,289.0,289.0,,16.0,6453
1995-03-23,289.0,289.0,289.0,,16.0,6453
1995-03-24,287.0,287.0,287.0,,16.0,6453
1995-03-25,286.0,286.0,286.0,,16.0,6453
1995-03-26,286.0,286.0,286.0,,16.0,6453
1995-03-27,286.0,286.0,286.0,,16.0,6453
1995-03-28,287.0,287.0,287.0,,16.0,6453
1995-03-29,287.0,287.0,287.0,,16.0,6453
1995-03-30,288.0,288.0,288.0,,16.0,6453
1995-03-31,288.0,288.0,288.0,,16.0,6453
1995-04-01,287.0,287.0,287.0,,16.0,6453
1995-04-02,286.0,286.0,286.0,,16.0,6453
1995-04-03,285.0,285.0,285.0,,16.0,6453
1995-04-04,286.0,285.0,286.0,,16.0,6453
1995-04-05,286.0,286.0,286.0,,16.0,6453
1995-04-06,286.0,286.0,286.0,,16.0,6453
1995-04-07,287.0,286.0,287.0,,16.0,6453
1995-04-08,287.0,286.0,287.0,,16.0,6453
1995-04-09,286.0,286.0,286.0,,16.0,6453
1995-04-10,286.0,285.0,286.0,,16.0,6453
1995-04-11,288.0,287.0,288.0,,16.0,6453
1995-04-12,287.0,287.0,287.0,,16.0,6453
1995-04-13,288.0,287.0,289.0,,16.0,6453
1995-04-14,288.0,287.0,289.0,,16.0,6453
1995-04-15,290.0,289.0,291.0,,16.0,6453
1995-04-16,291.0,290.0,291.0,,16.0,6453
1995-04-17,292.0,291.0,292.0,,16.0,6453
1995-04-18,293.0,291.0,295.0,,16.0,6453
1995-04-19,295.0,294.0,296.0,,16.0,6453
1995-04-20,297.0,296.0,297.0,,16.0,6453
1995-04-21,297.0,296.0,297.0,0.0,16.0,6453
1995-04-22,294.0,293.0,294.0,0.0,16.0,6453
1995-04-23,294.0,292.0,295.0,0.0,16.0,6453
1995-04-24,295.0,293.0,297.0,0.0,16.0,6453
1995-04-25,298.0,297.0,299.0,0.0,16.0,6453
1995-04-26,296.0,293.0,298.0,0.0,16.0,6453
1995-04-27,293.0,291.0,294.0,0.0,16.0,6453
1995-04-28,299.0,294.0,304.0,0.0,16.0,6453
1995-04-29,319.0,311.0,327.0,0.0,23.16,6453
1995-04-30,339.0,323.0,354.0,0.0,,6453
1995-05-01,382.0,347.0,416.0,0.0,26.25,6453
1995-05-02,406.0,389.0,423.0,0.0,,6453
1995-05-03,327.0,325.0,329.0,0.2,27.0,6453
1995-05-04,321.0,319.0,322.0,0.2,27.0,6453
1995-05-05,315.0,314.0,316.0,0.2,27.0,6453
1995-05-06,313.0,311.0,315.0,0.6,27.0,6453
1995-05-07,334.0,318.0,349.0,1.8,27.0,6453
1995-05-08,404.0,392.0,415.0,1.7,,6453
1995-05-09,449.0,437.0,461.0,1.7,,6453
1995-05-10,503.0,473.0,533.0,1.55,,6453
1995-05-11,602.0,554.0,639.0,1.4,8.29,6453
1995-05-12,556.0,526.0,586.0,1.9,29.0,6453
1995-05-13,539.0,526.0,551.0,1.9,29.0,6453
1995-05-14,493.0,473.0,513.0,2.1,29.0,6453
1995-05-15,495.0,486.0,503.0,2.0,29.0,6453
1995-05-16,445.0,426.0,463.0,3.2,29.0,6453
1995-05-17,379.0,371.0,386.0,4.25,29.0,6453
1995-05-18,494.0,409.0,561.0,2.95,29.0,6453
1995-05-19,556.0,509.0,589.0,3.45,29.0,6453
1995-05-20,596.0,564.0,629.0,3.1,29.0,6453
1995-05-21,549.0,512.0,585.0,2.85,29.0,6453
1995-05-22,441.0,408.0,473.0,3.4,29.0,6453
1995-05-23,376.0,367.0,384.0,4.1,29.0,6453
1995-05-24,352.0,349.0,354.0,4.8,29.0,6453
1995-05-25,353.0,349.0,356.0,5.85,29.0,6453
1995-05-26,371.0,364.0,378.0,6.2,29.0,6453
1995-05-27,374.0,367.0,380.0,5.9,29.0,6453
1995-05-28,387.0,386.0,387.0,6.2,29.0,6453
1995-05-29,413.0,396.0,429.0,6.8,29.0,6453
1995-05-30,426.0,419.0,432.0,6.65,29.0,6453
1995-05-31,424.0,415.0,432.0,6.5,29.0,6453
1995-06-01,422.0,417.0,427.0,6.6,29.0,6453
1995-06-02,391.0,383.0,399.0,7.6,29.0,6453
1995-06-03,394.0,380.0,407.0,9.25,29.0,6453
1995-06-04,420.0,419.0,421.0,9.0,29.0,6453
1995-06-05,412.0,401.0,422.0,8.65,29.0,6453
1995-06-06,413.0,401.0,424.0,8.45,29.0,6453
1995-06-07,421.0,405.0,436.0,8.75,29.0,6453
1995-06-08,407.0,407.0,407.0,9.85,29.0,6453
1995-06-09,385.0,381.0,389.0,11.05,29.0,6453
1995-06-10,371.0,368.0,374.0,11.8,29.0,6453
1995-06-11,356.0,354.0,357.0,12.7,29.0,6453
1995-06-12,355.0,354.0,356.0,13.35,29.0,6453
1995-06-13,354.0,350.0,358.0,13.85,29.0,6453
1995-06-14,355.0,353.0,356.0,14.5,29.0,6453
1995-06-15,348.0,345.0,350.0,14.3,29.0,6453
1995-06-16,341.0,341.0,341.0,13.2,29.0,6453
1995-06-17,337.0,334.0,339.0,13.5,29.0,6453
1995-06-18,332.0,331.0,332.0,11.85,29.0,6453
1995-06-19,388.0,364.0,412.0,9.7,29.0,6453
1995-06-20,383.0,373.0,393.0,10.9,29.0,6453
1995-06-21,359.0,350.0,367.0,12.4,29.0,6453
1995-06-22,339.0,335.0,342.0,13.45,29.0,6453
1995-06-23,328.0,326.0,329.0,14.0,29.0,6453
1995-06-24,321.0,319.0,322.0,14.2,29.0,6453
1995-06-25,315.0,315.0,315.0,14.7,29.0,6453
1995-06-26,313.0,312.0,314.0,14.8,29.0,6453
1995-06-27,310.0,309.0,310.0,13.85,29.0,6453
1995-06-28,308.0,307.0,308.0,14.45,29.0,6453
1995-06-29,306.0,305.0,306.0,15.1,29.0,6453
1995-06-30,304.0,303.0,304.0,15.4,29.0,6453
1995-07-01,304.0,303.0,304.0,14.6,29.0,6453
1995-07-02,303.0,303.0,303.0,14.65,29.0,6453
1995-07-03,301.0,301.0,301.0,15.65,29.0,6453
1995-07-04,301.0,301.0,301.0,15.85,29.0,6453
1995-07-05,301.0,300.0,301.0,16.15,29.0,6453
1995-07-06,299.0,298.0,299.0,16.1,29.0,6453
1995-07-07,299.0,299.0,299.0,15.55,29.0,6453
1995-07-08,307.0,302.0,312.0,15.2,29.0,6453
1995-07-09,384.0,340.0,428.0,13.2,29.0,6453
1995-07-10,381.0,370.0,392.0,13.5,29.0,6453
1995-07-11,439.0,358.0,520.0,11.4,29.0,6453
1995-07-12,610.0,552.0,640.0,8.6,29.0,6453
1995-07-13,499.0,456.0,541.0,8.65,29.0,6453
1995-07-14,419.0,408.0,429.0,8.8,29.0,6453
1995-07-15,383.0,381.0,385.0,11.4,29.0,6453
1995-07-16,366.0,359.0,372.0,12.2,29.0,6453
1995-07-17,348.0,344.0,352.0,12.65,29.0,6453
1995-07-18,357.0,349.0,364.0,13.75,29.0,6453
1995-07-19,363.0,360.0,366.0,13.95,29.0,6453
1995-07-20,353.0,350.0,356.0,14.05,29.0,6453
1995-07-21,345.0,342.0,347.0,14.7,29.0,6453
1995-07-22,336.0,334.0,338.0,14.95,29.0,6453
1995-07-23,341.0,332.0,350.0,13.0,29.0,6453
1995-07-24,392.0,369.0,415.0,12.45,29.0,6453
1995-07-25,380.0,376.0,383.0,12.05,29.0,6453
1995-07-26,366.0,362.0,370.0,12.5,29.0,6453
1995-07-27,358.0,355.0,360.0,12.85,29.0,6453
1995-07-28,351.0,348.0,354.0,12.95,29.0,6453
1995-07-29,348.0,344.0,352.0,13.25,29.0,6453
1995-07-30,450.0,416.0,483.0,11.1,29.0,6453
1995-07-31,432.0,415.0,448.0,10.6,29.0,6453
1995-08-01,390.0,381.0,398.0,11.85,29.0,6453
1995-08-02,368.0,364.0,371.0,12.3,29.0,6453
1995-08-03,355.0,351.0,358.0,12.75,29.0,6453
1995-08-04,354.0,344.0,364.0,13.2,29.0,6453
1995-08-05,357.0,356.0,358.0,13.65,29.0,6453
1995-08-06,348.0,345.0,350.0,13.85,29.0,6453
1995-08-07,351.0,342.0,359.0,14.8,29.0,6453
1995-08-08,348.0,348.0,348.0,15.4,29.0,6453
1995-08-09,354.0,348.0,359.0,15.85,29.0,6453
1995-08-10,388.0,350.0,426.0,14.1,29.0,6453
1995-08-11,455.0,444.0,466.0,10.55,29.0,6453
1995-08-12,404.0,389.0,418.0,11.45,29.0,6453
1995-08-13,379.0,376.0,381.0,11.3,29.0,6453
1995-08-14,411.0,398.0,423.0,10.05,29.0,6453
1995-08-15,408.0,403.0,412.0,10.1,29.0,6453
1995-08-16,385.0,380.0,390.0,10.75,29.0,6453
1995-08-17,367.0,365.0,369.0,11.15,29.0,6453
1995-08-18,367.0,360.0,374.0,11.35,29.0,6453
1995-08-19,379.0,375.0,382.0,11.25,29.0,6453
1995-08-20,375.0,365.0,384.0,11.35,29.0,6453
1995-08-21,389.0,378.0,400.0,10.3,29.0,6453
1995-08-22,381.0,376.0,385.0,9.95,29.0,6453
1995-08-23,368.0,365.0,370.0,10.05,29.0,6453
1995-08-24,356.0,352.0,359.0,10.3,29.0,6453
1995-08-25,343.0,342.0,344.0,10.7,29.0,6453
1995-08-26,340.0,339.0,340.0,11.5,29.0,6453
1995-08-27,346.0,343.0,349.0,11.5,29.0,6453
1995-08-28,341.0,340.0,341.0,11.3,29.0,6453
1995-08-29,348.0,342.0,354.0,11.4,29.0,6453
1995-08-30,353.0,346.0,359.0,11.3,29.0,6453
1995-08-31,352.0,350.0,354.0,11.45,29.0,6453
1995-09-01,345.0,343.0,347.0,10.0,29.0,6453
1995-09-02,352.0,340.0,364.0,9.85,29.0,6453
1995-09-03,386.0,380.0,392.0,9.65,29.0,6453
1995-09-04,489.0,465.0,513.0,8.7,29.0,6453
1995-09-05,470.0,453.0,487.0,8.0,29.0,6453
1995-09-06,394.0,385.0,402.0,8.25,29.0,6453
1995-09-07,368.0,365.0,370.0,8.65,29.0,6453
1995-09-08,358.0,356.0,360.0,9.05,29.0,6453
1995-09-09,357.0,354.0,360.0,9.7,29.0,6453
1995-09-10,366.0,365.0,366.0,9.4,29.0,6453
1995-09-11,371.0,362.0,380.0,8.95,29.0,6453
1995-09-12,418.0,404.0,431.0,8.2,29.0,6453
1995-09-13,403.0,385.0,420.0,7.2,29.0,6453
1995-09-14,383.0,380.0,386.0,6.75,29.0,6453
1995-09-15,375.0,370.0,379.0,6.3,29.0,6453
1995-09-16,360.0,353.0,366.0,6.45,29.0,6453
1995-09-17,341.0,339.0,343.0,7.2,29.0,6453
1995-09-18,330.0,330.0,330.0,8.75,29.0,6453
1995-09-19,327.0,326.0,328.0,8.6,29.0,6453
1995-09-20,324.0,323.0,324.0,8.95,29.0,6453
1995-09-21,321.0,320.0,321.0,9.4,29.0,6453
1995-09-22,319.0,319.0,319.0,9.25,29.0,6453
1995-09-23,318.0,318.0,318.0,8.9,29.0,6453
1995-09-24,319.0,318.0,320.0,8.55,29.0,6453
1995-09-25,353.0,338.0,367.0,7.5,29.0,6453
1995-09-26,358.0,355.0,360.0,6.05,29.0,6453
1995-09-27,348.0,346.0,350.0,5.95,29.0,6453
1995-09-28,341.0,340.0,342.0,6.05,29.0,6453
1995-09-29,336.0,334.0,338.0,6.05,29.0,6453
1995-09-30,332.0,331.0,333.0,6.6,29.0,6453
1995-10-01,330.0,329.0,330.0,6.1,29.0,6453
1995-10-02,343.0,330.0,355.0,5.85,29.0,6453
1995-10-03,344.0,342.0,346.0,5.25,29.0,6453
1995-10-04,336.0,335.0,337.0,5.0,29.0,6453
1995-10-05,333.0,332.0,334.0,4.75,29.0,6453
1995-10-06,328.0,325.0,330.0,4.1,29.0,6453
1995-10-07,320.0,319.0,320.0,3.8,29.0,6453
1995-10-08,315.0,315.0,315.0,3.45,29.0,6453
1995-10-09,315.0,315.0,315.0,3.35,29.0,6453
1995-10-10,320.0,319.0,320.0,4.05,29.0,6453
1995-10-11,318.0,317.0,318.0,4.6,29.0,6453
1995-10-12,315.0,315.0,315.0,4.45,29.0,6453
1995-10-13,315.0,314.0,315.0,4.5,29.0,6453
1995-10-14,313.0,312.0,313.0,3.2,29.0,6453
1995-10-15,310.0,309.0,310.0,1.45,29.0,6453
1995-10-16,307.0,306.0,307.0,1.65,29.0,6453
1995-10-17,305.0,304.0,305.0,1.9,29.0,6453
1995-10-18,303.0,303.0,303.0,1.8,29.0,6453
1995-10-19,303.0,303.0,303.0,1.7,29.0,6453
1995-10-20,302.0,302.0,302.0,1.45,29.0,6453
1995-10-21,302.0,302.0,302.0,1.4,29.0,6453
1995-10-22,301.0,301.0,301.0,1.45,2.0,6453
1995-10-23,299.0,297.0,300.0,0.3,2.0,6453
1995-10-24,295.0,294.0,295.0,0.1,,6453
1995-10-25,293.0,293.0,293.0,0.3,,6453
1995-10-26,293.0,293.0,293.0,0.8,29.0,6453
1995-10-27,293.0,293.0,293.0,0.85,29.0,6453
1995-10-28,293.0,292.0,293.0,1.2,,6453
1995-10-29,292.0,292.0,292.0,1.4,29.0,6453
1995-10-30,292.0,292.0,292.0,1.3,29.0,6453
1995-10-31,291.0,291.0,291.0,1.15,29.0,6453
1995-11-01,292.0,292.0,292.0,1.0,29.0,6453
1995-11-02,292.0,291.0,292.0,0.85,29.0,6453
1995-11-03,290.0,288.0,291.0,0.0,,6453
1995-11-04,283.0,280.0,286.0,0.0,,6453
1995-11-05,281.0,280.0,282.0,0.0,5.15,6453
1995-11-06,282.0,280.0,283.0,0.0,5.15,6453
1995-11-07,284.0,280.0,287.0,0.0,,6453
1995-11-08,295.0,292.0,297.0,0.0,5.15,6453
1995-11-09,297.0,296.0,297.0,0.0,5.15,6453
1995-11-10,308.0,296.0,320.0,0.0,5.15,6453
1995-11-11,318.0,315.0,320.0,0.0,15.0,6453
1995-11-12,318.0,317.0,318.0,0.0,15.0,6453
1995-11-13,317.0,315.0,319.0,0.0,15.0,6453
1995-11-14,322.0,322.0,322.0,0.0,15.0,6453
1995-11-15,327.0,325.0,328.0,0.0,15.0,6453
1995-11-16,332.0,331.0,332.0,0.0,16.0,6453
1995-11-17,334.0,333.0,334.0,0.0,16.0,6453
1995-11-18,338.0,335.0,340.0,0.0,16.0,6453
1995-11-19,341.0,340.0,341.0,0.0,16.0,6453
1995-11-20,343.0,342.0,343.0,0.0,16.0,6453
1995-11-21,342.0,342.0,342.0,0.0,16.0,6453
1995-11-22,342.0,342.0,342.0,0.0,16.0,6453
1995-11-23,341.0,340.0,341.0,0.0,16.0,6453
1995-11-24,338.0,338.0,338.0,0.0,16.0,6453
1995-11-25,339.0,338.0,340.0,0.0,16.0,6453
1995-11-26,340.0,340.0,340.0,0.0,16.0,6453
1995-11-27,340.0,339.0,340.0,0.0,16.0,6453
1995-11-28,339.0,338.0,339.0,0.0,16.0,6453
1995-11-29,337.0,337.0,337.0,0.0,16.0,6453
1995-11-30,336.0,336.0,336.0,0.0,16.0,6453
1995-12-01,336.0,336.0,336.0,,16.0,6453
1995-12-02,335.0,335.0,335.0,,16.0,6453
1995-12-03,335.0,335.0,335.0,,16.0,6453
1995-12-04,335.0,335.0,335.0,,16.0,6453
1995-12-05,334.0,334.0,334.0,,16.0,6453
1995-12-06,334.0,334.0,334.0,,16.0,6453
1995-12-07,334.0,334.0,334.0,,16.0,6453
1995-12-08,333.0,333.0,333.0,,16.0,6453
1995-12-09,332.0,332.0,332.0,,16.0,6453
1995-12-10,332.0,332.0,332.0,,16.0,6453
1995-12-11,331.0,331.0,331.0,,16.0,6453
1995-12-12,330.0,330.0,330.0,,16.0,6453
1995-12-13,329.0,329.0,329.0,,16.0,6453
1995-12-14,327.0,327.0,327.0,,16.0,6453
1995-12-15,327.0,327.0,327.0,,16.0,6453
1995-12-16,326.0,326.0,326.0,,16.0,6453
1995-12-17,325.0,325.0,325.0,,16.0,6453
1995-12-18,323.0,323.0,323.0,,16.0,6453
1995-12-19,322.0,322.0,322.0,,16.0,6453
1995-12-20,321.0,321.0,321.0,,16.0,6453
1995-12-21,321.0,321.0,321.0,,16.0,6453
1995-12-22,320.0,320.0,320.0,,16.0,6453
1995-12-23,320.0,320.0,320.0,,16.0,6453
1995-12-24,319.0,319.0,319.0,,16.0,6453
1995-12-25,319.0,319.0,319.0,,16.0,6453
1995-12-26,318.0,318.0,318.0,,16.0,6453
1995-12-27,318.0,318.0,318.0,,16.0,6453
1995-12-28,317.0,317.0,317.0,,16.0,6453
1995-12-29,317.0,317.0,317.0,,16.0,6453
1995-12-30,316.0,316.0,316.0,,16.0,6453
1995-12-31,316.0,316.0,316.0,,16.0,6453
1996-01-01,316.0,316.0,316.0,,16.0,6453
1996-01-02,315.0,315.0,315.0,,16.0,6453
1996-01-03,315.0,315.0,315.0,,16.0,6453
1996-01-04,315.0,315.0,315.0,,16.0,6453
1996-01-05,314.0,314.0,314.0,,16.0,6453
1996-01-06,314.0,314.0,314.0,,16.0,6453
1996-01-07,314.0,314.0,314.0,,16.0,6453
1996-01-08,314.0,314.0,314.0,,16.0,6453
1996-01-09,313.0,313.0,313.0,,16.0,6453
1996-01-10,313.0,313.0,313.0,,16.0,6453
1996-01-11,312.0,312.0,312.0,,16.0,6453
1996-01-12,312.0,312.0,312.0,,16.0,6453
1996-01-13,311.0,311.0,311.0,,16.0,6453
1996-01-14,311.0,311.0,311.0,,16.0,6453
1996-01-15,310.0,310.0,310.0,,16.0,6453
1996-01-16,310.0,310.0,310.0,,16.0,6453
1996-01-17,310.0,310.0,310.0,,16.0,6453
1996-01-18,310.0,310.0,310.0,,16.0,6453
1996-01-19,310.0,310.0,310.0,,16.0,6453
1996-01-20,310.0,310.0,310.0,,16.0,6453
1996-01-21,310.0,310.0,310.0,,16.0,6453
1996-01-22,310.0,310.0,310.0,,16.0,6453
1996-01-23,309.0,309.0,309.0,,16.0,6453
1996-01-24,309.0,309.0,309.0,,16.0,6453
1996-01-25,309.0,309.0,309.0,,16.0,6453
1996-01-26,309.0,309.0,309.0,,16.0,6453
1996-01-27,309.0,309.0,309.0,,16.0,6453
1996-01-28,309.0,309.0,309.0,,16.0,6453
1996-01-29,308.0,308.0,308.0,,16.0,6453
1996-01-30,308.0,308.0,308.0,,16.0,6453
1996-01-31,308.0,308.0,308.0,,16.0,6453
1996-02-01,308.0,308.0,308.0,,16.0,6453
1996-02-02,308.0,308.0,308.0,,16.0,6453
1996-02-03,308.0,308.0,308.0,,16.0,6453
1996-02-04,307.0,307.0,307.0,,16.0,6453
1996-02-05,307.0,307.0,307.0,,16.0,6453
1996-02-06,307.0,307.0,307.0,,16.0,6453
1996-02-07,307.0,307.0,307.0,,16.0,6453
1996-02-08,307.0,307.0,307.0,,16.0,6453
1996-02-09,306.0,306.0,306.0,,16.0,6453
1996-02-10,306.0,306.0,306.0,,16.0,6453
1996-02-11,301.0,301.0,301.0,,16.0,6453
1996-02-12,296.0,296.0,296.0,,16.0,6453
1996-02-13,293.0,293.0,293.0,,16.0,6453
1996-02-14,291.0,291.0,291.0,,16.0,6453
1996-02-15,289.0,289.0,289.0,,16.0,6453
1996-02-16,287.0,287.0,287.0,,16.0,6453
1996-02-17,286.0,286.0,286.0,,16.0,6453
1996-02-18,286.0,286.0,286.0,,16.0,6453
1996-02-19,285.0,285.0,285.0,,16.0,6453
1996-02-20,284.0,284.0,284.0,,16.0,6453
1996-02-21,284.0,284.0,284.0,,16.0,6453
1996-02-22,282.0,282.0,282.0,,16.0,6453
1996-02-23,282.0,282.0,282.0,,16.0,6453
1996-02-24,281.0,281.0,281.0,,16.0,6453
1996-02-25,281.0,281.0,281.0,,16.0,6453
1996-02-26,280.0,280.0,280.0,,16.0,6453
1996-02-27,279.0,279.0,279.0,,16.0,6453
1996-02-28,279.0,279.0,279.0,,16.0,6453
1996-02-29,278.0,278.0,278.0,,16.0,6453
1996-03-01,278.0,278.0,278.0,,16.0,6453
1996-03-02,280.0,280.0,280.0,,16.0,6453
1996-03-03,281.0,281.0,281.0,,16.0,6453
1996-03-04,281.0,281.0,281.0,,16.0,6453
1996-03-05,283.0,283.0,283.0,,16.0,6453
1996-03-06,284.0,284.0,284.0,,16.0,6453
1996-03-07,286.0,286.0,286.0,,16.0,6453
1996-03-08,287.0,287.0,287.0,,16.0,6453
1996-03-09,287.0,287.0,287.0,,16.0,6453
1996-03-10,288.0,288.0,288.0,,16.0,6453
1996-03-11,289.0,289.0,289.0,,16.0,6453
1996-03-12,291.0,291.0,291.0,,16.0,6453
1996-03-13,292.0,292.0,292.0,,16.0,6453
1996-03-14,292.0,292.0,292.0,,16.0,6453
1996-03-15,293.0,293.0,293.0,,16.0,6453
1996-03-16,295.0,295.0,295.0,,16.0,6453
1996-03-17,304.0,304.0,304.0,,16.0,6453
1996-03-18,306.0,306.0,306.0,,16.0,6453
1996-03-19,306.0,306.0,306.0,,16.0,6453
1996-03-20,305.0,305.0,305.0,,16.0,6453
1996-03-21,307.0,307.0,307.0,,16.0,6453
1996-03-22,315.0,315.0,315.0,,16.0,6453
1996-03-23,319.0,319.0,319.0,,16.0,6453
1996-03-24,320.0,320.0,320.0,,16.0,6453
1996-03-25,321.0,321.0,321.0,,16.0,6453
1996-03-26,318.0,318.0,318.0,,16.0,6453
1996-03-27,317.0,317.0,317.0,,16.0,6453
1996-03-28,318.0,318.0,318.0,,16.0,6453
1996-03-29,319.0,319.0,319.0,,16.0,6453
1996-03-30,320.0,320.0,320.0,,16.0,6453
1996-03-31,318.0,318.0,318.0,,16.0,6453
1996-04-01,300.0,297.0,302.0,,16.0,6453
1996-04-02,287.0,282.0,292.0,,16.0,6453
1996-04-03,276.0,274.0,277.0,,16.0,6453
1996-04-04,274.0,270.0,278.0,,16.0,6453
1996-04-05,281.0,280.0,282.0,,16.0,6453
1996-04-06,285.0,284.0,286.0,,16.0,6453
1996-04-07,291.0,286.0,296.0,,16.0,6453
1996-04-08,301.0,298.0,304.0,,16.0,6453
1996-04-09,307.0,306.0,308.0,,16.0,6453
1996-04-10,305.0,298.0,311.0,,16.0,6453
1996-04-11,293.0,292.0,294.0,,16.0,6453
1996-04-12,293.0,290.0,295.0,,16.0,6453
1996-04-13,295.0,294.0,296.0,,16.0,6453
1996-04-14,297.0,296.0,298.0,,16.0,6453
1996-04-15,300.0,298.0,302.0,,16.0,6453
1996-04-16,307.0,300.0,314.0,,16.0,6453
1996-04-17,313.0,310.0,316.0,,16.0,6453
1996-04-18,307.0,305.0,309.0,,16.0,6453
1996-04-19,306.0,303.0,308.0,,16.0,6453
1996-04-20,308.0,305.0,310.0,,16.0,6453
1996-04-21,309.0,307.0,310.0,0.0,16.0,6453
1996-04-22,311.0,309.0,312.0,0.0,16.0,6453
1996-04-23,312.0,309.0,314.0,0.0,16.0,6453
1996-04-24,319.0,313.0,324.0,0.0,23.16,6453
1996-04-25,324.0,322.0,325.0,0.0,23.0,6453
1996-04-26,319.0,317.0,320.0,0.0,23.0,6453
1996-04-27,316.0,315.0,317.0,0.05,23.0,6453
1996-04-28,312.0,312.0,312.0,0.1,23.0,6453
1996-04-29,310.0,309.0,310.0,0.0,23.0,6453
1996-04-30,316.0,309.0,323.0,0.0,,6453
1996-05-01,305.0,305.0,305.0,0.3,26.0,6453
1996-05-02,311.0,304.0,318.0,0.5,26.25,6453
1996-05-03,360.0,322.0,397.0,0.55,26.25,6453
1996-05-04,394.0,380.0,408.0,0.6,26.25,6453
1996-05-05,448.0,349.0,546.0,0.6,12.25,6453
1996-05-06,416.0,328.0,503.0,0.85,,6453
1996-05-07,340.0,325.0,354.0,0.8,27.0,6453
1996-05-08,341.0,338.0,344.0,1.0,8.27,6453
1996-05-09,350.0,348.0,352.0,1.8,27.0,6453
1996-05-10,337.0,335.0,339.0,3.5,27.0,6453
1996-05-11,329.0,325.0,332.0,4.7,27.0,6453
1996-05-12,323.0,319.0,326.0,5.45,27.0,6453
1996-05-13,325.0,323.0,326.0,6.1,27.0,6453
1996-05-14,322.0,321.0,322.0,6.55,27.0,6453
1996-05-15,322.0,320.0,324.0,6.9,27.0,6453
1996-05-16,314.0,310.0,317.0,6.65,27.0,6453
1996-05-17,303.0,302.0,303.0,7.0,27.0,6453
1996-05-18,298.0,298.0,298.0,7.45,27.0,6453
1996-05-19,300.0,296.0,303.0,8.4,27.0,6453
1996-05-20,304.0,300.0,308.0,9.4,27.0,6453
1996-05-21,307.0,303.0,310.0,9.6,29.0,6453
1996-05-22,309.0,307.0,310.0,10.2,29.0,6453
1996-05-23,312.0,310.0,314.0,10.8,29.0,6453
1996-05-24,305.0,303.0,307.0,11.0,29.0,6453
1996-05-25,300.0,300.0,300.0,11.45,29.0,6453
1996-05-26,391.0,308.0,474.0,11.45,29.0,6453
1996-05-27,384.0,358.0,410.0,6.3,29.0,6453
1996-05-28,329.0,325.0,333.0,6.05,29.0,6453
1996-05-29,320.0,319.0,320.0,6.2,29.0,6453
1996-05-30,318.0,316.0,319.0,7.15,29.0,6453
1996-05-31,312.0,310.0,313.0,7.7,29.0,6453
1996-06-01,310.0,308.0,312.0,7.3,29.0,6453
1996-06-02,308.0,306.0,309.0,6.85,29.0,6453
1996-06-03,338.0,310.0,365.0,6.3,29.0,6453
1996-06-04,364.0,359.0,369.0,7.3,29.0,6453
1996-06-05,337.0,331.0,343.0,7.4,29.0,6453
1996-06-06,318.0,314.0,321.0,9.55,29.0,6453
1996-06-07,310.0,308.0,311.0,9.65,29.0,6453
1996-06-08,302.0,301.0,303.0,9.8,29.0,6453
1996-06-09,305.0,300.0,309.0,11.15,29.0,6453
1996-06-10,378.0,368.0,387.0,10.6,29.0,6453
1996-06-11,350.0,341.0,359.0,11.6,29.0,6453
1996-06-12,330.0,326.0,334.0,12.5,29.0,6453
1996-06-13,320.0,318.0,322.0,12.85,29.0,6453
1996-06-14,315.0,314.0,316.0,13.35,29.0,6453
1996-06-15,311.0,310.0,312.0,14.65,29.0,6453
1996-06-16,307.0,306.0,307.0,16.0,29.0,6453
1996-06-17,304.0,303.0,305.0,16.8,29.0,6453
1996-06-18,303.0,302.0,303.0,16.8,29.0,6453
1996-06-19,327.0,325.0,328.0,16.5,29.0,6453
1996-06-20,324.0,319.0,328.0,18.1,29.0,6453
1996-06-21,315.0,314.0,316.0,16.65,29.0,6453
1996-06-22,312.0,312.0,312.0,15.3,29.0,6453
1996-06-23,311.0,311.0,311.0,15.2,29.0,6453
1996-06-24,312.0,311.0,313.0,14.35,29.0,6453
1996-06-25,351.0,319.0,383.0,12.9,29.0,6453
1996-06-26,381.0,378.0,383.0,12.0,29.0,6453
1996-06-27,355.0,350.0,360.0,13.3,29.0,6453
1996-06-28,342.0,336.0,348.0,13.9,29.0,6453
1996-06-29,328.0,326.0,329.0,14.4,29.0,6453
1996-06-30,320.0,318.0,321.0,15.0,29.0,6453
1996-07-01,314.0,312.0,316.0,14.9,29.0,6453
1996-07-02,309.0,308.0,310.0,15.95,29.0,6453
1996-07-03,305.0,304.0,306.0,16.25,29.0,6453
1996-07-04,331.0,304.0,357.0,15.25,29.0,6453
1996-07-05,351.0,347.0,354.0,15.25,29.0,6453
1996-07-06,338.0,332.0,343.0,15.4,29.0,6453
1996-07-07,322.0,318.0,326.0,15.85,29.0,6453
1996-07-08,313.0,311.0,314.0,16.6,29.0,6453
1996-07-09,308.0,307.0,308.0,17.45,29.0,6453
1996-07-10,305.0,305.0,305.0,18.0,29.0,6453
1996-07-11,304.0,303.0,305.0,18.85,29.0,6453
1996-07-12,307.0,307.0,307.0,19.1,29.0,6453
1996-07-13,305.0,305.0,305.0,18.95,29.0,6453
1996-07-14,304.0,303.0,304.0,19.2,29.0,6453
1996-07-15,303.0,303.0,303.0,19.25,29.0,6453
1996-07-16,306.0,303.0,308.0,20.0,29.0,6453
1996-07-17,313.0,312.0,314.0,20.45,29.0,6453
1996-07-18,310.0,310.0,310.0,20.65,29.0,6453
1996-07-19,377.0,371.0,383.0,16.3,29.0,6453
1996-07-20,353.0,347.0,358.0,16.65,29.0,6453
1996-07-21,334.0,331.0,337.0,18.3,29.0,6453
1996-07-22,324.0,321.0,326.0,19.1,29.0,6453
1996-07-23,316.0,314.0,317.0,18.7,29.0,6453
1996-07-24,310.0,309.0,310.0,18.25,29.0,6453
1996-07-25,347.0,309.0,384.0,15.5,29.0,6453
1996-07-26,360.0,352.0,368.0,14.55,29.0,6453
1996-07-27,340.0,333.0,347.0,13.15,29.0,6453
1996-07-28,332.0,327.0,336.0,11.8,29.0,6453
1996-07-29,508.0,506.0,582.0,8.4,29.0,6453
1996-07-30,427.0,409.0,445.0,10.05,29.0,6453
1996-07-31,382.0,376.0,387.0,11.4,29.0,6453
1996-08-01,352.0,349.0,354.0,11.6,29.0,6453
1996-08-02,339.0,337.0,340.0,11.95,29.0,6453
1996-08-03,331.0,329.0,333.0,12.35,29.0,6453
1996-08-04,326.0,325.0,326.0,12.4,29.0,6453
1996-08-05,321.0,319.0,323.0,13.2,29.0,6453
1996-08-06,313.0,312.0,314.0,14.0,29.0,6453
1996-08-07,309.0,308.0,309.0,14.65,29.0,6453
1996-08-08,307.0,307.0,307.0,15.1,29.0,6453
1996-08-09,308.0,307.0,308.0,15.5,29.0,6453
1996-08-10,313.0,310.0,315.0,15.8,29.0,6453
1996-08-11,364.0,356.0,372.0,14.6,29.0,6453
1996-08-12,345.0,343.0,347.0,15.4,29.0,6453
1996-08-13,336.0,334.0,338.0,15.7,29.0,6453
1996-08-14,330.0,328.0,331.0,15.5,29.0,6453
1996-08-15,330.0,325.0,335.0,15.2,29.0,6453
1996-08-16,452.0,440.0,464.0,10.35,29.0,6453
1996-08-17,412.0,404.0,420.0,11.3,29.0,6453
1996-08-18,385.0,378.0,391.0,11.05,29.0,6453
1996-08-19,359.0,348.0,369.0,11.8,29.0,6453
1996-08-20,371.0,368.0,374.0,12.0,29.0,6453
1996-08-21,353.0,352.0,354.0,11.95,29.0,6453
1996-08-22,355.0,349.0,361.0,11.5,29.0,6453
1996-08-23,414.0,407.0,421.0,7.5,29.0,6453
1996-08-24,384.0,378.0,390.0,8.35,29.0,6453
1996-08-25,364.0,358.0,369.0,9.0,29.0,6453
1996-08-26,349.0,347.0,351.0,10.05,29.0,6453
1996-08-27,341.0,339.0,342.0,11.85,29.0,6453
1996-08-28,335.0,333.0,336.0,12.25,29.0,6453
1996-08-29,329.0,327.0,330.0,12.6,29.0,6453
1996-08-30,323.0,320.0,325.0,13.1,29.0,6453
1996-08-31,314.0,312.0,315.0,13.7,29.0,6453
1996-09-01,308.0,308.0,308.0,13.45,29.0,6453
1996-09-02,316.0,315.0,317.0,13.2,29.0,6453
1996-09-03,316.0,314.0,318.0,12.35,29.0,6453
1996-09-04,319.0,316.0,322.0,12.25,29.0,6453
1996-09-05,321.0,320.0,321.0,12.7,29.0,6453
1996-09-06,317.0,317.0,317.0,12.75,29.0,6453
1996-09-07,316.0,315.0,316.0,12.55,29.0,6453
1996-09-08,314.0,314.0,314.0,12.4,29.0,6453
1996-09-09,318.0,317.0,318.0,11.35,29.0,6453
1996-09-10,324.0,323.0,325.0,9.2,29.0,6453
1996-09-11,327.0,326.0,327.0,9.2,29.0,6453
1996-09-12,333.0,325.0,340.0,9.65,29.0,6453
1996-09-13,349.0,348.0,349.0,9.7,29.0,6453
1996-09-14,350.0,347.0,352.0,9.4,29.0,6453
1996-09-15,349.0,348.0,350.0,9.05,29.0,6453
1996-09-16,346.0,344.0,348.0,8.8,29.0,6453
1996-09-17,396.0,396.0,396.0,8.6,29.0,6453
1996-09-18,380.0,374.0,386.0,8.55,29.0,6453
1996-09-19,363.0,360.0,366.0,9.1,29.0,6453
1996-09-20,360.0,358.0,361.0,8.9,29.0,6453
1996-09-21,429.0,365.0,479.0,6.8,29.0,6453
1996-09-22,432.0,422.0,441.0,5.95,29.0,6453
1996-09-23,387.0,380.0,393.0,5.95,29.0,6453
1996-09-24,369.0,367.0,371.0,6.0,29.0,6453
1996-09-25,356.0,352.0,360.0,6.05,29.0,6453
1996-09-26,364.0,362.0,366.0,6.0,29.0,6453
1996-09-27,358.0,356.0,359.0,5.75,29.0,6453
1996-09-28,352.0,350.0,353.0,6.05,29.0,6453
1996-09-29,347.0,345.0,348.0,6.5,29.0,6453
1996-09-30,342.0,340.0,343.0,5.85,29.0,6453
1996-10-01,337.0,336.0,338.0,4.9,29.0,6453
1996-10-02,333.0,332.0,334.0,4.4,29.0,6453
1996-10-03,330.0,329.0,330.0,4.55,29.0,6453
1996-10-04,327.0,326.0,327.0,4.2,29.0,6453
1996-10-05,324.0,323.0,324.0,4.55,29.0,6453
1996-10-06,322.0,321.0,322.0,4.65,29.0,6453
1996-10-07,320.0,320.0,320.0,4.2,29.0,6453
1996-10-08,320.0,319.0,320.0,3.65,29.0,6453
1996-10-09,318.0,318.0,318.0,3.45,29.0,6453
1996-10-10,317.0,315.0,318.0,3.55,29.0,6453
1996-10-11,313.0,312.0,313.0,4.0,29.0,6453
1996-10-12,312.0,311.0,312.0,3.9,29.0,6453
1996-10-13,310.0,310.0,310.0,3.4,29.0,6453
1996-10-14,311.0,311.0,311.0,3.35,29.0,6453
1996-10-15,310.0,310.0,310.0,2.8,29.0,6453
1996-10-16,308.0,307.0,309.0,1.4,29.0,6453
1996-10-17,305.0,304.0,305.0,1.05,29.0,6453
1996-10-18,303.0,302.0,303.0,1.3,29.0,6453
1996-10-19,300.0,300.0,300.0,1.45,29.0,6453
1996-10-20,299.0,299.0,299.0,1.35,29.0,6453
1996-10-21,298.0,297.0,298.0,1.4,29.0,6453
1996-10-22,296.0,296.0,296.0,2.0,2.29,6453
1996-10-23,296.0,296.0,296.0,1.65,29.0,6453
1996-10-24,294.0,294.0,294.0,0.9,29.0,6453
1996-10-25,294.0,292.0,295.0,0.2,,6453
1996-10-26,286.0,284.0,287.0,0.1,,6453
1996-10-27,277.0,276.0,278.0,0.0,,6453
1996-10-28,274.0,274.0,274.0,0.1,2.0,6453
1996-10-29,290.0,285.0,294.0,0.0,,6453
1996-10-30,311.0,310.0,312.0,0.0,,6453
1996-10-31,320.0,310.0,330.0,0.0,5.15,6453
1996-11-01,333.0,333.0,333.0,0.0,15.0,6453
1996-11-02,334.0,333.0,335.0,0.0,15.0,6453
1996-11-03,334.0,331.0,337.0,0.0,15.0,6453
1996-11-04,342.0,342.0,342.0,0.0,15.0,6453
1996-11-05,341.0,340.0,341.0,0.0,15.0,6453
1996-11-06,337.0,335.0,338.0,0.0,15.0,6453
1996-11-07,332.0,330.0,333.0,0.0,15.0,6453
1996-11-08,337.0,335.0,339.0,0.0,16.15,6453
1996-11-09,341.0,340.0,341.0,0.0,16.0,6453
1996-11-10,340.0,337.0,343.0,0.0,16.0,6453
1996-11-11,343.0,341.0,344.0,0.0,16.0,6453
1996-11-12,343.0,339.0,347.0,0.0,16.0,6453
1996-11-13,348.0,348.0,348.0,0.0,16.0,6453
1996-11-14,349.0,344.0,354.0,0.0,16.0,6453
1996-11-15,359.0,359.0,359.0,0.0,16.0,6453
1996-11-16,356.0,354.0,358.0,0.0,16.0,6453
1996-11-17,356.0,356.0,356.0,0.0,16.0,6453
1996-11-18,356.0,356.0,356.0,0.0,16.0,6453
1996-11-19,356.0,354.0,358.0,0.0,16.0,6453
1996-11-20,352.0,351.0,353.0,0.0,16.0,6453
1996-11-21,349.0,348.0,350.0,0.0,16.0,6453
1996-11-22,350.0,346.0,353.0,0.0,16.0,6453
1996-11-23,353.0,353.0,353.0,0.0,16.0,6453
1996-11-24,352.0,351.0,352.0,0.0,16.0,6453
1996-11-25,351.0,350.0,351.0,0.0,16.0,6453
1996-11-26,349.0,349.0,349.0,0.0,16.0,6453
1996-11-27,349.0,348.0,349.0,0.0,16.0,6453
1996-11-28,348.0,347.0,348.0,0.0,16.0,6453
1996-11-29,347.0,347.0,347.0,0.0,16.0,6453
1996-11-30,345.0,345.0,345.0,0.0,16.0,6453
1996-12-01,344.0,344.0,344.0,,16.0,6453
1996-12-02,344.0,344.0,344.0,,16.0,6453
1996-12-03,343.0,343.0,343.0,,16.0,6453
1996-12-04,342.0,342.0,342.0,,16.0,6453
1996-12-05,342.0,342.0,342.0,,16.0,6453
1996-12-06,339.0,339.0,339.0,,16.0,6453
1996-12-07,338.0,338.0,338.0,,16.0,6453
1996-12-08,335.0,335.0,335.0,,16.0,6453
1996-12-09,333.0,333.0,333.0,,16.0,6453
1996-12-10,331.0,331.0,331.0,,16.0,6453
1996-12-11,331.0,331.0,331.0,,16.0,6453
1996-12-12,331.0,331.0,331.0,,16.0,6453
1996-12-13,331.0,331.0,331.0,,16.0,6453
1996-12-14,330.0,330.0,330.0,,16.0,6453
1996-12-15,330.0,330.0,330.0,,16.0,6453
1996-12-16,330.0,330.0,330.0,,16.0,6453
1996-12-17,329.0,329.0,329.0,,16.0,6453
1996-12-18,329.0,329.0,329.0,,16.0,6453
1996-12-19,328.0,328.0,328.0,,16.0,6453
1996-12-20,327.0,327.0,327.0,,16.0,6453
1996-12-21,326.0,326.0,326.0,,16.0,6453
1996-12-22,325.0,325.0,325.0,,16.0,6453
1996-12-23,324.0,324.0,324.0,,16.0,6453
1996-12-24,323.0,323.0,323.0,,16.0,6453
1996-12-25,322.0,322.0,322.0,,16.0,6453
1996-12-26,322.0,322.0,322.0,,16.0,6453
1996-12-27,321.0,321.0,321.0,,16.0,6453
1996-12-28,320.0,320.0,320.0,,16.0,6453
1996-12-29,320.0,320.0,320.0,,16.0,6453
1996-12-30,319.0,319.0,319.0,,16.0,6453
1996-12-31,319.0,319.0,319.0,,16.0,6453
1997-01-01,318.0,318.0,318.0,,16.0,6453
1997-01-02,318.0,318.0,318.0,,16.0,6453
1997-01-03,318.0,318.0,318.0,,16.0,6453
1997-01-04,317.0,317.0,317.0,,16.0,6453
1997-01-05,317.0,317.0,317.0,,16.0,6453
1997-01-06,317.0,317.0,317.0,,16.0,6453
1997-01-07,316.0,316.0,316.0,,16.0,6453
1997-01-08,316.0,316.0,316.0,,16.0,6453
1997-01-09,316.0,316.0,316.0,,16.0,6453
1997-01-10,315.0,315.0,315.0,,16.0,6453
1997-01-11,315.0,315.0,315.0,,16.0,6453
1997-01-12,314.0,314.0,314.0,,16.0,6453
1997-01-13,314.0,314.0,314.0,,16.0,6453
1997-01-14,313.0,313.0,313.0,,16.0,6453
1997-01-15,313.0,313.0,313.0,,16.0,6453
1997-01-16,312.0,312.0,312.0,,16.0,6453
1997-01-17,312.0,312.0,312.0,,16.0,6453
1997-01-18,310.0,310.0,310.0,,16.0,6453
1997-01-19,310.0,310.0,310.0,,16.0,6453
1997-01-20,309.0,309.0,309.0,,16.0,6453
1997-01-21,309.0,309.0,309.0,,16.0,6453
1997-01-22,311.0,311.0,311.0,,16.0,6453
1997-01-23,312.0,312.0,312.0,,16.0,6453
1997-01-24,315.0,315.0,315.0,,16.0,6453
1997-01-25,316.0,316.0,316.0,,16.0,6453
1997-01-26,317.0,317.0,317.0,,16.0,6453
1997-01-27,317.0,317.0,317.0,,16.0,6453
1997-01-28,316.0,316.0,316.0,,16.0,6453
1997-01-29,315.0,315.0,315.0,,16.0,6453
1997-01-30,315.0,315.0,315.0,,16.0,6453
1997-01-31,314.0,314.0,314.0,,16.0,6453
1997-02-01,314.0,314.0,314.0,,16.0,6453
1997-02-02,314.0,314.0,314.0,,16.0,6453
1997-02-03,313.0,313.0,313.0,,16.0,6453
1997-02-04,313.0,313.0,313.0,,16.0,6453
1997-02-05,312.0,312.0,312.0,,16.0,6453
1997-02-06,312.0,312.0,312.0,,16.0,6453
1997-02-07,312.0,312.0,312.0,,16.0,6453
1997-02-08,311.0,311.0,311.0,,16.0,6453
1997-02-09,311.0,311.0,311.0,,16.0,6453
1997-02-10,311.0,311.0,311.0,,16.0,6453
1997-02-11,310.0,310.0,310.0,,16.0,6453
1997-02-12,310.0,310.0,310.0,,16.0,6453
1997-02-13,308.0,308.0,308.0,,16.0,6453
1997-02-14,308.0,308.0,308.0,,16.0,6453
1997-02-15,307.0,307.0,307.0,,16.0,6453
1997-02-16,307.0,307.0,307.0,,16.0,6453
1997-02-17,308.0,308.0,308.0,,16.0,6453
1997-02-18,308.0,308.0,308.0,,16.0,6453
1997-02-19,309.0,309.0,309.0,,16.0,6453
1997-02-20,309.0,309.0,309.0,,16.0,6453
1997-02-21,310.0,310.0,310.0,,16.0,6453
1997-02-22,310.0,310.0,310.0,,16.0,6453
1997-02-23,312.0,312.0,312.0,,16.0,6453
1997-02-24,313.0,313.0,313.0,,16.0,6453
1997-02-25,313.0,313.0,313.0,,16.0,6453
1997-02-26,313.0,313.0,313.0,,16.0,6453
1997-02-27,313.0,313.0,313.0,,16.0,6453
1997-02-28,313.0,313.0,313.0,,16.0,6453
1997-03-01,312.0,312.0,312.0,,16.0,6453
1997-03-02,312.0,312.0,312.0,,16.0,6453
1997-03-03,305.0,305.0,305.0,,16.0,6453
1997-03-04,297.0,297.0,297.0,,16.0,6453
1997-03-05,292.0,292.0,292.0,,16.0,6453
1997-03-06,291.0,291.0,291.0,,16.0,6453
1997-03-07,290.0,290.0,290.0,,16.0,6453
1997-03-08,289.0,289.0,289.0,,16.0,6453
1997-03-09,287.0,287.0,287.0,,16.0,6453
1997-03-10,286.0,286.0,286.0,,16.0,6453
1997-03-11,286.0,286.0,286.0,,16.0,6453
1997-03-12,295.0,295.0,295.0,,16.0,6453
1997-03-13,310.0,310.0,310.0,,16.0,6453
1997-03-14,318.0,318.0,318.0,,16.0,6453
1997-03-15,319.0,319.0,319.0,,16.0,6453
1997-03-16,319.0,319.0,319.0,,16.0,6453
1997-03-17,316.0,316.0,316.0,,16.0,6453
1997-03-18,314.0,314.0,314.0,,16.0,6453
1997-03-19,303.0,303.0,303.0,,16.0,6453
1997-03-20,301.0,301.0,301.0,,16.0,6453
1997-03-21,300.0,300.0,300.0,,16.0,6453
1997-03-22,300.0,300.0,300.0,,16.0,6453
1997-03-23,300.0,300.0,300.0,,16.0,6453
1997-03-24,298.0,298.0,298.0,,16.0,6453
1997-03-25,294.0,294.0,294.0,,16.0,6453
1997-03-26,298.0,298.0,298.0,,16.0,6453
1997-03-27,298.0,298.0,298.0,,16.0,6453
1997-03-28,297.0,297.0,297.0,,16.0,6453
1997-03-29,297.0,297.0,297.0,,16.0,6453
1997-03-30,296.0,296.0,296.0,,16.0,6453
1997-03-31,296.0,296.0,296.0,,16.0,6453
1997-04-01,298.0,297.0,298.0,,16.0,6453
1997-04-02,296.0,295.0,296.0,,16.0,6453
1997-04-03,295.0,294.0,295.0,,16.0,6453
1997-04-04,294.0,294.0,294.0,,16.0,6453
1997-04-05,310.0,295.0,325.0,,16.0,6453
1997-04-06,315.0,307.0,323.0,,16.0,6453
1997-04-07,307.0,303.0,311.0,,16.0,6453
1997-04-08,318.0,318.0,318.0,,16.0,6453
1997-04-09,312.0,312.0,312.0,,16.0,6453
1997-04-10,311.0,310.0,311.0,,16.0,6453
1997-04-11,306.0,306.0,306.0,0.0,16.0,6453
1997-04-12,305.0,304.0,306.0,0.0,16.0,6453
1997-04-13,316.0,306.0,325.0,0.0,16.0,6453
1997-04-14,322.0,321.0,323.0,0.0,16.0,6453
1997-04-15,320.0,319.0,321.0,0.0,16.0,6453
1997-04-16,321.0,319.0,323.0,0.0,16.0,6453
1997-04-17,323.0,321.0,324.0,0.0,16.0,6453
1997-04-18,323.0,322.0,324.0,0.0,16.0,6453
1997-04-19,324.0,322.0,325.0,0.0,16.0,6453
1997-04-20,330.0,328.0,331.0,0.0,16.0,6453
1997-04-21,335.0,331.0,339.0,0.45,15.0,6453
1997-04-22,342.0,335.0,348.0,0.4,23.15,6453
1997-04-23,334.0,332.0,336.0,0.15,23.15,6453
1997-04-24,327.0,325.0,328.0,0.3,23.15,6453
1997-04-25,350.0,323.0,377.0,0.5,25.0,6453
1997-04-26,396.0,374.0,418.0,0.3,25.0,6453
1997-04-27,412.0,398.0,426.0,0.5,25.0,6453
1997-04-28,340.0,323.0,356.0,0.6,9.25,6453
1997-04-29,321.0,318.0,323.0,0.4,27.0,6453
1997-04-30,303.0,300.0,305.0,1.1,27.0,6453
1997-05-01,295.0,293.0,297.0,1.5,27.0,6453
1997-05-02,296.0,294.0,298.0,1.7,27.0,6453
1997-05-03,294.0,291.0,297.0,1.8,27.0,6453
1997-05-04,310.0,305.0,315.0,1.7,27.0,6453
1997-05-05,306.0,303.0,309.0,2.1,27.0,6453
1997-05-06,297.0,297.0,297.0,2.6,27.0,6453
1997-05-07,295.0,293.0,297.0,3.2,27.0,6453
1997-05-08,296.0,293.0,298.0,2.4,27.0,6453
1997-05-09,297.0,296.0,298.0,3.25,27.0,6453
1997-05-10,293.0,293.0,293.0,3.6,27.0,6453
1997-05-11,294.0,293.0,295.0,4.1,27.0,6453
1997-05-12,294.0,293.0,295.0,5.45,27.0,6453
1997-05-13,307.0,300.0,314.0,6.9,29.27,6453
1997-05-14,371.0,350.0,392.0,8.15,29.0,6453
1997-05-15,428.0,422.0,433.0,4.4,29.0,6453
1997-05-16,450.0,443.0,457.0,3.45,29.0,6453
1997-05-17,398.0,387.0,409.0,3.9,29.0,6453
1997-05-18,369.0,364.0,373.0,4.25,29.0,6453
1997-05-19,349.0,347.0,351.0,4.2,29.0,6453
1997-05-20,338.0,326.0,349.0,5.2,29.0,6453
1997-05-21,359.0,352.0,366.0,5.65,29.0,6453
1997-05-22,409.0,401.0,416.0,5.0,29.0,6453
1997-05-23,393.0,388.0,397.0,4.85,29.0,6453
1997-05-24,391.0,381.0,400.0,5.45,29.0,6453
1997-05-25,419.0,404.0,434.0,6.3,29.0,6453
1997-05-26,459.0,453.0,464.0,6.55,29.0,6453
1997-05-27,453.0,449.0,456.0,6.85,29.0,6453
1997-05-28,447.0,444.0,449.0,7.0,29.0,6453
1997-05-29,431.0,426.0,436.0,7.0,29.0,6453
1997-05-30,418.0,412.0,423.0,7.25,29.0,6453
1997-05-31,384.0,379.0,389.0,6.35,29.0,6453
1997-06-01,390.0,371.0,409.0,4.8,29.0,6453
1997-06-02,404.0,397.0,411.0,4.2,29.0,6453
1997-06-03,406.0,393.0,419.0,6.0,29.0,6453
1997-06-04,413.0,408.0,418.0,6.8,29.0,6453
1997-06-05,380.0,377.0,383.0,7.45,29.0,6453
1997-06-06,362.0,359.0,365.0,8.3,29.0,6453
1997-06-07,353.0,351.0,354.0,9.25,29.0,6453
1997-06-08,353.0,353.0,353.0,9.1,29.0,6453
1997-06-09,359.0,354.0,364.0,9.3,29.0,6453
1997-06-10,407.0,406.0,408.0,9.05,29.0,6453
1997-06-11,398.0,397.0,399.0,8.1,29.0,6453
1997-06-12,429.0,414.0,444.0,7.65,29.0,6453
1997-06-13,427.0,424.0,430.0,7.55,29.0,6453
1997-06-14,426.0,410.0,441.0,9.1,29.0,6453
1997-06-15,381.0,377.0,385.0,10.75,29.0,6453
1997-06-16,373.0,365.0,381.0,10.95,29.0,6453
1997-06-17,438.0,427.0,449.0,8.55,29.0,6453
1997-06-18,383.0,376.0,390.0,10.95,29.0,6453
1997-06-19,361.0,358.0,363.0,12.5,29.0,6453
1997-06-20,351.0,349.0,353.0,14.1,29.0,6453
1997-06-21,345.0,344.0,346.0,14.0,29.0,6453
1997-06-22,359.0,341.0,377.0,12.65,29.0,6453
1997-06-23,417.0,394.0,439.0,10.05,29.0,6453
1997-06-24,395.0,385.0,404.0,10.15,29.0,6453
1997-06-25,373.0,369.0,377.0,10.6,29.0,6453
1997-06-26,382.0,362.0,402.0,9.5,29.0,6453
1997-06-27,428.0,406.0,450.0,8.85,29.0,6453
1997-06-28,386.0,382.0,390.0,9.95,29.0,6453
1997-06-29,370.0,369.0,371.0,10.8,29.0,6453
1997-06-30,367.0,367.0,367.0,11.4,29.0,6453
1997-07-01,361.0,358.0,363.0,12.25,29.0,6453
1997-07-02,349.0,344.0,354.0,12.15,29.0,6453
1997-07-03,364.0,363.0,365.0,10.5,29.0,6453
1997-07-04,362.0,361.0,363.0,9.3,29.0,6453
1997-07-05,379.0,357.0,401.0,9.25,29.0,6453
1997-07-06,386.0,385.0,387.0,11.05,29.0,6453
1997-07-07,372.0,363.0,380.0,12.1,29.0,6453
1997-07-08,357.0,354.0,359.0,12.9,29.0,6453
1997-07-09,349.0,347.0,350.0,12.9,29.0,6453
1997-07-10,361.0,355.0,367.0,13.4,29.0,6453
1997-07-11,385.0,384.0,386.0,12.0,29.0,6453
1997-07-12,382.0,379.0,384.0,11.6,29.0,6453
1997-07-13,377.0,375.0,378.0,11.85,29.0,6453
1997-07-14,410.0,384.0,435.0,9.9,29.0,6453
1997-07-15,519.0,470.0,559.0,7.3,29.0,6453
1997-07-16,432.0,421.0,443.0,9.15,29.0,6453
1997-07-17,395.0,386.0,403.0,11.3,29.0,6453
1997-07-18,373.0,373.0,373.0,12.65,29.0,6453
1997-07-19,372.0,365.0,378.0,13.4,29.0,6453
1997-07-20,408.0,403.0,413.0,12.3,29.0,6453
1997-07-21,389.0,388.0,390.0,12.85,29.0,6453
1997-07-22,395.0,386.0,403.0,13.15,29.0,6453
1997-07-23,456.0,449.0,463.0,10.9,29.0,6453
1997-07-24,416.0,406.0,426.0,12.5,29.0,6453
1997-07-25,381.0,379.0,382.0,13.35,29.0,6453
1997-07-26,367.0,366.0,368.0,13.25,29.0,6453
1997-07-27,357.0,357.0,357.0,13.7,29.0,6453
1997-07-28,352.0,351.0,352.0,13.55,29.0,6453
1997-07-29,351.0,350.0,352.0,13.5,29.0,6453
1997-07-30,460.0,366.0,542.0,11.75,29.0,6453
1997-07-31,508.0,477.0,538.0,9.15,29.0,6453
1997-08-01,437.0,419.0,454.0,10.75,29.0,6453
1997-08-02,398.0,391.0,404.0,11.35,29.0,6453
1997-08-03,381.0,379.0,382.0,11.35,29.0,6453
1997-08-04,375.0,375.0,375.0,10.8,29.0,6453
1997-08-05,373.0,372.0,373.0,11.8,29.0,6453
1997-08-06,384.0,372.0,396.0,11.9,29.0,6453
1997-08-07,404.0,403.0,404.0,10.9,29.0,6453
1997-08-08,390.0,384.0,396.0,11.3,29.0,6453
1997-08-09,372.0,369.0,375.0,11.9,29.0,6453
1997-08-10,361.0,358.0,364.0,13.1,29.0,6453
1997-08-11,353.0,350.0,356.0,13.0,29.0,6453
1997-08-12,347.0,346.0,347.0,13.45,29.0,6453
1997-08-13,342.0,341.0,342.0,14.75,29.0,6453
1997-08-14,331.0,324.0,338.0,15.1,29.0,6453
1997-08-15,324.0,323.0,324.0,14.4,29.0,6453
1997-08-16,342.0,339.0,344.0,13.4,29.0,6453
1997-08-17,420.0,355.0,541.0,10.5,29.0,6453
1997-08-18,491.0,478.0,503.0,8.15,29.0,6453
1997-08-19,448.0,447.0,449.0,8.65,29.0,6453
1997-08-20,451.0,447.0,455.0,8.2,29.0,6453
1997-08-21,425.0,418.0,432.0,9.7,29.0,6453
1997-08-22,404.0,398.0,410.0,10.0,29.0,6453
1997-08-23,386.0,383.0,389.0,10.8,29.0,6453
1997-08-24,373.0,370.0,375.0,11.65,29.0,6453
1997-08-25,365.0,363.0,366.0,11.85,29.0,6453
1997-08-26,360.0,359.0,360.0,11.8,29.0,6453
1997-08-27,357.0,356.0,357.0,11.4,29.0,6453
1997-08-28,355.0,355.0,355.0,10.15,29.0,6453
1997-08-29,389.0,372.0,406.0,9.65,29.0,6453
1997-08-30,449.0,444.0,453.0,8.55,29.0,6453
1997-08-31,423.0,416.0,430.0,8.55,29.0,6453
1997-09-01,405.0,403.0,406.0,9.05,29.0,6453
1997-09-02,413.0,411.0,415.0,8.95,29.0,6453
1997-09-03,400.0,398.0,401.0,9.05,29.0,6453
1997-09-04,389.0,386.0,391.0,9.15,29.0,6453
1997-09-05,376.0,374.0,378.0,9.2,29.0,6453
1997-09-06,375.0,370.0,380.0,9.0,29.0,6453
1997-09-07,469.0,469.0,469.0,7.35,29.0,6453
1997-09-08,439.0,428.0,449.0,7.5,29.0,6453
1997-09-09,409.0,404.0,414.0,8.05,29.0,6453
1997-09-10,397.0,396.0,397.0,8.3,29.0,6453
1997-09-11,396.0,395.0,397.0,7.0,29.0,6453
1997-09-12,389.0,387.0,391.0,6.8,29.0,6453
1997-09-13,382.0,380.0,384.0,6.4,29.0,6453
1997-09-14,391.0,390.0,391.0,5.75,29.0,6453
1997-09-15,389.0,387.0,390.0,5.05,29.0,6453
1997-09-16,388.0,387.0,388.0,5.6,29.0,6453
1997-09-17,383.0,380.0,385.0,6.35,29.0,6453
1997-09-18,379.0,375.0,382.0,5.25,29.0,6453
1997-09-19,407.0,404.0,410.0,5.1,29.0,6453
1997-09-20,407.0,405.0,408.0,5.3,29.0,6453
1997-09-21,393.0,389.0,396.0,5.05,29.0,6453
1997-09-22,380.0,378.0,382.0,5.1,29.0,6453
1997-09-23,375.0,375.0,375.0,5.3,29.0,6453
1997-09-24,403.0,374.0,431.0,5.5,29.0,6453
1997-09-25,406.0,401.0,410.0,3.8,29.0,6453
1997-09-26,392.0,389.0,395.0,3.8,29.0,6453
1997-09-27,378.0,375.0,381.0,3.55,29.0,6453
1997-09-28,368.0,366.0,370.0,3.9,29.0,6453
1997-09-29,359.0,357.0,360.0,4.7,29.0,6453
1997-09-30,352.0,352.0,352.0,5.15,29.0,6453
1997-10-01,349.0,348.0,350.0,4.6,29.0,6453
1997-10-02,387.0,350.0,423.0,4.35,29.0,6453
1997-10-03,414.0,409.0,418.0,4.05,29.0,6453
1997-10-04,396.0,390.0,402.0,1.15,29.0,6453
1997-10-05,380.0,379.0,381.0,2.45,29.0,6453
1997-10-06,372.0,368.0,376.0,2.05,29.0,6453
1997-10-07,360.0,358.0,361.0,1.6,29.0,6453
1997-10-08,352.0,351.0,352.0,1.45,29.0,6453
1997-10-09,346.0,344.0,347.0,0.4,29.0,6453
1997-10-10,339.0,337.0,340.0,0.35,29.0,6453
1997-10-11,332.0,330.0,334.0,0.5,29.0,6453
1997-10-12,328.0,328.0,328.0,0.75,29.0,6453
1997-10-13,328.0,328.0,328.0,0.95,29.0,6453
1997-10-14,327.0,327.0,327.0,1.8,29.0,6453
1997-10-15,326.0,326.0,326.0,1.9,29.0,6453
1997-10-16,325.0,324.0,325.0,1.95,29.0,6453
1997-10-17,324.0,323.0,324.0,2.0,29.0,6453
1997-10-18,321.0,320.0,322.0,2.05,29.0,6453
1997-10-19,320.0,319.0,320.0,1.95,29.0,6453
1997-10-20,318.0,316.0,319.0,1.95,29.0,6453
1997-10-21,313.0,312.0,314.0,1.95,29.0,6453
1997-10-22,311.0,311.0,311.0,1.85,29.0,6453
1997-10-23,309.0,309.0,309.0,1.75,29.0,6453
1997-10-24,310.0,309.0,310.0,1.6,29.0,6453
1997-10-25,309.0,308.0,309.0,0.85,29.0,6453
1997-10-26,306.0,305.0,307.0,0.7,1.29,6453
1997-10-27,304.0,304.0,304.0,0.55,29.0,6453
1997-10-28,304.0,304.0,304.0,0.45,29.0,6453
1997-10-29,304.0,303.0,304.0,0.1,,6453
1997-10-30,302.0,301.0,303.0,0.1,,6453
1997-10-31,303.0,302.0,303.0,0.0,,6453
1997-11-01,301.0,299.0,302.0,0.0,,6453
1997-11-02,296.0,294.0,297.0,0.0,,6453
1997-11-03,303.0,301.0,305.0,0.0,,6453
1997-11-04,303.0,303.0,303.0,0.0,,6453
1997-11-05,302.0,301.0,302.0,0.0,,6453
1997-11-06,300.0,299.0,300.0,0.0,,6453
1997-11-07,297.0,297.0,297.0,0.0,5.15,6453
1997-11-08,296.0,295.0,297.0,0.0,,6453
1997-11-09,294.0,293.0,294.0,0.0,,6453
1997-11-10,293.0,292.0,293.0,0.0,,6453
1997-11-11,290.0,289.0,290.0,0.0,,6453
1997-11-12,288.0,287.0,288.0,0.0,,6453
1997-11-13,287.0,286.0,287.0,0.0,5.15,6453
1997-11-14,287.0,285.0,288.0,0.0,5.15,6453
1997-11-15,299.0,291.0,306.0,0.0,5.15,6453
1997-11-16,327.0,327.0,327.0,0.0,15.0,6453
1997-11-17,326.0,324.0,327.0,0.0,15.0,6453
1997-11-18,331.0,330.0,331.0,0.0,15.0,6453
1997-11-19,332.0,330.0,334.0,0.0,15.0,6453
1997-11-20,341.0,340.0,341.0,0.0,16.0,6453
1997-11-21,341.0,341.0,341.0,0.0,16.0,6453
1997-11-22,340.0,339.0,340.0,0.0,16.0,6453
1997-11-23,338.0,338.0,338.0,0.0,16.0,6453
1997-11-24,336.0,335.0,337.0,0.0,16.0,6453
1997-11-25,335.0,335.0,335.0,0.0,16.0,6453
1997-11-26,335.0,335.0,335.0,0.0,16.0,6453
1997-11-27,335.0,335.0,335.0,0.0,16.0,6453
1997-11-28,334.0,334.0,334.0,0.0,16.0,6453
1997-11-29,334.0,334.0,334.0,0.0,16.0,6453
1997-11-30,334.0,334.0,334.0,0.0,16.0,6453
1997-12-01,333.0,333.0,333.0,,16.0,6453
1997-12-02,332.0,332.0,332.0,,16.0,6453
1997-12-03,332.0,332.0,332.0,,16.0,6453
1997-12-04,331.0,331.0,331.0,,16.0,6453
1997-12-05,331.0,331.0,331.0,,16.0,6453
1997-12-06,330.0,330.0,330.0,,16.0,6453
1997-12-07,329.0,329.0,329.0,,16.0,6453
1997-12-08,328.0,328.0,328.0,,16.0,6453
1997-12-09,327.0,327.0,327.0,,16.0,6453
1997-12-10,326.0,326.0,326.0,,16.0,6453
1997-12-11,325.0,325.0,325.0,,16.0,6453
1997-12-12,325.0,325.0,325.0,,16.0,6453
1997-12-13,324.0,324.0,324.0,,16.0,6453
1997-12-14,324.0,324.0,324.0,,16.0,6453
1997-12-15,323.0,323.0,323.0,,16.0,6453
1997-12-16,323.0,323.0,323.0,,16.0,6453
1997-12-17,323.0,323.0,323.0,,16.0,6453
1997-12-18,323.0,323.0,323.0,,16.0,6453
1997-12-19,323.0,323.0,323.0,,16.0,6453
1997-12-20,323.0,323.0,323.0,,16.0,6453
1997-12-21,322.0,322.0,322.0,,16.0,6453
1997-12-22,322.0,322.0,322.0,,16.0,6453
1997-12-23,322.0,322.0,322.0,,16.0,6453
1997-12-24,321.0,321.0,321.0,,16.0,6453
1997-12-25,321.0,321.0,321.0,,16.0,6453
1997-12-26,321.0,321.0,321.0,,16.0,6453
1997-12-27,321.0,321.0,321.0,,16.0,6453
1997-12-28,320.0,320.0,320.0,,16.0,6453
1997-12-29,320.0,320.0,320.0,,16.0,6453
1997-12-30,320.0,320.0,320.0,,16.0,6453
1997-12-31,320.0,320.0,320.0,,16.0,6453
1998-01-01,319.0,319.0,319.0,,16.0,6453
1998-01-02,319.0,319.0,319.0,,16.0,6453
1998-01-03,318.0,318.0,318.0,,16.0,6453
1998-01-04,318.0,318.0,318.0,,16.0,6453
1998-01-05,318.0,318.0,318.0,,16.0,6453
1998-01-06,317.0,317.0,317.0,,16.0,6453
1998-01-07,317.0,317.0,317.0,,16.0,6453
1998-01-08,316.0,316.0,316.0,,16.0,6453
1998-01-09,316.0,316.0,316.0,,16.0,6453
1998-01-10,315.0,315.0,315.0,,16.0,6453
1998-01-11,315.0,315.0,315.0,,16.0,6453
1998-01-12,315.0,315.0,315.0,,16.0,6453
1998-01-13,314.0,314.0,314.0,,16.0,6453
1998-01-14,314.0,314.0,314.0,,16.0,6453
1998-01-15,314.0,314.0,314.0,,16.0,6453
1998-01-16,313.0,313.0,313.0,,16.0,6453
1998-01-17,313.0,313.0,313.0,,16.0,6453
1998-01-18,312.0,312.0,312.0,,16.0,6453
1998-01-19,312.0,312.0,312.0,,16.0,6453
1998-01-20,311.0,311.0,311.0,,16.0,6453
1998-01-21,311.0,311.0,311.0,,16.0,6453
1998-01-22,311.0,311.0,311.0,,16.0,6453
1998-01-23,310.0,310.0,310.0,,16.0,6453
1998-01-24,310.0,310.0,310.0,,16.0,6453
1998-01-25,310.0,310.0,310.0,,16.0,6453
1998-01-26,309.0,309.0,309.0,,16.0,6453
1998-01-27,309.0,309.0,309.0,,16.0,6453
1998-01-28,308.0,308.0,308.0,,16.0,6453
1998-01-29,308.0,308.0,308.0,,16.0,6453
1998-01-30,308.0,308.0,308.0,,16.0,6453
1998-01-31,307.0,307.0,307.0,,16.0,6453
1998-02-01,307.0,307.0,307.0,,16.0,6453
1998-02-02,308.0,308.0,308.0,,16.0,6453
1998-02-03,308.0,308.0,308.0,,16.0,6453
1998-02-04,308.0,308.0,308.0,,16.0,6453
1998-02-05,308.0,308.0,308.0,,16.0,6453
1998-02-06,307.0,307.0,307.0,,16.0,6453
1998-02-07,307.0,307.0,307.0,,16.0,6453
1998-02-08,307.0,307.0,307.0,,16.0,6453
1998-02-09,307.0,307.0,307.0,,16.0,6453
1998-02-10,307.0,307.0,307.0,,16.0,6453
1998-02-11,307.0,307.0,307.0,,16.0,6453
1998-02-12,307.0,307.0,307.0,,16.0,6453
1998-02-13,307.0,307.0,307.0,,16.0,6453
1998-02-14,306.0,306.0,306.0,,16.0,6453
1998-02-15,306.0,306.0,306.0,,16.0,6453
1998-02-16,306.0,306.0,306.0,,16.0,6453
1998-02-17,306.0,306.0,306.0,,16.0,6453
1998-02-18,305.0,305.0,305.0,,16.0,6453
1998-02-19,305.0,305.0,305.0,,16.0,6453
1998-02-20,305.0,305.0,305.0,,16.0,6453
1998-02-21,304.0,304.0,304.0,,16.0,6453
1998-02-22,304.0,304.0,304.0,,16.0,6453
1998-02-23,304.0,304.0,304.0,,16.0,6453
1998-02-24,304.0,304.0,304.0,,16.0,6453
1998-02-25,305.0,305.0,305.0,,16.0,6453
1998-02-26,304.0,304.0,304.0,,16.0,6453
1998-02-27,304.0,304.0,304.0,,16.0,6453
1998-02-28,304.0,304.0,304.0,,16.0,6453
1998-03-01,304.0,304.0,304.0,,16.0,6453
1998-03-02,304.0,304.0,304.0,,16.0,6453
1998-03-03,306.0,306.0,306.0,,16.0,6453
1998-03-04,308.0,308.0,308.0,,16.0,6453
1998-03-05,308.0,308.0,308.0,,16.0,6453
1998-03-06,309.0,309.0,309.0,,16.0,6453
1998-03-07,309.0,309.0,309.0,,16.0,6453
1998-03-08,310.0,310.0,310.0,,16.0,6453
1998-03-09,311.0,311.0,311.0,,16.0,6453
1998-03-10,311.0,311.0,311.0,,16.0,6453
1998-03-11,310.0,310.0,310.0,,16.0,6453
1998-03-12,310.0,310.0,310.0,,16.0,6453
1998-03-13,309.0,309.0,309.0,,16.0,6453
1998-03-14,308.0,308.0,308.0,,16.0,6453
1998-03-15,308.0,308.0,308.0,,16.0,6453
1998-03-16,308.0,308.0,308.0,,16.0,6453
1998-03-17,308.0,308.0,308.0,,16.0,6453
1998-03-18,307.0,307.0,307.0,,16.0,6453
1998-03-19,307.0,307.0,307.0,,16.0,6453
1998-03-20,307.0,307.0,307.0,,16.0,6453
1998-03-21,307.0,307.0,307.0,,16.0,6453
1998-03-22,307.0,307.0,307.0,,16.0,6453
1998-03-23,307.0,307.0,307.0,,16.0,6453
1998-03-24,307.0,307.0,307.0,,16.0,6453
1998-03-25,307.0,307.0,307.0,,16.0,6453
1998-03-26,307.0,307.0,307.0,,16.0,6453
1998-03-27,308.0,308.0,308.0,,16.0,6453
1998-03-28,308.0,308.0,308.0,,16.0,6453
1998-03-29,307.0,307.0,307.0,,16.0,6453
1998-03-30,306.0,306.0,306.0,,16.0,6453
1998-03-31,306.0,306.0,306.0,,16.0,6453
1998-04-01,306.0,306.0,306.0,,16.0,6453
1998-04-02,306.0,305.0,306.0,,16.0,6453
1998-04-03,305.0,305.0,305.0,,16.0,6453
1998-04-04,307.0,305.0,308.0,,16.0,6453
1998-04-05,307.0,307.0,307.0,,16.0,6453
1998-04-06,308.0,307.0,309.0,,16.0,6453
1998-04-07,309.0,308.0,310.0,,16.0,6453
1998-04-08,309.0,308.0,309.0,,16.0,6453
1998-04-09,309.0,308.0,310.0,,16.0,6453
1998-04-10,310.0,309.0,310.0,,16.0,6453
1998-04-11,310.0,309.0,310.0,0.0,16.0,6453
1998-04-12,310.0,310.0,310.0,0.0,16.0,6453
1998-04-13,310.0,310.0,310.0,0.0,16.0,6453
1998-04-14,310.0,309.0,311.0,0.0,16.0,6453
1998-04-15,311.0,311.0,311.0,0.0,16.0,6453
1998-04-16,314.0,312.0,315.0,0.0,16.0,6453
1998-04-17,320.0,317.0,322.0,0.0,16.0,6453
1998-04-18,332.0,323.0,341.0,0.0,16.0,6453
1998-04-19,344.0,339.0,348.0,0.0,23.16,6453
1998-04-20,351.0,350.0,351.0,0.0,23.0,6453
1998-04-21,362.0,351.0,372.0,0.0,,6453
1998-04-22,361.0,360.0,362.0,0.05,26.25,6453
1998-04-23,390.0,356.0,424.0,0.4,26.25,6453
1998-04-24,404.0,367.0,441.0,0.6,26.25,6453
1998-04-25,355.0,347.0,363.0,0.5,26.25,6453
1998-04-26,330.0,326.0,333.0,0.5,25.0,6453
1998-04-27,335.0,321.0,348.0,0.25,,6453
1998-04-28,355.0,337.0,373.0,0.4,9.27,6453
1998-04-29,355.0,352.0,358.0,0.65,,6453
1998-04-30,341.0,337.0,344.0,0.7,9.27,6453
1998-05-01,337.0,334.0,340.0,1.2,27.0,6453
1998-05-02,362.0,355.0,368.0,1.7,27.0,6453
1998-05-03,360.0,358.0,362.0,2.85,27.0,6453
1998-05-04,385.0,381.0,389.0,4.15,29.27,6453
1998-05-05,433.0,432.0,434.0,2.5,29.0,6453
1998-05-06,414.0,412.0,415.0,2.4,29.0,6453
1998-05-07,402.0,399.0,405.0,2.5,29.0,6453
1998-05-08,396.0,394.0,397.0,1.9,29.0,6453
1998-05-09,381.0,367.0,394.0,1.7,29.0,6453
1998-05-10,345.0,341.0,349.0,3.8,29.0,6453
1998-05-11,331.0,330.0,331.0,6.0,29.0,6453
1998-05-12,438.0,405.0,470.0,5.3,29.0,6453
1998-05-13,555.0,545.0,584.0,3.6,29.0,6453
1998-05-14,562.0,515.0,589.0,4.4,29.0,6453
1998-05-15,557.0,507.0,599.0,4.2,29.0,6453
1998-05-16,532.0,531.0,565.0,5.3,29.0,6453
1998-05-17,548.0,513.0,605.0,5.55,29.0,6453
1998-05-18,504.0,489.0,519.0,4.8,29.0,6453
1998-05-19,486.0,478.0,493.0,3.8,29.0,6453
1998-05-20,531.0,519.0,595.0,3.1,29.0,6453
1998-05-21,451.0,432.0,470.0,3.5,29.0,6453
1998-05-22,399.0,396.0,402.0,5.5,29.0,6453
1998-05-23,414.0,397.0,430.0,6.3,29.0,6453
1998-05-24,422.0,419.0,424.0,5.45,29.0,6453
1998-05-25,410.0,406.0,413.0,5.1,29.0,6453
1998-05-26,401.0,400.0,401.0,5.95,29.0,6453
1998-05-27,399.0,399.0,399.0,6.0,29.0,6453
1998-05-28,408.0,406.0,410.0,5.3,29.0,6453
1998-05-29,395.0,390.0,400.0,6.0,29.0,6453
1998-05-30,400.0,381.0,418.0,5.7,29.0,6453
1998-05-31,417.0,410.0,424.0,5.2,29.0,6453
1998-06-01,448.0,443.0,452.0,5.1,29.0,6453
1998-06-02,403.0,396.0,410.0,5.8,29.0,6453
1998-06-03,375.0,374.0,376.0,7.2,29.0,6453
1998-06-04,372.0,371.0,373.0,8.6,29.0,6453
1998-06-05,375.0,373.0,376.0,9.25,29.0,6453
1998-06-06,455.0,376.0,580.0,6.35,29.0,6453
1998-06-07,589.0,553.0,614.0,4.4,29.0,6453
1998-06-08,530.0,519.0,540.0,4.25,29.0,6453
1998-06-09,483.0,459.0,506.0,4.5,29.0,6453
1998-06-10,438.0,429.0,446.0,5.3,29.0,6453
1998-06-11,416.0,412.0,420.0,5.6,29.0,6453
1998-06-12,472.0,457.0,487.0,5.6,29.0,6453
1998-06-13,449.0,439.0,459.0,7.15,29.0,6453
1998-06-14,415.0,411.0,419.0,8.2,29.0,6453
1998-06-15,400.0,396.0,404.0,9.4,29.0,6453
1998-06-16,389.0,385.0,393.0,11.2,29.0,6453
1998-06-17,377.0,375.0,378.0,12.2,29.0,6453
1998-06-18,371.0,368.0,373.0,13.55,29.0,6453
1998-06-19,365.0,364.0,365.0,14.05,29.0,6453
1998-06-20,363.0,362.0,364.0,13.95,29.0,6453
1998-06-21,358.0,356.0,360.0,12.85,29.0,6453
1998-06-22,353.0,352.0,354.0,12.7,29.0,6453
1998-06-23,353.0,351.0,355.0,13.15,29.0,6453
1998-06-24,516.0,364.0,680.0,8.65,29.0,6453
1998-06-25,679.0,596.0,711.0,5.8,29.0,6453
1998-06-26,508.0,484.0,532.0,7.0,29.0,6453
1998-06-27,456.0,444.0,467.0,9.75,29.0,6453
1998-06-28,435.0,425.0,444.0,10.85,29.0,6453
1998-06-29,445.0,444.0,446.0,11.25,29.0,6453
1998-06-30,444.0,437.0,451.0,11.15,29.0,6453
1998-07-01,417.0,412.0,421.0,11.8,29.0,6453
1998-07-02,395.0,390.0,399.0,12.1,29.0,6453
1998-07-03,382.0,380.0,384.0,12.5,29.0,6453
1998-07-04,376.0,374.0,378.0,12.75,29.0,6453
1998-07-05,370.0,368.0,371.0,13.45,29.0,6453
1998-07-06,370.0,369.0,370.0,14.0,29.0,6453
1998-07-07,366.0,364.0,367.0,15.65,29.0,6453
1998-07-08,359.0,358.0,360.0,16.15,29.0,6453
1998-07-09,355.0,354.0,356.0,16.6,29.0,6453
1998-07-10,352.0,351.0,352.0,16.9,29.0,6453
1998-07-11,350.0,350.0,350.0,16.9,29.0,6453
1998-07-12,350.0,350.0,350.0,17.2,29.0,6453
1998-07-13,349.0,348.0,349.0,17.95,29.0,6453
1998-07-14,348.0,347.0,348.0,18.75,29.0,6453
1998-07-15,347.0,346.0,347.0,19.55,29.0,6453
1998-07-16,345.0,345.0,345.0,21.15,29.0,6453
1998-07-17,344.0,344.0,344.0,18.9,29.0,6453
1998-07-18,344.0,343.0,344.0,20.5,29.0,6453
1998-07-19,342.0,341.0,342.0,20.3,29.0,6453
1998-07-20,341.0,341.0,341.0,19.6,29.0,6453
1998-07-21,341.0,341.0,341.0,19.05,29.0,6453
1998-07-22,341.0,341.0,341.0,18.95,29.0,6453
1998-07-23,341.0,340.0,341.0,18.35,29.0,6453
1998-07-24,340.0,340.0,340.0,18.05,29.0,6453
1998-07-25,339.0,339.0,339.0,17.5,29.0,6453
1998-07-26,338.0,337.0,339.0,17.05,29.0,6453
1998-07-27,337.0,336.0,337.0,16.45,29.0,6453
1998-07-28,335.0,334.0,335.0,16.65,29.0,6453
1998-07-29,334.0,333.0,334.0,16.55,29.0,6453
1998-07-30,333.0,333.0,333.0,16.25,29.0,6453
1998-07-31,332.0,332.0,332.0,16.05,29.0,6453
1998-08-01,331.0,331.0,331.0,16.2,29.0,6453
1998-08-02,331.0,330.0,331.0,16.65,29.0,6453
1998-08-03,330.0,330.0,330.0,16.35,29.0,6453
1998-08-04,330.0,329.0,330.0,16.35,29.0,6453
1998-08-05,329.0,329.0,329.0,16.75,29.0,6453
1998-08-06,329.0,328.0,329.0,17.2,29.0,6453
1998-08-07,328.0,327.0,328.0,16.0,29.0,6453
1998-08-08,327.0,326.0,327.0,15.45,29.0,6453
1998-08-09,326.0,325.0,326.0,15.35,29.0,6453
1998-08-10,325.0,325.0,325.0,15.25,29.0,6453
1998-08-11,325.0,325.0,325.0,15.45,29.0,6453
1998-08-12,324.0,323.0,324.0,15.7,29.0,6453
1998-08-13,323.0,322.0,323.0,15.75,29.0,6453
1998-08-14,322.0,322.0,322.0,15.25,29.0,6453
1998-08-15,321.0,321.0,321.0,15.2,29.0,6453
1998-08-16,321.0,320.0,321.0,14.95,29.0,6453
1998-08-17,320.0,320.0,320.0,15.0,29.0,6453
1998-08-18,320.0,319.0,320.0,14.45,29.0,6453
1998-08-19,329.0,328.0,329.0,14.25,29.0,6453
1998-08-20,333.0,331.0,335.0,14.3,29.0,6453
1998-08-21,340.0,338.0,342.0,12.25,29.0,6453
1998-08-22,338.0,338.0,338.0,13.5,29.0,6453
1998-08-23,345.0,345.0,345.0,13.8,29.0,6453
1998-08-24,343.0,343.0,343.0,14.4,29.0,6453
1998-08-25,341.0,340.0,342.0,13.2,29.0,6453
1998-08-26,339.0,338.0,339.0,12.95,29.0,6453
1998-08-27,337.0,337.0,337.0,12.5,29.0,6453
1998-08-28,336.0,335.0,336.0,12.9,29.0,6453
1998-08-29,334.0,333.0,334.0,13.7,29.0,6453
1998-08-30,333.0,332.0,334.0,14.4,29.0,6453
1998-08-31,334.0,334.0,334.0,14.3,29.0,6453
1998-09-01,337.0,336.0,337.0,14.6,29.0,6453
1998-09-02,335.0,335.0,335.0,14.75,29.0,6453
1998-09-03,335.0,335.0,335.0,14.5,29.0,6453
1998-09-04,342.0,334.0,350.0,14.2,29.0,6453
1998-09-05,344.0,343.0,345.0,14.15,29.0,6453
1998-09-06,341.0,341.0,341.0,14.8,29.0,6453
1998-09-07,342.0,341.0,342.0,15.05,29.0,6453
1998-09-08,340.0,340.0,340.0,15.25,29.0,6453
1998-09-09,338.0,338.0,338.0,14.7,29.0,6453
1998-09-10,339.0,337.0,341.0,14.3,29.0,6453
1998-09-11,340.0,339.0,340.0,13.7,29.0,6453
1998-09-12,339.0,339.0,339.0,11.75,29.0,6453
1998-09-13,340.0,340.0,340.0,11.3,29.0,6453
1998-09-14,338.0,337.0,338.0,11.0,29.0,6453
1998-09-15,336.0,336.0,336.0,10.9,29.0,6453
1998-09-16,336.0,336.0,336.0,10.9,29.0,6453
1998-09-17,335.0,335.0,335.0,11.1,29.0,6453
1998-09-18,334.0,334.0,334.0,11.35,29.0,6453
1998-09-19,334.0,334.0,334.0,10.75,29.0,6453
1998-09-20,335.0,335.0,335.0,10.85,29.0,6453
1998-09-21,335.0,335.0,335.0,11.0,29.0,6453
1998-09-22,332.0,331.0,333.0,10.7,29.0,6453
1998-09-23,330.0,330.0,330.0,9.2,29.0,6453
1998-09-24,330.0,330.0,330.0,9.15,29.0,6453
1998-09-25,330.0,330.0,330.0,9.3,29.0,6453
1998-09-26,330.0,330.0,330.0,9.0,29.0,6453
1998-09-27,334.0,334.0,334.0,6.65,29.0,6453
1998-09-28,333.0,333.0,333.0,5.9,29.0,6453
1998-09-29,333.0,333.0,333.0,5.85,29.0,6453
1998-09-30,336.0,333.0,338.0,6.2,29.0,6453
1998-10-01,342.0,340.0,343.0,6.55,29.0,6453
1998-10-02,351.0,345.0,356.0,6.1,29.0,6453
1998-10-03,368.0,359.0,377.0,4.9,29.0,6453
1998-10-04,367.0,365.0,369.0,4.5,29.0,6453
1998-10-05,359.0,358.0,360.0,3.3,29.0,6453
1998-10-06,355.0,354.0,356.0,2.1,29.0,6453
1998-10-07,350.0,348.0,352.0,1.45,29.0,6453
1998-10-08,344.0,343.0,345.0,2.1,29.0,6453
1998-10-09,342.0,341.0,343.0,2.45,29.0,6453
1998-10-10,339.0,338.0,339.0,2.0,29.0,6453
1998-10-11,337.0,336.0,337.0,2.55,29.0,6453
1998-10-12,334.0,334.0,334.0,2.8,29.0,6453
1998-10-13,333.0,333.0,333.0,2.4,29.0,6453
1998-10-14,333.0,332.0,333.0,3.1,29.0,6453
1998-10-15,331.0,331.0,331.0,3.5,29.0,6453
1998-10-16,331.0,331.0,331.0,3.5,29.0,6453
1998-10-17,331.0,331.0,331.0,2.8,29.0,6453
1998-10-18,331.0,330.0,331.0,2.6,29.0,6453
1998-10-19,329.0,329.0,329.0,2.7,29.0,6453
1998-10-20,329.0,329.0,329.0,2.75,29.0,6453
1998-10-21,328.0,327.0,328.0,1.5,29.0,6453
1998-10-22,326.0,325.0,326.0,1.2,29.0,6453
1998-10-23,324.0,324.0,324.0,1.05,29.0,6453
1998-10-24,323.0,322.0,323.0,1.7,29.0,6453
1998-10-25,320.0,320.0,320.0,1.9,29.0,6453
1998-10-26,320.0,320.0,320.0,1.85,29.0,6453
1998-10-27,319.0,318.0,319.0,1.05,,6453
1998-10-28,318.0,317.0,318.0,1.0,,6453
1998-10-29,316.0,316.0,316.0,0.8,29.0,6453
1998-10-30,315.0,314.0,315.0,0.6,29.0,6453
1998-10-31,313.0,313.0,313.0,0.5,,6453
1998-11-01,312.0,311.0,312.0,0.55,29.0,6453
1998-11-02,308.0,308.0,308.0,0.25,,6453
1998-11-03,306.0,304.0,308.0,0.0,,6453
1998-11-04,304.0,302.0,306.0,0.0,5.15,6453
1998-11-05,310.0,310.0,310.0,0.0,5.15,6453
1998-11-06,309.0,309.0,309.0,0.0,5.15,6453
1998-11-07,310.0,309.0,310.0,0.0,5.15,6453
1998-11-08,314.0,313.0,315.0,0.0,15.0,6453
1998-11-09,316.0,315.0,317.0,0.0,15.0,6453
1998-11-10,313.0,313.0,313.0,0.0,15.0,6453
1998-11-11,312.0,311.0,313.0,0.0,15.0,6453
1998-11-12,317.0,317.0,317.0,0.0,15.0,6453
1998-11-13,320.0,315.0,324.0,0.0,15.0,6453
1998-11-14,333.0,331.0,335.0,0.0,15.0,6453
1998-11-15,335.0,333.0,337.0,0.0,15.0,6453
1998-11-16,331.0,331.0,331.0,0.0,15.0,6453
1998-11-17,332.0,332.0,332.0,0.0,15.0,6453
1998-11-18,330.0,329.0,331.0,0.0,16.0,6453
1998-11-19,328.0,328.0,328.0,0.0,16.0,6453
1998-11-20,328.0,328.0,328.0,0.0,16.0,6453
1998-11-21,326.0,325.0,326.0,0.0,16.0,6453
1998-11-22,324.0,323.0,324.0,0.0,16.0,6453
1998-11-23,323.0,322.0,323.0,0.0,16.0,6453
1998-11-24,323.0,321.0,324.0,0.0,16.0,6453
1998-11-25,324.0,323.0,324.0,0.0,16.0,6453
1998-11-26,322.0,322.0,322.0,0.0,16.0,6453
1998-11-27,321.0,321.0,321.0,0.0,16.0,6453
1998-11-28,321.0,321.0,321.0,0.0,16.0,6453
1998-11-29,321.0,321.0,321.0,0.0,16.0,6453
1998-11-30,321.0,321.0,321.0,0.0,16.0,6453
1998-12-01,324.0,324.0,324.0,,16.0,6453
1998-12-02,326.0,326.0,326.0,,16.0,6453
1998-12-03,328.0,328.0,328.0,,16.0,6453
1998-12-04,328.0,328.0,328.0,,16.0,6453
1998-12-05,329.0,329.0,329.0,,16.0,6453
1998-12-06,329.0,329.0,329.0,,16.0,6453
1998-12-07,329.0,329.0,329.0,,16.0,6453
1998-12-08,330.0,330.0,330.0,,16.0,6453
1998-12-09,330.0,330.0,330.0,,16.0,6453
1998-12-10,329.0,329.0,329.0,,16.0,6453
1998-12-11,334.0,334.0,334.0,,16.0,6453
1998-12-12,338.0,338.0,338.0,,16.0,6453
1998-12-13,339.0,339.0,339.0,,16.0,6453
1998-12-14,340.0,340.0,340.0,,16.0,6453
1998-12-15,342.0,342.0,342.0,,16.0,6453
1998-12-16,343.0,343.0,343.0,,16.0,6453
1998-12-17,343.0,343.0,343.0,,16.0,6453
1998-12-18,345.0,345.0,345.0,,16.0,6453
1998-12-19,345.0,345.0,345.0,,16.0,6453
1998-12-20,345.0,345.0,345.0,,16.0,6453
1998-12-21,346.0,346.0,346.0,,16.0,6453
1998-12-22,347.0,347.0,347.0,,16.0,6453
1998-12-23,347.0,347.0,347.0,,16.0,6453
1998-12-24,349.0,349.0,349.0,,16.0,6453
1998-12-25,349.0,349.0,349.0,,16.0,6453
1998-12-26,350.0,350.0,350.0,,16.0,6453
1998-12-27,350.0,350.0,350.0,,16.0,6453
1998-12-28,349.0,349.0,349.0,,16.0,6453
1998-12-29,349.0,349.0,349.0,,16.0,6453
1998-12-30,349.0,349.0,349.0,,16.0,6453
1998-12-31,349.0,349.0,349.0,,16.0,6453
1999-01-01,349.0,349.0,349.0,,16.0,6453
1999-01-02,348.0,348.0,348.0,,16.0,6453
1999-01-03,348.0,348.0,348.0,,16.0,6453
1999-01-04,347.0,347.0,347.0,,16.0,6453
1999-01-05,346.0,346.0,346.0,,16.0,6453
1999-01-06,346.0,346.0,346.0,,16.0,6453
1999-01-07,346.0,346.0,346.0,,16.0,6453
1999-01-08,345.0,345.0,345.0,,16.0,6453
1999-01-09,345.0,345.0,345.0,,16.0,6453
1999-01-10,345.0,345.0,345.0,,16.0,6453
1999-01-11,345.0,345.0,345.0,,16.0,6453
1999-01-12,345.0,345.0,345.0,,16.0,6453
1999-01-13,344.0,344.0,344.0,,16.0,6453
1999-01-14,344.0,344.0,344.0,,16.0,6453
1999-01-15,344.0,344.0,344.0,,16.0,6453
1999-01-16,343.0,343.0,343.0,,16.0,6453
1999-01-17,343.0,343.0,343.0,,16.0,6453
1999-01-18,342.0,342.0,342.0,,16.0,6453
1999-01-19,342.0,342.0,342.0,,16.0,6453
1999-01-20,342.0,342.0,342.0,,16.0,6453
1999-01-21,340.0,340.0,340.0,,16.0,6453
1999-01-22,341.0,341.0,341.0,,16.0,6453
1999-01-23,341.0,341.0,341.0,,16.0,6453
1999-01-24,341.0,341.0,341.0,,16.0,6453
1999-01-25,342.0,342.0,342.0,,16.0,6453
1999-01-26,342.0,342.0,342.0,,16.0,6453
1999-01-27,342.0,342.0,342.0,,16.0,6453
1999-01-28,343.0,343.0,343.0,,16.0,6453
1999-01-29,343.0,343.0,343.0,,16.0,6453
1999-01-30,344.0,344.0,344.0,,16.0,6453
1999-01-31,343.0,343.0,343.0,,16.0,6453
1999-02-01,343.0,343.0,343.0,,16.0,6453
1999-02-02,343.0,343.0,343.0,,16.0,6453
1999-02-03,341.0,341.0,341.0,,16.0,6453
1999-02-04,341.0,341.0,341.0,,16.0,6453
1999-02-05,340.0,340.0,340.0,,16.0,6453
1999-02-06,340.0,340.0,340.0,,16.0,6453
1999-02-07,340.0,340.0,340.0,,16.0,6453
1999-02-08,339.0,339.0,339.0,,16.0,6453
1999-02-09,339.0,339.0,339.0,,16.0,6453
1999-02-10,338.0,338.0,338.0,,16.0,6453
1999-02-11,338.0,338.0,338.0,,16.0,6453
1999-02-12,338.0,338.0,338.0,,16.0,6453
1999-02-13,337.0,337.0,337.0,,16.0,6453
1999-02-14,337.0,337.0,337.0,,16.0,6453
1999-02-15,337.0,337.0,337.0,,16.0,6453
1999-02-16,337.0,337.0,337.0,,16.0,6453
1999-02-17,337.0,337.0,337.0,,16.0,6453
1999-02-18,338.0,338.0,338.0,,16.0,6453
1999-02-19,338.0,338.0,338.0,,16.0,6453
1999-02-20,338.0,338.0,338.0,,16.0,6453
1999-02-21,338.0,338.0,338.0,,16.0,6453
1999-02-22,338.0,338.0,338.0,,16.0,6453
1999-02-23,339.0,339.0,339.0,,16.0,6453
1999-02-24,339.0,339.0,339.0,,16.0,6453
1999-02-25,339.0,339.0,339.0,,16.0,6453
1999-02-26,338.0,338.0,338.0,,16.0,6453
1999-02-27,338.0,338.0,338.0,,16.0,6453
1999-02-28,338.0,338.0,338.0,,16.0,6453
1999-03-01,337.0,337.0,337.0,,16.0,6453
1999-03-02,337.0,337.0,337.0,,16.0,6453
1999-03-03,335.0,335.0,335.0,,16.0,6453
1999-03-04,334.0,334.0,334.0,,16.0,6453
1999-03-05,334.0,334.0,334.0,,16.0,6453
1999-03-06,334.0,334.0,334.0,,16.0,6453
1999-03-07,333.0,333.0,333.0,,16.0,6453
1999-03-08,333.0,333.0,333.0,,16.0,6453
1999-03-09,332.0,332.0,332.0,,16.0,6453
1999-03-10,332.0,332.0,332.0,,16.0,6453
1999-03-11,332.0,332.0,332.0,,16.0,6453
1999-03-12,331.0,331.0,331.0,,16.0,6453
1999-03-13,331.0,331.0,331.0,,16.0,6453
1999-03-14,330.0,330.0,330.0,,16.0,6453
1999-03-15,330.0,330.0,330.0,,16.0,6453
1999-03-16,329.0,329.0,329.0,,16.0,6453
1999-03-17,329.0,329.0,329.0,,16.0,6453
1999-03-18,329.0,329.0,329.0,,16.0,6453
1999-03-19,328.0,328.0,328.0,,16.0,6453
1999-03-20,328.0,328.0,328.0,,16.0,6453
1999-03-21,325.0,325.0,325.0,,16.0,6453
1999-03-22,324.0,324.0,324.0,,16.0,6453
1999-03-23,323.0,323.0,323.0,,16.0,6453
1999-03-24,326.0,326.0,326.0,,16.0,6453
1999-03-25,326.0,326.0,326.0,,16.0,6453
1999-03-26,327.0,327.0,327.0,,16.0,6453
1999-03-27,326.0,326.0,326.0,,16.0,6453
1999-03-28,326.0,326.0,326.0,,16.0,6453
1999-03-29,325.0,325.0,325.0,,16.0,6453
1999-03-30,325.0,325.0,325.0,,16.0,6453
1999-03-31,324.0,324.0,324.0,,16.0,6453
1999-04-01,324.0,324.0,324.0,,16.0,6453
1999-04-02,324.0,324.0,324.0,,16.0,6453
1999-04-03,324.0,324.0,324.0,,16.0,6453
1999-04-04,324.0,324.0,324.0,,16.0,6453
1999-04-05,324.0,324.0,324.0,,16.0,6453
1999-04-06,325.0,325.0,325.0,,16.0,6453
1999-04-07,326.0,325.0,326.0,,16.0,6453
1999-04-08,327.0,326.0,327.0,,16.0,6453
1999-04-09,328.0,327.0,329.0,,16.0,6453
1999-04-10,329.0,328.0,329.0,,16.0,6453
1999-04-11,329.0,329.0,329.0,,16.0,6453
1999-04-12,330.0,329.0,330.0,,16.0,6453
1999-04-13,331.0,330.0,331.0,,16.0,6453
1999-04-14,331.0,330.0,331.0,,16.0,6453
1999-04-15,332.0,330.0,333.0,,16.0,6453
1999-04-16,346.0,332.0,359.0,,16.0,6453
1999-04-17,358.0,357.0,359.0,,16.0,6453
1999-04-18,368.0,358.0,377.0,,16.0,6453
1999-04-19,379.0,377.0,380.0,,16.0,6453
1999-04-20,378.0,375.0,381.0,,16.0,6453
1999-04-21,375.0,374.0,375.0,0.0,16.0,6453
1999-04-22,373.0,371.0,375.0,0.0,16.0,6453
1999-04-23,372.0,370.0,373.0,0.0,16.0,6453
1999-04-24,370.0,369.0,370.0,0.0,24.16,6453
1999-04-25,366.0,366.0,366.0,0.0,24.0,6453
1999-04-26,354.0,343.0,364.0,0.0,24.0,6453
1999-04-27,350.0,341.0,359.0,0.0,,6453
1999-04-28,366.0,352.0,379.0,0.05,26.0,6453
1999-04-29,372.0,346.0,397.0,0.05,26.0,6453
1999-04-30,359.0,357.0,360.0,0.15,26.25,6453
1999-05-01,448.0,379.0,517.0,0.1,,6453
1999-05-02,477.0,470.0,484.0,0.05,12.0,6453
1999-05-03,480.0,477.0,482.0,0.05,12.0,6453
1999-05-04,408.0,342.0,473.0,0.5,,6453
1999-05-05,334.0,332.0,335.0,0.95,8.27,6453
1999-05-06,326.0,325.0,327.0,0.6,8.27,6453
1999-05-07,321.0,321.0,321.0,0.75,8.27,6453
1999-05-08,317.0,317.0,317.0,0.8,27.0,6453
1999-05-09,316.0,315.0,316.0,1.05,27.0,6453
1999-05-10,325.0,321.0,328.0,2.0,27.0,6453
1999-05-11,343.0,334.0,351.0,0.7,27.0,6453
1999-05-12,370.0,368.0,372.0,0.6,27.0,6453
1999-05-13,344.0,339.0,348.0,0.35,27.0,6453
1999-05-14,339.0,334.0,343.0,1.45,27.0,6453
1999-05-15,360.0,350.0,369.0,1.5,27.0,6453
1999-05-16,404.0,395.0,413.0,1.9,27.0,6453
1999-05-17,430.0,429.0,431.0,2.25,27.0,6453
1999-05-18,445.0,441.0,449.0,2.45,29.0,6453
1999-05-19,458.0,456.0,459.0,2.6,29.0,6453
1999-05-20,421.0,415.0,426.0,2.3,29.0,6453
1999-05-21,400.0,392.0,408.0,2.4,29.0,6453
1999-05-22,386.0,384.0,388.0,2.65,29.0,6453
1999-05-23,385.0,382.0,388.0,3.05,29.0,6453
1999-05-24,386.0,382.0,389.0,3.4,29.0,6453
1999-05-25,476.0,440.0,512.0,3.2,29.0,6453
1999-05-26,456.0,450.0,462.0,2.95,29.0,6453
1999-05-27,373.0,365.0,380.0,2.3,29.0,6453
1999-05-28,348.0,347.0,349.0,4.25,29.0,6453
1999-05-29,353.0,345.0,361.0,6.5,29.0,6453
1999-05-30,428.0,400.0,456.0,5.6,29.0,6453
1999-05-31,519.0,472.0,543.0,2.55,29.0,6453
1999-06-01,531.0,490.0,558.0,3.8,29.0,6453
1999-06-02,490.0,481.0,498.0,4.8,29.0,6453
1999-06-03,561.0,504.0,647.0,2.8,29.0,6453
1999-06-04,565.0,531.0,599.0,2.4,29.0,6453
1999-06-05,444.0,434.0,453.0,4.2,29.0,6453
1999-06-06,412.0,407.0,416.0,6.1,29.0,6453
1999-06-07,424.0,404.0,443.0,6.55,29.0,6453
1999-06-08,427.0,416.0,437.0,7.2,29.0,6453
1999-06-09,428.0,418.0,438.0,7.0,29.0,6453
1999-06-10,441.0,440.0,442.0,8.25,29.0,6453
1999-06-11,456.0,448.0,464.0,8.75,29.0,6453
1999-06-12,434.0,424.0,443.0,8.0,29.0,6453
1999-06-13,524.0,452.0,578.0,6.5,29.0,6453
1999-06-14,489.0,469.0,508.0,6.55,29.0,6453
1999-06-15,522.0,502.0,542.0,5.05,29.0,6453
1999-06-16,634.0,629.0,638.0,5.5,29.0,6453
1999-06-17,500.0,486.0,514.0,6.55,29.0,6453
1999-06-18,440.0,421.0,459.0,7.45,29.0,6453
1999-06-19,391.0,386.0,395.0,8.4,29.0,6453
1999-06-20,397.0,382.0,411.0,8.75,29.0,6453
1999-06-21,389.0,387.0,390.0,10.0,29.0,6453
1999-06-22,383.0,382.0,383.0,10.75,29.0,6453
1999-06-23,381.0,380.0,381.0,12.55,29.0,6453
1999-06-24,395.0,387.0,402.0,13.0,29.0,6453
1999-06-25,379.0,378.0,380.0,12.9,29.0,6453
1999-06-26,378.0,377.0,379.0,13.7,29.0,6453
1999-06-27,402.0,392.0,412.0,11.85,29.0,6453
1999-06-28,390.0,387.0,393.0,12.4,29.0,6453
1999-06-29,381.0,373.0,388.0,13.35,29.0,6453
1999-06-30,382.0,370.0,393.0,13.6,29.0,6453
1999-07-01,380.0,378.0,381.0,14.7,29.0,6453
1999-07-02,389.0,382.0,395.0,14.1,29.0,6453
1999-07-03,384.0,382.0,385.0,14.65,29.0,6453
1999-07-04,384.0,381.0,387.0,14.8,29.0,6453
1999-07-05,372.0,369.0,374.0,16.15,29.0,6453
1999-07-06,367.0,365.0,368.0,16.55,29.0,6453
1999-07-07,399.0,375.0,422.0,14.35,29.0,6453
1999-07-08,468.0,453.0,483.0,7.2,29.0,6453
1999-07-09,463.0,449.0,477.0,8.85,29.0,6453
1999-07-10,421.0,408.0,433.0,12.6,29.0,6453
1999-07-11,401.0,396.0,406.0,13.45,29.0,6453
1999-07-12,401.0,399.0,402.0,14.25,29.0,6453
1999-07-13,394.0,389.0,398.0,14.1,29.0,6453
1999-07-14,377.0,375.0,378.0,14.9,29.0,6453
1999-07-15,368.0,367.0,369.0,16.5,29.0,6453
1999-07-16,366.0,366.0,366.0,17.4,29.0,6453
1999-07-17,367.0,366.0,368.0,15.75,29.0,6453
1999-07-18,364.0,363.0,365.0,14.4,29.0,6453
1999-07-19,360.0,359.0,361.0,15.75,29.0,6453
1999-07-20,355.0,354.0,355.0,16.8,29.0,6453
1999-07-21,351.0,350.0,352.0,16.95,29.0,6453
1999-07-22,349.0,348.0,350.0,17.7,29.0,6453
1999-07-23,408.0,354.0,461.0,13.35,29.0,6453
1999-07-24,444.0,434.0,454.0,11.95,29.0,6453
1999-07-25,400.0,393.0,407.0,13.55,29.0,6453
1999-07-26,380.0,377.0,382.0,14.3,29.0,6453
1999-07-27,369.0,368.0,370.0,14.85,29.0,6453
1999-07-28,365.0,363.0,366.0,14.5,29.0,6453
1999-07-29,360.0,359.0,361.0,13.7,29.0,6453
1999-07-30,358.0,357.0,359.0,13.85,29.0,6453
1999-07-31,374.0,370.0,378.0,13.05,29.0,6453
1999-08-01,445.0,442.0,448.0,8.15,29.0,6453
1999-08-02,500.0,477.0,522.0,7.8,29.0,6453
1999-08-03,492.0,474.0,510.0,8.45,29.0,6453
1999-08-04,439.0,430.0,448.0,9.35,29.0,6453
1999-08-05,407.0,404.0,410.0,10.25,29.0,6453
1999-08-06,406.0,398.0,414.0,11.3,29.0,6453
1999-08-07,401.0,397.0,405.0,12.05,29.0,6453
1999-08-08,390.0,388.0,391.0,12.35,29.0,6453
1999-08-09,390.0,388.0,391.0,11.8,29.0,6453
1999-08-10,392.0,387.0,397.0,10.6,29.0,6453
1999-08-11,530.0,452.0,561.0,8.5,29.0,6453
1999-08-12,469.0,454.0,484.0,9.25,29.0,6453
1999-08-13,430.0,428.0,432.0,10.25,29.0,6453
1999-08-14,402.0,397.0,406.0,10.95,29.0,6453
1999-08-15,388.0,385.0,390.0,11.15,29.0,6453
1999-08-16,378.0,377.0,379.0,11.25,29.0,6453
1999-08-17,460.0,417.0,503.0,8.2,29.0,6453
1999-08-18,485.0,468.0,501.0,8.05,29.0,6453
1999-08-19,441.0,436.0,445.0,8.75,29.0,6453
1999-08-20,409.0,404.0,413.0,9.2,29.0,6453
1999-08-21,388.0,383.0,393.0,9.55,29.0,6453
1999-08-22,386.0,383.0,388.0,9.4,29.0,6453
1999-08-23,380.0,375.0,384.0,9.1,29.0,6453
1999-08-24,370.0,369.0,371.0,9.2,29.0,6453
1999-08-25,416.0,413.0,419.0,9.8,29.0,6453
1999-08-26,423.0,406.0,440.0,9.65,29.0,6453
1999-08-27,418.0,415.0,420.0,8.2,29.0,6453
1999-08-28,406.0,403.0,409.0,9.1,29.0,6453
1999-08-29,392.0,389.0,394.0,9.75,29.0,6453
1999-08-30,382.0,380.0,383.0,10.2,29.0,6453
1999-08-31,387.0,386.0,387.0,10.3,29.0,6453
1999-09-01,384.0,382.0,385.0,11.2,29.0,6453
1999-09-02,376.0,375.0,377.0,10.85,29.0,6453
1999-09-03,373.0,372.0,374.0,11.4,29.0,6453
1999-09-04,370.0,369.0,371.0,10.3,29.0,6453
1999-09-05,367.0,367.0,367.0,10.9,29.0,6453
1999-09-06,364.0,363.0,365.0,10.95,29.0,6453
1999-09-07,362.0,361.0,362.0,10.95,29.0,6453
1999-09-08,365.0,361.0,368.0,10.6,29.0,6453
1999-09-09,391.0,380.0,401.0,10.3,29.0,6453
1999-09-10,386.0,384.0,388.0,9.2,29.0,6453
1999-09-11,384.0,380.0,387.0,8.55,29.0,6453
1999-09-12,415.0,411.0,419.0,6.85,29.0,6453
1999-09-13,456.0,450.0,461.0,5.7,29.0,6453
1999-09-14,448.0,441.0,454.0,6.9,29.0,6453
1999-09-15,430.0,426.0,433.0,7.1,29.0,6453
1999-09-16,410.0,408.0,411.0,7.15,29.0,6453
1999-09-17,403.0,400.0,405.0,6.35,29.0,6453
1999-09-18,396.0,394.0,397.0,6.4,29.0,6453
1999-09-19,392.0,391.0,392.0,6.65,29.0,6453
1999-09-20,389.0,388.0,390.0,6.2,29.0,6453
1999-09-21,381.0,380.0,382.0,6.45,29.0,6453
1999-09-22,376.0,373.0,378.0,6.05,29.0,6453
1999-09-23,373.0,372.0,373.0,5.6,29.0,6453
1999-09-24,371.0,370.0,371.0,5.95,29.0,6453
1999-09-25,368.0,367.0,368.0,6.1,29.0,6453
1999-09-26,366.0,365.0,366.0,6.1,29.0,6453
1999-09-27,363.0,363.0,363.0,5.85,29.0,6453
1999-09-28,363.0,362.0,364.0,5.45,29.0,6453
1999-09-29,366.0,366.0,366.0,5.2,29.0,6453
1999-09-30,365.0,364.0,366.0,5.05,29.0,6453
1999-10-01,362.0,361.0,363.0,5.05,29.0,6453
1999-10-02,359.0,358.0,359.0,4.65,29.0,6453
1999-10-03,357.0,356.0,358.0,4.05,29.0,6453
1999-10-04,355.0,354.0,355.0,3.75,29.0,6453
1999-10-05,352.0,351.0,352.0,3.75,29.0,6453
1999-10-06,349.0,348.0,350.0,3.8,29.0,6453
1999-10-07,348.0,347.0,349.0,3.25,29.0,6453
1999-10-08,347.0,346.0,348.0,2.7,29.0,6453
1999-10-09,345.0,344.0,345.0,2.7,29.0,6453
1999-10-10,343.0,343.0,343.0,3.0,29.0,6453
1999-10-11,343.0,343.0,343.0,3.35,29.0,6453
1999-10-12,351.0,345.0,356.0,3.75,29.0,6453
1999-10-13,356.0,354.0,358.0,2.65,29.0,6453
1999-10-14,357.0,356.0,358.0,0.9,29.0,6453
1999-10-15,352.0,351.0,353.0,0.4,2.29,6453
1999-10-16,349.0,348.0,349.0,0.45,,6453
1999-10-17,345.0,344.0,346.0,0.35,,6453
1999-10-18,340.0,339.0,341.0,0.2,,6453
1999-10-19,336.0,336.0,336.0,0.8,,6453
1999-10-20,337.0,336.0,338.0,0.95,29.0,6453
1999-10-21,339.0,337.0,340.0,0.4,,6453
1999-10-22,334.0,334.0,334.0,0.35,,6453
1999-10-23,333.0,331.0,334.0,0.3,,6453
1999-10-24,327.0,325.0,328.0,0.3,,6453
1999-10-25,328.0,325.0,330.0,0.25,,6453
1999-10-26,328.0,327.0,328.0,0.0,,6453
1999-10-27,324.0,323.0,325.0,0.0,2.0,6453
1999-10-28,323.0,322.0,324.0,0.0,,6453
1999-10-29,321.0,319.0,322.0,0.0,,6453
1999-10-30,317.0,316.0,317.0,0.0,,6453
1999-10-31,315.0,314.0,315.0,0.0,,6453
1999-11-01,313.0,312.0,313.0,0.0,,6453
1999-11-02,314.0,313.0,315.0,0.0,,6453
1999-11-03,310.0,309.0,310.0,0.0,,6453
1999-11-04,307.0,306.0,307.0,0.0,,6453
1999-11-05,303.0,301.0,305.0,0.0,,6453
1999-11-06,299.0,298.0,299.0,0.0,,6453
1999-11-07,307.0,297.0,316.0,0.0,,6453
1999-11-08,318.0,315.0,321.0,0.0,,6453
1999-11-09,310.0,308.0,311.0,0.0,,6453
1999-11-10,303.0,301.0,305.0,0.0,,6453
1999-11-11,303.0,299.0,307.0,0.0,5.15,6453
1999-11-12,313.0,312.0,313.0,0.0,,6453
1999-11-13,325.0,311.0,339.0,0.0,5.15,6453
1999-11-14,342.0,341.0,343.0,0.0,5.15,6453
1999-11-15,343.0,343.0,343.0,0.0,16.0,6453
1999-11-16,342.0,341.0,343.0,0.0,16.0,6453
1999-11-17,343.0,343.0,343.0,0.0,16.0,6453
1999-11-18,343.0,343.0,343.0,0.0,16.0,6453
1999-11-19,345.0,342.0,348.0,0.0,16.0,6453
1999-11-20,350.0,348.0,351.0,0.0,16.0,6453
1999-11-21,352.0,351.0,353.0,0.0,16.0,6453
1999-11-22,353.0,353.0,353.0,0.0,16.0,6453
1999-11-23,352.0,352.0,352.0,0.0,16.0,6453
1999-11-24,351.0,351.0,351.0,0.0,16.0,6453
1999-11-25,351.0,351.0,351.0,0.0,16.0,6453
1999-11-26,350.0,349.0,350.0,0.0,16.0,6453
1999-11-27,348.0,348.0,348.0,0.0,16.0,6453
1999-11-28,348.0,347.0,348.0,0.0,16.0,6453
1999-11-29,347.0,347.0,347.0,0.0,16.0,6453
1999-11-30,346.0,346.0,346.0,0.0,16.0,6453
1999-12-01,345.0,345.0,345.0,,16.0,6453
1999-12-02,344.0,344.0,344.0,,16.0,6453
1999-12-03,344.0,344.0,344.0,,16.0,6453
1999-12-04,343.0,343.0,343.0,,16.0,6453
1999-12-05,342.0,342.0,342.0,,16.0,6453
1999-12-06,342.0,342.0,342.0,,16.0,6453
1999-12-07,342.0,342.0,342.0,,16.0,6453
1999-12-08,341.0,341.0,341.0,,16.0,6453
1999-12-09,341.0,341.0,341.0,,16.0,6453
1999-12-10,341.0,341.0,341.0,,16.0,6453
1999-12-11,340.0,340.0,340.0,,16.0,6453
1999-12-12,340.0,340.0,340.0,,16.0,6453
1999-12-13,339.0,339.0,339.0,,16.0,6453
1999-12-14,339.0,339.0,339.0,,16.0,6453
1999-12-15,339.0,339.0,339.0,,16.0,6453
1999-12-16,339.0,339.0,339.0,,16.0,6453
1999-12-17,339.0,339.0,339.0,,16.0,6453
1999-12-18,339.0,339.0,339.0,,16.0,6453
1999-12-19,339.0,339.0,339.0,,16.0,6453
1999-12-20,339.0,339.0,339.0,,16.0,6453
1999-12-21,338.0,338.0,338.0,,16.0,6453
1999-12-22,338.0,338.0,338.0,,16.0,6453
1999-12-23,336.0,336.0,336.0,,16.0,6453
1999-12-24,335.0,335.0,335.0,,16.0,6453
1999-12-25,334.0,334.0,334.0,,16.0,6453
1999-12-26,334.0,334.0,334.0,,16.0,6453
1999-12-27,334.0,334.0,334.0,,16.0,6453
1999-12-28,334.0,334.0,334.0,,16.0,6453
1999-12-29,335.0,335.0,335.0,,16.0,6453
1999-12-30,335.0,335.0,335.0,,16.0,6453
1999-12-31,335.0,335.0,335.0,,16.0,6453
2000-01-01,334.0,334.0,334.0,,16.0,6453
2000-01-02,334.0,334.0,334.0,,16.0,6453
2000-01-03,333.0,333.0,333.0,,16.0,6453
2000-01-04,332.0,332.0,332.0,,16.0,6453
2000-01-05,332.0,332.0,332.0,,16.0,6453
2000-01-06,332.0,332.0,332.0,,16.0,6453
2000-01-07,332.0,332.0,332.0,,16.0,6453
2000-01-08,332.0,332.0,332.0,,16.0,6453
2000-01-09,331.0,331.0,331.0,,16.0,6453
2000-01-10,331.0,331.0,331.0,,16.0,6453
2000-01-11,331.0,331.0,331.0,,16.0,6453
2000-01-12,331.0,331.0,331.0,,16.0,6453
2000-01-13,330.0,330.0,330.0,,16.0,6453
2000-01-14,330.0,330.0,330.0,,16.0,6453
2000-01-15,330.0,330.0,330.0,,16.0,6453
2000-01-16,331.0,331.0,331.0,,16.0,6453
2000-01-17,334.0,334.0,334.0,,16.0,6453
2000-01-18,336.0,336.0,336.0,,16.0,6453
2000-01-19,339.0,339.0,339.0,,16.0,6453
2000-01-20,339.0,339.0,339.0,,16.0,6453
2000-01-21,339.0,339.0,339.0,,16.0,6453
2000-01-22,340.0,340.0,340.0,,16.0,6453
2000-01-23,340.0,340.0,340.0,,16.0,6453
2000-01-24,339.0,339.0,339.0,,16.0,6453
2000-01-25,339.0,339.0,339.0,,16.0,6453
2000-01-26,335.0,335.0,335.0,,16.0,6453
2000-01-27,333.0,333.0,333.0,,16.0,6453
2000-01-28,332.0,332.0,332.0,,16.0,6453
2000-01-29,332.0,332.0,332.0,,16.0,6453
2000-01-30,331.0,331.0,331.0,,16.0,6453
2000-01-31,331.0,331.0,331.0,,16.0,6453
2000-02-01,330.0,330.0,330.0,,16.0,6453
2000-02-02,328.0,328.0,328.0,,16.0,6453
2000-02-03,328.0,328.0,328.0,,16.0,6453
2000-02-04,327.0,327.0,327.0,,16.0,6453
2000-02-05,327.0,327.0,327.0,,16.0,6453
2000-02-06,327.0,327.0,327.0,,16.0,6453
2000-02-07,327.0,327.0,327.0,,16.0,6453
2000-02-08,326.0,326.0,326.0,,16.0,6453
2000-02-09,326.0,326.0,326.0,,16.0,6453
2000-02-10,326.0,326.0,326.0,,16.0,6453
2000-02-11,327.0,327.0,327.0,,16.0,6453
2000-02-12,330.0,330.0,330.0,,16.0,6453
2000-02-13,343.0,343.0,343.0,,16.0,6453
2000-02-14,346.0,346.0,346.0,,16.0,6453
2000-02-15,351.0,351.0,351.0,,16.0,6453
2000-02-16,351.0,351.0,351.0,,16.0,6453
2000-02-17,348.0,348.0,348.0,,16.0,6453
2000-02-18,343.0,343.0,343.0,,16.0,6453
2000-02-19,340.0,340.0,340.0,,16.0,6453
2000-02-20,339.0,339.0,339.0,,16.0,6453
2000-02-21,339.0,339.0,339.0,,16.0,6453
2000-02-22,338.0,338.0,338.0,,16.0,6453
2000-02-23,338.0,338.0,338.0,,16.0,6453
2000-02-24,339.0,339.0,339.0,,16.0,6453
2000-02-25,339.0,339.0,339.0,,16.0,6453
2000-02-26,333.0,333.0,333.0,,16.0,6453
2000-02-27,328.0,328.0,328.0,,16.0,6453
2000-02-28,324.0,324.0,324.0,,16.0,6453
2000-02-29,319.0,319.0,319.0,,16.0,6453
2000-03-01,327.0,327.0,327.0,,16.0,6453
2000-03-02,324.0,324.0,324.0,,16.0,6453
2000-03-03,320.0,320.0,320.0,,16.0,6453
2000-03-04,316.0,316.0,316.0,,16.0,6453
2000-03-05,312.0,312.0,312.0,,16.0,6453
2000-03-06,311.0,311.0,311.0,,16.0,6453
2000-03-07,316.0,316.0,316.0,,16.0,6453
2000-03-08,319.0,319.0,319.0,,16.0,6453
2000-03-09,321.0,321.0,321.0,,16.0,6453
2000-03-10,322.0,322.0,322.0,,16.0,6453
2000-03-11,322.0,322.0,322.0,,16.0,6453
2000-03-12,323.0,323.0,323.0,,16.0,6453
2000-03-13,323.0,323.0,323.0,,16.0,6453
2000-03-14,323.0,323.0,323.0,,16.0,6453
2000-03-15,324.0,324.0,324.0,,16.0,6453
2000-03-16,324.0,324.0,324.0,,16.0,6453
2000-03-17,324.0,324.0,324.0,,16.0,6453
2000-03-18,322.0,322.0,322.0,,16.0,6453
2000-03-19,321.0,321.0,321.0,,16.0,6453
2000-03-20,320.0,320.0,320.0,,16.0,6453
2000-03-21,320.0,320.0,320.0,,16.0,6453
2000-03-22,320.0,320.0,320.0,,16.0,6453
2000-03-23,320.0,320.0,320.0,,16.0,6453
2000-03-24,320.0,320.0,320.0,,16.0,6453
2000-03-25,319.0,319.0,319.0,,16.0,6453
2000-03-26,319.0,319.0,319.0,,16.0,6453
2000-03-27,319.0,319.0,319.0,,16.0,6453
2000-03-28,325.0,325.0,325.0,,16.0,6453
2000-03-29,326.0,326.0,326.0,,16.0,6453
2000-03-30,324.0,324.0,324.0,,16.0,6453
2000-03-31,332.0,332.0,332.0,,16.0,6453
2000-04-01,334.0,333.0,334.0,,16.0,6453
2000-04-02,332.0,331.0,333.0,,16.0,6453
2000-04-03,332.0,332.0,332.0,,16.0,6453
2000-04-04,331.0,331.0,331.0,,16.0,6453
2000-04-05,335.0,331.0,338.0,,16.0,6453
2000-04-06,342.0,336.0,347.0,,16.0,6453
2000-04-07,352.0,349.0,354.0,,16.0,6453
2000-04-08,354.0,352.0,355.0,,16.0,6453
2000-04-09,358.0,354.0,361.0,,16.0,6453
2000-04-10,371.0,363.0,379.0,,16.0,6453
2000-04-11,378.0,376.0,380.0,0.0,16.0,6453
2000-04-12,377.0,375.0,378.0,0.0,16.0,6453
2000-04-13,352.0,349.0,354.0,0.0,16.0,6453
2000-04-14,352.0,350.0,353.0,0.0,16.0,6453
2000-04-15,352.0,349.0,354.0,0.0,16.0,6453
2000-04-16,348.0,345.0,350.0,0.0,16.0,6453
2000-04-17,343.0,342.0,343.0,0.0,16.0,6453
2000-04-18,350.0,341.0,358.0,0.0,16.0,6453
2000-04-19,358.0,356.0,360.0,0.0,16.0,6453
2000-04-20,359.0,358.0,359.0,0.0,16.0,6453
2000-04-21,361.0,358.0,363.0,0.0,16.0,6453
2000-04-22,366.0,363.0,369.0,0.0,23.16,6453
2000-04-23,370.0,369.0,370.0,0.0,23.0,6453
2000-04-24,366.0,366.0,366.0,0.0,23.0,6453
2000-04-25,364.0,361.0,366.0,0.0,23.0,6453
2000-04-26,357.0,357.0,357.0,0.0,,6453
2000-04-27,369.0,357.0,380.0,0.0,26.25,6453
2000-04-28,376.0,372.0,379.0,0.0,26.25,6453
2000-04-29,426.0,401.0,451.0,0.0,26.25,6453
2000-04-30,399.0,357.0,441.0,0.1,9.27,6453
2000-05-01,394.0,385.0,403.0,0.25,8.27,6453
2000-05-02,410.0,396.0,423.0,1.5,8.27,6453
2000-05-03,438.0,426.0,449.0,0.95,8.27,6453
2000-05-04,444.0,444.0,444.0,0.9,8.27,6453
2000-05-05,406.0,387.0,424.0,2.35,29.27,6453
2000-05-06,365.0,361.0,368.0,4.2,29.0,6453
2000-05-07,372.0,370.0,373.0,5.1,29.0,6453
2000-05-08,407.0,385.0,429.0,5.65,29.0,6453
2000-05-09,408.0,398.0,417.0,4.2,29.0,6453
2000-05-10,372.0,364.0,379.0,3.6,29.0,6453
2000-05-11,357.0,357.0,357.0,3.85,29.0,6453
2000-05-12,364.0,360.0,368.0,4.85,29.0,6453
2000-05-13,353.0,348.0,357.0,4.2,29.0,6453
2000-05-14,342.0,339.0,345.0,6.3,29.0,6453
2000-05-15,344.0,337.0,351.0,7.75,29.0,6453
2000-05-16,408.0,380.0,435.0,6.85,29.0,6453
2000-05-17,424.0,421.0,427.0,5.65,29.0,6453
2000-05-18,403.0,399.0,406.0,6.7,29.0,6453
2000-05-19,388.0,388.0,388.0,6.25,29.0,6453
2000-05-20,458.0,385.0,530.0,3.85,29.0,6453
2000-05-21,462.0,444.0,480.0,3.15,29.0,6453
2000-05-22,416.0,406.0,425.0,4.4,29.0,6453
2000-05-23,426.0,412.0,440.0,5.55,29.0,6453
2000-05-24,416.0,413.0,418.0,6.7,29.0,6453
2000-05-25,448.0,410.0,485.0,6.3,29.0,6453
2000-05-26,504.0,503.0,504.0,5.15,29.0,6453
2000-05-27,435.0,424.0,445.0,5.85,29.0,6453
2000-05-28,394.0,391.0,396.0,7.55,29.0,6453
2000-05-29,405.0,389.0,421.0,7.25,29.0,6453
2000-05-30,459.0,442.0,476.0,4.65,29.0,6453
2000-05-31,412.0,404.0,420.0,6.2,29.0,6453
2000-06-01,382.0,380.0,383.0,8.05,29.0,6453
2000-06-02,387.0,382.0,391.0,8.7,29.0,6453
2000-06-03,414.0,411.0,417.0,8.3,29.0,6453
2000-06-04,391.0,386.0,396.0,8.3,29.0,6453
2000-06-05,381.0,381.0,381.0,7.95,29.0,6453
2000-06-06,389.0,381.0,397.0,7.55,29.0,6453
2000-06-07,367.0,364.0,370.0,7.5,29.0,6453
2000-06-08,362.0,360.0,364.0,8.4,29.0,6453
2000-06-09,365.0,364.0,365.0,9.65,29.0,6453
2000-06-10,359.0,356.0,362.0,11.2,29.0,6453
2000-06-11,350.0,349.0,350.0,12.85,29.0,6453
2000-06-12,346.0,345.0,347.0,13.45,29.0,6453
2000-06-13,343.0,342.0,343.0,13.25,29.0,6453
2000-06-14,344.0,340.0,348.0,13.45,29.0,6453
2000-06-15,342.0,341.0,342.0,14.05,29.0,6453
2000-06-16,340.0,339.0,340.0,14.3,29.0,6453
2000-06-17,337.0,337.0,337.0,14.35,29.0,6453
2000-06-18,349.0,336.0,361.0,13.3,29.0,6453
2000-06-19,351.0,349.0,353.0,13.65,29.0,6453
2000-06-20,344.0,343.0,345.0,14.4,29.0,6453
2000-06-21,339.0,338.0,340.0,14.95,29.0,6453
2000-06-22,341.0,337.0,345.0,15.3,29.0,6453
2000-06-23,342.0,342.0,342.0,16.6,29.0,6453
2000-06-24,343.0,342.0,344.0,17.55,29.0,6453
2000-06-25,359.0,357.0,361.0,16.1,29.0,6453
2000-06-26,358.0,355.0,360.0,15.65,29.0,6453
2000-06-27,387.0,382.0,391.0,14.3,29.0,6453
2000-06-28,418.0,401.0,434.0,11.65,29.0,6453
2000-06-29,386.0,386.0,386.0,13.75,29.0,6453
2000-06-30,375.0,373.0,376.0,13.0,29.0,6453
2000-07-01,369.0,368.0,369.0,14.05,29.0,6453
2000-07-02,362.0,357.0,366.0,15.9,29.0,6453
2000-07-03,362.0,360.0,363.0,17.25,29.0,6453
2000-07-04,363.0,361.0,365.0,18.55,29.0,6453
2000-07-05,367.0,360.0,374.0,18.55,29.0,6453
2000-07-06,417.0,410.0,423.0,13.15,29.0,6453
2000-07-07,389.0,387.0,390.0,14.6,29.0,6453
2000-07-08,378.0,373.0,383.0,15.9,29.0,6453
2000-07-09,364.0,361.0,367.0,17.3,29.0,6453
2000-07-10,357.0,356.0,358.0,17.9,29.0,6453
2000-07-11,358.0,355.0,360.0,18.25,29.0,6453
2000-07-12,369.0,365.0,373.0,17.2,29.0,6453
2000-07-13,414.0,398.0,429.0,14.0,29.0,6453
2000-07-14,437.0,434.0,439.0,13.2,29.0,6453
2000-07-15,444.0,444.0,444.0,10.95,29.0,6453
2000-07-16,465.0,458.0,471.0,11.1,29.0,6453
2000-07-17,442.0,432.0,451.0,10.95,29.0,6453
2000-07-18,411.0,401.0,420.0,12.0,29.0,6453
2000-07-19,395.0,393.0,396.0,13.25,29.0,6453
2000-07-20,386.0,383.0,389.0,13.45,29.0,6453
2000-07-21,377.0,376.0,378.0,13.6,29.0,6453
2000-07-22,440.0,414.0,465.0,11.2,29.0,6453
2000-07-23,501.0,454.0,547.0,9.5,29.0,6453
2000-07-24,529.0,506.0,544.0,7.35,29.0,6453
2000-07-25,473.0,459.0,486.0,7.75,29.0,6453
2000-07-26,440.0,434.0,446.0,8.0,29.0,6453
2000-07-27,442.0,429.0,454.0,9.5,29.0,6453
2000-07-28,441.0,435.0,447.0,10.0,29.0,6453
2000-07-29,431.0,428.0,434.0,10.15,29.0,6453
2000-07-30,505.0,467.0,520.0,8.55,29.0,6453
2000-07-31,508.0,474.0,541.0,7.45,29.0,6453
2000-08-01,519.0,500.0,537.0,7.8,29.0,6453
2000-08-02,466.0,452.0,479.0,9.1,29.0,6453
2000-08-03,428.0,426.0,430.0,10.0,29.0,6453
2000-08-04,420.0,417.0,423.0,10.4,29.0,6453
2000-08-05,410.0,406.0,413.0,11.85,29.0,6453
2000-08-06,396.0,394.0,398.0,12.3,29.0,6453
2000-08-07,388.0,386.0,390.0,13.25,29.0,6453
2000-08-08,381.0,379.0,382.0,13.1,29.0,6453
2000-08-09,397.0,376.0,417.0,12.85,29.0,6453
2000-08-10,456.0,451.0,461.0,9.75,29.0,6453
2000-08-11,431.0,427.0,434.0,10.45,29.0,6453
2000-08-12,418.0,414.0,422.0,11.7,29.0,6453
2000-08-13,403.0,396.0,409.0,12.8,29.0,6453
2000-08-14,383.0,379.0,386.0,13.9,29.0,6453
2000-08-15,374.0,372.0,375.0,14.0,29.0,6453
2000-08-16,390.0,381.0,398.0,12.2,29.0,6453
2000-08-17,436.0,428.0,443.0,10.95,29.0,6453
2000-08-18,429.0,425.0,432.0,11.5,29.0,6453
2000-08-19,414.0,412.0,415.0,11.75,29.0,6453
2000-08-20,401.0,393.0,409.0,11.85,29.0,6453
2000-08-21,382.0,379.0,384.0,11.8,29.0,6453
2000-08-22,375.0,374.0,376.0,11.7,29.0,6453
2000-08-23,371.0,370.0,371.0,11.6,29.0,6453
2000-08-24,368.0,367.0,368.0,11.6,29.0,6453
2000-08-25,366.0,365.0,366.0,11.95,29.0,6453
2000-08-26,364.0,363.0,364.0,12.2,29.0,6453
2000-08-27,362.0,362.0,362.0,12.15,29.0,6453
2000-08-28,361.0,361.0,361.0,12.85,29.0,6453
2000-08-29,358.0,357.0,359.0,13.0,29.0,6453
2000-08-30,356.0,355.0,356.0,13.1,29.0,6453
2000-08-31,355.0,354.0,355.0,13.0,29.0,6453
2000-09-01,350.0,347.0,352.0,12.45,29.0,6453
2000-09-02,368.0,367.0,369.0,12.65,29.0,6453
2000-09-03,363.0,362.0,364.0,12.85,29.0,6453
2000-09-04,361.0,360.0,362.0,12.65,29.0,6453
2000-09-05,359.0,359.0,359.0,12.95,29.0,6453
2000-09-06,358.0,358.0,358.0,12.55,29.0,6453
2000-09-07,358.0,357.0,358.0,12.1,29.0,6453
2000-09-08,357.0,356.0,357.0,12.05,29.0,6453
2000-09-09,356.0,356.0,356.0,12.0,29.0,6453
2000-09-10,356.0,356.0,356.0,11.95,29.0,6453
2000-09-11,354.0,352.0,355.0,12.0,29.0,6453
2000-09-12,352.0,351.0,353.0,11.9,29.0,6453
2000-09-13,349.0,349.0,349.0,11.55,29.0,6453
2000-09-14,348.0,347.0,348.0,11.75,29.0,6453
2000-09-15,346.0,346.0,346.0,11.85,29.0,6453
2000-09-16,345.0,344.0,345.0,11.65,29.0,6453
2000-09-17,343.0,343.0,343.0,11.8,29.0,6453
2000-09-18,343.0,343.0,343.0,11.65,29.0,6453
2000-09-19,342.0,341.0,342.0,11.3,29.0,6453
2000-09-20,341.0,341.0,341.0,9.95,29.0,6453
2000-09-21,347.0,344.0,350.0,9.3,29.0,6453
2000-09-22,347.0,346.0,347.0,9.4,29.0,6453
2000-09-23,350.0,345.0,355.0,9.35,29.0,6453
2000-09-24,352.0,351.0,353.0,9.75,29.0,6453
2000-09-25,350.0,349.0,350.0,10.2,29.0,6453
2000-09-26,348.0,348.0,348.0,10.6,29.0,6453
2000-09-27,347.0,346.0,347.0,10.5,29.0,6453
2000-09-28,345.0,345.0,345.0,10.05,29.0,6453
2000-09-29,344.0,344.0,344.0,9.55,29.0,6453
2000-09-30,344.0,344.0,344.0,8.6,29.0,6453
2000-10-01,343.0,342.0,344.0,7.75,29.0,6453
2000-10-02,339.0,338.0,340.0,7.35,29.0,6453
2000-10-03,337.0,336.0,337.0,7.15,29.0,6453
2000-10-04,334.0,333.0,335.0,7.0,29.0,6453
2000-10-05,332.0,331.0,332.0,6.25,29.0,6453
2000-10-06,330.0,330.0,330.0,6.0,29.0,6453
2000-10-07,330.0,329.0,330.0,6.1,29.0,6453
2000-10-08,329.0,328.0,329.0,5.95,29.0,6453
2000-10-09,328.0,328.0,328.0,5.15,29.0,6453
2000-10-10,328.0,327.0,328.0,4.95,29.0,6453
2000-10-11,327.0,327.0,327.0,4.3,29.0,6453
2000-10-12,327.0,327.0,327.0,3.8,29.0,6453
2000-10-13,326.0,325.0,327.0,2.95,29.0,6453
2000-10-14,323.0,323.0,323.0,1.75,29.0,6453
2000-10-15,323.0,322.0,323.0,0.5,,6453
2000-10-16,320.0,320.0,320.0,0.1,,6453
2000-10-17,319.0,318.0,319.0,0.3,2.0,6453
2000-10-18,317.0,317.0,317.0,0.0,,6453
2000-10-19,317.0,316.0,317.0,0.0,,6453
2000-10-20,315.0,314.0,315.0,0.0,,6453
2000-10-21,314.0,314.0,314.0,0.0,,6453
2000-10-22,313.0,313.0,313.0,0.0,,6453
2000-10-23,313.0,312.0,313.0,0.0,,6453
2000-10-24,310.0,310.0,310.0,0.0,,6453
2000-10-25,312.0,309.0,315.0,0.0,,6453
2000-10-26,314.0,314.0,314.0,0.0,,6453
2000-10-27,312.0,311.0,313.0,0.0,,6453
2000-10-28,310.0,309.0,310.0,0.0,,6453
2000-10-29,306.0,304.0,308.0,0.0,5.15,6453
2000-10-30,300.0,299.0,301.0,0.0,5.15,6453
2000-10-31,299.0,299.0,299.0,0.0,5.15,6453
2000-11-01,299.0,298.0,299.0,,5.15,6453
2000-11-02,304.0,302.0,305.0,,,6453
2000-11-03,306.0,304.0,307.0,,,6453
2000-11-04,303.0,303.0,303.0,,4.15,6453
2000-11-05,303.0,303.0,303.0,,,6453
2000-11-06,302.0,302.0,302.0,,4.15,6453
2000-11-07,304.0,302.0,305.0,,5.15,6453
2000-11-08,311.0,310.0,312.0,,5.15,6453
2000-11-09,314.0,314.0,314.0,,5.15,6453
2000-11-10,318.0,315.0,321.0,,5.15,6453
2000-11-11,322.0,320.0,324.0,,15.0,6453
2000-11-12,323.0,321.0,324.0,,16.15,6453
2000-11-13,318.0,318.0,318.0,,16.0,6453
2000-11-14,318.0,317.0,319.0,,16.0,6453
2000-11-15,320.0,320.0,320.0,,16.0,6453
2000-11-16,319.0,319.0,319.0,,16.0,6453
2000-11-17,323.0,319.0,327.0,,16.0,6453
2000-11-18,329.0,329.0,329.0,,16.0,6453
2000-11-19,328.0,328.0,328.0,,16.0,6453
2000-11-20,326.0,326.0,326.0,,16.0,6453
2000-11-21,326.0,325.0,326.0,,16.0,6453
2000-11-22,324.0,324.0,324.0,,16.0,6453
2000-11-23,323.0,323.0,323.0,,16.0,6453
2000-11-24,323.0,323.0,323.0,,16.0,6453
2000-11-25,322.0,322.0,322.0,,16.0,6453
2000-11-26,321.0,321.0,321.0,,16.0,6453
2000-11-27,321.0,321.0,321.0,,16.0,6453
2000-11-28,321.0,321.0,321.0,,16.0,6453
2000-11-29,321.0,321.0,321.0,,16.0,6453
2000-11-30,321.0,321.0,321.0,,16.0,6453
2000-12-01,320.0,320.0,320.0,,16.0,6453
2000-12-02,320.0,320.0,320.0,,16.0,6453
2000-12-03,320.0,320.0,320.0,,16.0,6453
2000-12-04,319.0,319.0,319.0,,16.0,6453
2000-12-05,319.0,319.0,319.0,,16.0,6453
2000-12-06,320.0,320.0,320.0,,16.0,6453
2000-12-07,320.0,320.0,320.0,,16.0,6453
2000-12-08,321.0,321.0,321.0,,16.0,6453
2000-12-09,323.0,323.0,323.0,,16.0,6453
2000-12-10,324.0,324.0,324.0,,16.0,6453
2000-12-11,324.0,324.0,324.0,,16.0,6453
2000-12-12,325.0,325.0,325.0,,16.0,6453
2000-12-13,324.0,324.0,324.0,,16.0,6453
2000-12-14,324.0,324.0,324.0,,16.0,6453
2000-12-15,323.0,323.0,323.0,,16.0,6453
2000-12-16,323.0,323.0,323.0,,16.0,6453
2000-12-17,322.0,322.0,322.0,,16.0,6453
2000-12-18,322.0,322.0,322.0,,16.0,6453
2000-12-19,321.0,321.0,321.0,,16.0,6453
2000-12-20,321.0,321.0,321.0,,16.0,6453
2000-12-21,321.0,321.0,321.0,,16.0,6453
2000-12-22,320.0,320.0,320.0,,16.0,6453
2000-12-23,320.0,320.0,320.0,,16.0,6453
2000-12-24,320.0,320.0,320.0,,16.0,6453
2000-12-25,319.0,319.0,319.0,,16.0,6453
2000-12-26,322.0,322.0,322.0,,16.0,6453
2000-12-27,322.0,322.0,322.0,,16.0,6453
2000-12-28,322.0,322.0,322.0,,16.0,6453
2000-12-29,323.0,323.0,323.0,,16.0,6453
2000-12-30,323.0,323.0,323.0,,16.0,6453
2000-12-31,323.0,323.0,323.0,,16.0,6453
2001-01-01,322.0,322.0,322.0,,16.0,6453
2001-01-02,322.0,322.0,322.0,,16.0,6453
2001-01-03,321.0,321.0,321.0,,16.0,6453
2001-01-04,321.0,321.0,321.0,,16.0,6453
2001-01-05,321.0,321.0,321.0,,16.0,6453
2001-01-06,321.0,321.0,321.0,,16.0,6453
2001-01-07,321.0,321.0,321.0,,16.0,6453
2001-01-08,320.0,320.0,320.0,,16.0,6453
2001-01-09,320.0,320.0,320.0,,16.0,6453
2001-01-10,320.0,320.0,320.0,,16.0,6453
2001-01-11,320.0,320.0,320.0,,16.0,6453
2001-01-12,320.0,320.0,320.0,,16.0,6453
2001-01-13,320.0,320.0,320.0,,16.0,6453
2001-01-14,320.0,320.0,320.0,,16.0,6453
2001-01-15,320.0,320.0,320.0,,16.0,6453
2001-01-16,320.0,320.0,320.0,,16.0,6453
2001-01-17,320.0,320.0,320.0,,16.0,6453
2001-01-18,319.0,319.0,319.0,,16.0,6453
2001-01-19,319.0,319.0,319.0,,16.0,6453
2001-01-20,319.0,319.0,319.0,,16.0,6453
2001-01-21,319.0,319.0,319.0,,16.0,6453
2001-01-22,319.0,319.0,319.0,,16.0,6453
2001-01-23,319.0,319.0,319.0,,16.0,6453
2001-01-24,319.0,319.0,319.0,,16.0,6453
2001-01-25,319.0,319.0,319.0,,16.0,6453
2001-01-26,319.0,319.0,319.0,,16.0,6453
2001-01-27,319.0,319.0,319.0,,16.0,6453
2001-01-28,318.0,318.0,318.0,,16.0,6453
2001-01-29,318.0,318.0,318.0,,16.0,6453
2001-01-30,318.0,318.0,318.0,,16.0,6453
2001-01-31,318.0,318.0,318.0,,16.0,6453
2001-02-01,319.0,319.0,319.0,,16.0,6453
2001-02-02,319.0,319.0,319.0,,16.0,6453
2001-02-03,319.0,319.0,319.0,,16.0,6453
2001-02-04,319.0,319.0,319.0,,16.0,6453
2001-02-05,319.0,319.0,319.0,,16.0,6453
2001-02-06,319.0,319.0,319.0,,16.0,6453
2001-02-07,319.0,319.0,319.0,,16.0,6453
2001-02-08,318.0,318.0,318.0,,16.0,6453
2001-02-09,318.0,318.0,318.0,,16.0,6453
2001-02-10,318.0,318.0,318.0,,16.0,6453
2001-02-11,318.0,318.0,318.0,,16.0,6453
2001-02-12,320.0,320.0,320.0,,16.0,6453
2001-02-13,320.0,320.0,320.0,,16.0,6453
2001-02-14,323.0,323.0,323.0,,16.0,6453
2001-02-15,323.0,323.0,323.0,,16.0,6453
2001-02-16,323.0,323.0,323.0,,16.0,6453
2001-02-17,321.0,321.0,321.0,,16.0,6453
2001-02-18,321.0,321.0,321.0,,16.0,6453
2001-02-19,321.0,321.0,321.0,,16.0,6453
2001-02-20,320.0,320.0,320.0,,16.0,6453
2001-02-21,320.0,320.0,320.0,,16.0,6453
2001-02-22,320.0,320.0,320.0,,16.0,6453
2001-02-23,321.0,321.0,321.0,,16.0,6453
2001-02-24,322.0,322.0,322.0,,16.0,6453
2001-02-25,322.0,322.0,322.0,,16.0,6453
2001-02-26,322.0,322.0,322.0,,16.0,6453
2001-02-27,322.0,322.0,322.0,,16.0,6453
2001-02-28,323.0,323.0,323.0,,16.0,6453
2001-03-01,323.0,323.0,323.0,,16.0,6453
2001-03-02,322.0,322.0,322.0,,16.0,6453
2001-03-03,322.0,322.0,322.0,,16.0,6453
2001-03-04,321.0,321.0,321.0,,16.0,6453
2001-03-05,320.0,320.0,320.0,,16.0,6453
2001-03-06,320.0,320.0,320.0,,16.0,6453
2001-03-07,320.0,320.0,320.0,,16.0,6453
2001-03-08,321.0,321.0,321.0,,16.0,6453
2001-03-09,321.0,321.0,321.0,,16.0,6453
2001-03-10,321.0,321.0,321.0,,16.0,6453
2001-03-11,300.0,300.0,300.0,,16.0,6453
2001-03-12,264.0,264.0,264.0,,16.0,6453
2001-03-13,246.0,246.0,246.0,,16.0,6453
2001-03-14,242.0,242.0,242.0,,16.0,6453
2001-03-15,242.0,242.0,242.0,,16.0,6453
2001-03-16,240.0,240.0,240.0,,16.0,6453
2001-03-17,240.0,240.0,240.0,,16.0,6453
2001-03-18,238.0,238.0,238.0,,16.0,6453
2001-03-19,237.0,237.0,237.0,,16.0,6453
2001-03-20,237.0,237.0,237.0,,16.0,6453
2001-03-21,236.0,236.0,236.0,,16.0,6453
2001-03-22,236.0,236.0,236.0,,16.0,6453
2001-03-23,236.0,236.0,236.0,,16.0,6453
2001-03-24,257.0,257.0,257.0,,16.0,6453
2001-03-25,262.0,262.0,262.0,,16.0,6453
2001-03-26,267.0,267.0,267.0,,16.0,6453
2001-03-27,261.0,261.0,261.0,,16.0,6453
2001-03-28,257.0,257.0,257.0,,16.0,6453
2001-03-29,255.0,255.0,255.0,,16.0,6453
2001-03-30,287.0,287.0,287.0,,16.0,6453
2001-03-31,281.0,281.0,281.0,,16.0,6453
2001-04-01,276.0,271.0,281.0,,16.0,6453
2001-04-02,274.0,273.0,275.0,,16.0,6453
2001-04-03,273.0,272.0,273.0,,16.0,6453
2001-04-04,276.0,270.0,282.0,,16.0,6453
2001-04-05,277.0,276.0,277.0,,16.0,6453
2001-04-06,286.0,274.0,298.0,,16.0,6453
2001-04-07,362.0,337.0,387.0,,24.16,6453
2001-04-08,379.0,377.0,380.0,,24.0,6453
2001-04-09,374.0,373.0,375.0,,24.0,6453
2001-04-10,367.0,364.0,370.0,,24.0,6453
2001-04-11,360.0,359.0,361.0,,24.0,6453
2001-04-12,353.0,349.0,356.0,,24.0,6453
2001-04-13,345.0,344.0,346.0,,24.0,6453
2001-04-14,339.0,339.0,339.0,,24.0,6453
2001-04-15,337.0,336.0,338.0,,24.0,6453
2001-04-16,334.0,334.0,334.0,,24.0,6453
2001-04-17,334.0,334.0,334.0,,24.0,6453
2001-04-18,331.0,330.0,331.0,,24.0,6453
2001-04-19,330.0,329.0,330.0,,24.0,6453
2001-04-20,327.0,326.0,327.0,,24.0,6453
2001-04-21,329.0,326.0,331.0,0.0,24.0,6453
2001-04-22,330.0,329.0,331.0,0.0,24.0,6453
2001-04-23,328.0,328.0,328.0,0.0,24.0,6453
2001-04-24,327.0,327.0,327.0,0.0,24.0,6453
2001-04-25,329.0,326.0,331.0,0.0,24.0,6453
2001-04-26,332.0,327.0,336.0,0.0,24.0,6453
2001-04-27,348.0,345.0,351.0,0.0,23.16,6453
2001-04-28,368.0,362.0,373.0,0.0,,6453
2001-04-29,392.0,364.0,419.0,0.0,,6453
2001-04-30,373.0,373.0,373.0,0.0,8.27,6453
2001-05-01,374.0,373.0,375.0,0.0,8.27,6453
2001-05-02,427.0,398.0,456.0,0.7,,6453
2001-05-03,395.0,359.0,430.0,1.0,8.27,6453
2001-05-04,454.0,449.0,458.0,1.0,8.27,6453
2001-05-05,434.0,433.0,434.0,0.9,27.0,6453
2001-05-06,434.0,433.0,434.0,0.95,27.0,6453
2001-05-07,439.0,428.0,450.0,2.2,29.0,6453
2001-05-08,392.0,388.0,396.0,1.35,29.0,6453
2001-05-09,381.0,381.0,381.0,3.3,29.0,6453
2001-05-10,410.0,407.0,412.0,3.4,29.0,6453
2001-05-11,425.0,415.0,435.0,4.5,29.0,6453
2001-05-12,445.0,438.0,451.0,4.65,29.0,6453
2001-05-13,453.0,450.0,455.0,5.2,29.0,6453
2001-05-14,447.0,445.0,449.0,6.3,29.0,6453
2001-05-15,429.0,414.0,443.0,5.75,29.0,6453
2001-05-16,441.0,411.0,471.0,5.0,29.0,6453
2001-05-17,456.0,443.0,468.0,2.8,29.0,6453
2001-05-18,427.0,416.0,438.0,2.3,29.0,6453
2001-05-19,404.0,399.0,409.0,4.7,29.0,6453
2001-05-20,403.0,391.0,414.0,4.9,29.0,6453
2001-05-21,403.0,397.0,409.0,5.55,29.0,6453
2001-05-22,433.0,387.0,478.0,5.6,29.0,6453
2001-05-23,517.0,484.0,550.0,3.25,29.0,6453
2001-05-24,435.0,421.0,448.0,4.55,29.0,6453
2001-05-25,405.0,395.0,415.0,6.4,29.0,6453
2001-05-26,393.0,388.0,397.0,7.55,29.0,6453
2001-05-27,398.0,392.0,404.0,7.6,29.0,6453
2001-05-28,391.0,386.0,395.0,6.85,29.0,6453
2001-05-29,388.0,381.0,394.0,6.55,29.0,6453
2001-05-30,411.0,398.0,423.0,6.15,29.0,6453
2001-05-31,491.0,483.0,499.0,6.65,29.0,6453
2001-06-01,433.0,412.0,453.0,7.25,29.0,6453
2001-06-02,393.0,387.0,399.0,8.05,29.0,6453
2001-06-03,415.0,381.0,448.0,7.9,29.0,6453
2001-06-04,422.0,420.0,424.0,8.6,29.0,6453
2001-06-05,436.0,414.0,457.0,7.2,29.0,6453
2001-06-06,636.0,514.0,699.0,4.4,29.0,6453
2001-06-07,552.0,508.0,595.0,4.3,29.0,6453
2001-06-08,459.0,443.0,474.0,5.45,29.0,6453
2001-06-09,421.0,415.0,427.0,6.9,29.0,6453
2001-06-10,400.0,391.0,409.0,8.0,29.0,6453
2001-06-11,381.0,378.0,384.0,9.25,29.0,6453
2001-06-12,371.0,369.0,373.0,10.1,29.0,6453
2001-06-13,364.0,363.0,364.0,11.1,29.0,6453
2001-06-14,359.0,357.0,361.0,12.1,29.0,6453
2001-06-15,355.0,354.0,355.0,13.2,29.0,6453
2001-06-16,353.0,352.0,353.0,15.45,29.0,6453
2001-06-17,350.0,349.0,351.0,16.3,29.0,6453
2001-06-18,355.0,349.0,360.0,15.2,29.0,6453
2001-06-19,366.0,364.0,368.0,14.45,29.0,6453
2001-06-20,362.0,359.0,365.0,14.35,29.0,6453
2001-06-21,356.0,355.0,357.0,14.4,29.0,6453
2001-06-22,352.0,351.0,353.0,15.35,29.0,6453
2001-06-23,349.0,348.0,350.0,15.55,29.0,6453
2001-06-24,355.0,346.0,363.0,14.35,29.0,6453
2001-06-25,378.0,376.0,380.0,14.1,29.0,6453
2001-06-26,369.0,367.0,370.0,14.45,29.0,6453
2001-06-27,382.0,364.0,399.0,13.95,29.0,6453
2001-06-28,410.0,410.0,410.0,11.7,29.0,6453
2001-06-29,401.0,396.0,406.0,10.8,29.0,6453
2001-06-30,386.0,378.0,394.0,11.55,29.0,6453
2001-07-01,372.0,369.0,375.0,13.05,29.0,6453
2001-07-02,364.0,363.0,365.0,14.1,29.0,6453
2001-07-03,358.0,357.0,359.0,15.35,29.0,6453
2001-07-04,367.0,355.0,379.0,15.95,29.0,6453
2001-07-05,381.0,374.0,387.0,14.75,29.0,6453
2001-07-06,386.0,376.0,395.0,14.1,29.0,6453
2001-07-07,390.0,389.0,391.0,12.35,29.0,6453
2001-07-08,395.0,393.0,397.0,12.6,29.0,6453
2001-07-09,385.0,384.0,385.0,14.8,29.0,6453
2001-07-10,379.0,375.0,382.0,16.2,29.0,6453
2001-07-11,538.0,458.0,576.0,9.5,29.0,6453
2001-07-12,507.0,480.0,533.0,8.95,29.0,6453
2001-07-13,437.0,433.0,440.0,9.65,29.0,6453
2001-07-14,427.0,421.0,433.0,9.55,29.0,6453
2001-07-15,470.0,458.0,481.0,9.4,29.0,6453
2001-07-16,463.0,447.0,478.0,11.2,29.0,6453
2001-07-17,443.0,433.0,452.0,10.9,29.0,6453
2001-07-18,454.0,439.0,468.0,11.45,29.0,6453
2001-07-19,405.0,388.0,422.0,12.8,29.0,6453
2001-07-20,377.0,369.0,384.0,13.8,29.0,6453
2001-07-21,373.0,364.0,382.0,13.75,29.0,6453
2001-07-22,389.0,387.0,391.0,13.9,29.0,6453
2001-07-23,388.0,387.0,389.0,14.35,29.0,6453
2001-07-24,400.0,385.0,414.0,13.8,29.0,6453
2001-07-25,438.0,412.0,463.0,12.85,29.0,6453
2001-07-26,427.0,419.0,435.0,12.8,29.0,6453
2001-07-27,402.0,400.0,404.0,14.3,29.0,6453
2001-07-28,395.0,391.0,399.0,15.0,29.0,6453
2001-07-29,386.0,384.0,388.0,14.85,29.0,6453
2001-07-30,380.0,378.0,382.0,14.45,29.0,6453
2001-07-31,376.0,375.0,376.0,14.65,29.0,6453
2001-08-01,373.0,372.0,374.0,16.15,29.0,6453
2001-08-02,371.0,370.0,371.0,16.85,29.0,6453
2001-08-03,370.0,368.0,372.0,16.65,29.0,6453
2001-08-04,382.0,378.0,386.0,16.6,29.0,6453
2001-08-05,389.0,385.0,392.0,17.85,29.0,6453
2001-08-06,390.0,384.0,411.0,16.05,29.0,6453
2001-08-07,460.0,436.0,516.0,12.8,29.0,6453
2001-08-08,551.0,539.0,563.0,9.8,29.0,6453
2001-08-09,487.0,462.0,512.0,12.15,29.0,6453
2001-08-10,449.0,435.0,463.0,11.9,29.0,6453
2001-08-11,453.0,450.0,455.0,12.7,29.0,6453
2001-08-12,436.0,429.0,443.0,13.1,29.0,6453
2001-08-13,419.0,413.0,425.0,13.35,29.0,6453
2001-08-14,400.0,399.0,401.0,14.7,29.0,6453
2001-08-15,394.0,391.0,396.0,14.9,29.0,6453
2001-08-16,395.0,390.0,399.0,15.0,29.0,6453
2001-08-17,404.0,401.0,406.0,14.6,29.0,6453
2001-08-18,387.0,384.0,389.0,14.7,29.0,6453
2001-08-19,381.0,380.0,381.0,14.2,29.0,6453
2001-08-20,383.0,378.0,388.0,14.15,29.0,6453
2001-08-21,479.0,465.0,493.0,10.6,29.0,6453
2001-08-22,470.0,455.0,485.0,11.0,29.0,6453
2001-08-23,432.0,428.0,436.0,10.65,29.0,6453
2001-08-24,415.0,411.0,418.0,11.3,29.0,6453
2001-08-25,401.0,397.0,405.0,13.1,29.0,6453
2001-08-26,391.0,387.0,394.0,14.0,29.0,6453
2001-08-27,382.0,381.0,382.0,11.65,29.0,6453
2001-08-28,379.0,378.0,380.0,12.75,29.0,6453
2001-08-29,375.0,373.0,376.0,13.1,29.0,6453
2001-08-30,371.0,370.0,371.0,13.3,29.0,6453
2001-08-31,374.0,369.0,378.0,12.15,29.0,6453
2001-09-01,386.0,380.0,391.0,10.1,29.0,6453
2001-09-02,386.0,383.0,388.0,10.6,29.0,6453
2001-09-03,379.0,377.0,381.0,10.8,29.0,6453
2001-09-04,373.0,372.0,373.0,11.2,29.0,6453
2001-09-05,370.0,369.0,370.0,11.8,29.0,6453
2001-09-06,411.0,384.0,437.0,10.7,29.0,6453
2001-09-07,458.0,448.0,468.0,9.6,29.0,6453
2001-09-08,430.0,426.0,433.0,8.1,29.0,6453
2001-09-09,433.0,418.0,447.0,8.05,29.0,6453
2001-09-10,449.0,443.0,454.0,7.55,29.0,6453
2001-09-11,429.0,426.0,432.0,8.35,29.0,6453
2001-09-12,415.0,408.0,421.0,8.8,29.0,6453
2001-09-13,400.0,398.0,401.0,10.05,29.0,6453
2001-09-14,390.0,388.0,391.0,9.95,29.0,6453
2001-09-15,383.0,383.0,383.0,9.4,29.0,6453
2001-09-16,381.0,379.0,382.0,9.05,29.0,6453
2001-09-17,376.0,375.0,377.0,8.7,29.0,6453
2001-09-18,371.0,369.0,373.0,8.05,29.0,6453
2001-09-19,365.0,364.0,365.0,7.45,29.0,6453
2001-09-20,362.0,362.0,362.0,7.2,29.0,6453
2001-09-21,361.0,360.0,361.0,7.1,29.0,6453
2001-09-22,357.0,356.0,358.0,6.05,29.0,6453
2001-09-23,354.0,353.0,355.0,6.8,29.0,6453
2001-09-24,352.0,352.0,352.0,6.6,29.0,6453
2001-09-25,352.0,351.0,352.0,6.55,29.0,6453
2001-09-26,352.0,352.0,352.0,6.5,29.0,6453
2001-09-27,352.0,352.0,352.0,6.3,29.0,6453
2001-09-28,351.0,350.0,351.0,5.8,29.0,6453
2001-09-29,351.0,351.0,351.0,5.2,29.0,6453
2001-09-30,352.0,352.0,352.0,5.3,29.0,6453
2001-10-01,348.0,345.0,351.0,5.95,29.0,6453
2001-10-02,346.0,345.0,346.0,6.45,29.0,6453
2001-10-03,346.0,346.0,346.0,5.2,29.0,6453
2001-10-04,348.0,346.0,350.0,5.15,29.0,6453
2001-10-05,356.0,351.0,360.0,5.0,29.0,6453
2001-10-06,357.0,354.0,360.0,5.15,29.0,6453
2001-10-07,361.0,360.0,362.0,5.4,29.0,6453
2001-10-08,358.0,358.0,358.0,4.6,29.0,6453
2001-10-09,358.0,356.0,359.0,4.8,29.0,6453
2001-10-10,354.0,352.0,355.0,5.35,29.0,6453
2001-10-11,349.0,348.0,350.0,5.0,29.0,6453
2001-10-12,346.0,346.0,346.0,4.9,29.0,6453
2001-10-13,345.0,344.0,345.0,5.05,29.0,6453
2001-10-14,342.0,342.0,342.0,4.35,29.0,6453
2001-10-15,341.0,341.0,341.0,4.1,29.0,6453
2001-10-16,341.0,340.0,342.0,3.75,29.0,6453
2001-10-17,343.0,342.0,343.0,2.4,29.0,6453
2001-10-18,340.0,337.0,342.0,1.1,2.29,6453
2001-10-19,336.0,334.0,337.0,1.1,2.29,6453
2001-10-20,332.0,331.0,333.0,1.0,2.29,6453
2001-10-21,332.0,330.0,333.0,1.2,29.0,6453
2001-10-22,334.0,333.0,334.0,1.25,29.0,6453
2001-10-23,332.0,331.0,332.0,1.35,29.0,6453
2001-10-24,330.0,329.0,330.0,1.25,29.0,6453
2001-10-25,327.0,326.0,328.0,0.9,29.0,6453
2001-10-26,324.0,323.0,325.0,0.65,29.0,6453
2001-10-27,321.0,320.0,321.0,0.3,2.29,6453
2001-10-28,321.0,319.0,322.0,0.35,,6453
2001-10-29,321.0,318.0,323.0,0.25,,6453
2001-10-30,320.0,320.0,320.0,0.2,,6453
2001-10-31,321.0,321.0,321.0,0.2,,6453
2001-11-01,321.0,319.0,322.0,0.0,,6453
2001-11-02,314.0,312.0,315.0,0.0,,6453
2001-11-03,311.0,310.0,311.0,0.0,,6453
2001-11-04,307.0,307.0,307.0,0.0,,6453
2001-11-05,308.0,307.0,308.0,0.0,4.15,6453
2001-11-06,305.0,299.0,310.0,0.0,4.15,6453
2001-11-07,301.0,297.0,304.0,0.0,4.15,6453
2001-11-08,302.0,301.0,303.0,0.0,4.15,6453
2001-11-09,305.0,302.0,308.0,0.0,4.15,6453
2001-11-10,309.0,307.0,311.0,0.0,4.15,6453
2001-11-11,312.0,312.0,312.0,0.0,,6453
2001-11-12,311.0,310.0,311.0,0.0,,6453
2001-11-13,314.0,313.0,314.0,0.0,5.15,6453
2001-11-14,315.0,314.0,315.0,0.0,,6453
2001-11-15,314.0,313.0,314.0,0.0,5.15,6453
2001-11-16,312.0,312.0,312.0,0.0,,6453
2001-11-17,312.0,311.0,312.0,0.0,5.15,6453
2001-11-18,312.0,312.0,312.0,0.0,5.15,6453
2001-11-19,313.0,311.0,314.0,0.0,,6453
2001-11-20,319.0,315.0,323.0,0.0,,6453
2001-11-21,322.0,321.0,323.0,0.0,,6453
2001-11-22,322.0,322.0,322.0,0.0,,6453
2001-11-23,320.0,318.0,322.0,0.0,,6453
2001-11-24,319.0,317.0,321.0,0.0,,6453
2001-11-25,321.0,320.0,321.0,0.0,5.15,6453
2001-11-26,328.0,322.0,334.0,0.0,16.15,6453
2001-11-27,336.0,334.0,337.0,0.0,16.0,6453
2001-11-28,333.0,331.0,335.0,0.0,16.0,6453
2001-11-29,330.0,327.0,333.0,0.0,16.0,6453
2001-11-30,326.0,325.0,326.0,0.0,16.0,6453
2001-12-01,324.0,324.0,324.0,,16.0,6453
2001-12-02,323.0,323.0,323.0,,16.0,6453
2001-12-03,322.0,322.0,322.0,,16.0,6453
2001-12-04,320.0,320.0,320.0,,16.0,6453
2001-12-05,318.0,318.0,318.0,,16.0,6453
2001-12-06,326.0,326.0,326.0,,16.0,6453
2001-12-07,328.0,328.0,328.0,,16.0,6453
2001-12-08,329.0,329.0,329.0,,16.0,6453
2001-12-09,333.0,333.0,333.0,,16.0,6453
2001-12-10,333.0,333.0,333.0,,16.0,6453
2001-12-11,333.0,333.0,333.0,,16.0,6453
2001-12-12,333.0,333.0,333.0,,16.0,6453
2001-12-13,332.0,332.0,332.0,,16.0,6453
2001-12-14,333.0,333.0,333.0,,16.0,6453
2001-12-15,332.0,332.0,332.0,,16.0,6453
2001-12-16,333.0,333.0,333.0,,16.0,6453
2001-12-17,334.0,334.0,334.0,,16.0,6453
2001-12-18,334.0,334.0,334.0,,16.0,6453
2001-12-19,334.0,334.0,334.0,,16.0,6453
2001-12-20,335.0,335.0,335.0,,16.0,6453
2001-12-21,335.0,335.0,335.0,,16.0,6453
2001-12-22,335.0,335.0,335.0,,16.0,6453
2001-12-23,335.0,335.0,335.0,,16.0,6453
2001-12-24,336.0,336.0,336.0,,16.0,6453
2001-12-25,337.0,337.0,337.0,,16.0,6453
2001-12-26,336.0,336.0,336.0,,16.0,6453
2001-12-27,337.0,337.0,337.0,,16.0,6453
2001-12-28,338.0,338.0,338.0,,16.0,6453
2001-12-29,338.0,338.0,338.0,,16.0,6453
2001-12-30,338.0,338.0,338.0,,16.0,6453
2001-12-31,339.0,339.0,339.0,,16.0,6453
2002-01-01,339.0,339.0,339.0,,16.0,6453
2002-01-02,338.0,338.0,338.0,,16.0,6453
2002-01-03,337.0,337.0,337.0,,16.0,6453
2002-01-04,336.0,336.0,336.0,,16.0,6453
2002-01-05,336.0,336.0,336.0,,16.0,6453
2002-01-06,339.0,339.0,339.0,,16.0,6453
2002-01-07,341.0,341.0,341.0,,16.0,6453
2002-01-08,345.0,345.0,345.0,,16.0,6453
2002-01-09,347.0,347.0,347.0,,16.0,6453
2002-01-10,348.0,348.0,348.0,,16.0,6453
2002-01-11,348.0,348.0,348.0,,16.0,6453
2002-01-12,347.0,347.0,347.0,,16.0,6453
2002-01-13,347.0,347.0,347.0,,16.0,6453
2002-01-14,346.0,346.0,346.0,,16.0,6453
2002-01-15,346.0,346.0,346.0,,16.0,6453
2002-01-16,346.0,346.0,346.0,,16.0,6453
2002-01-17,346.0,346.0,346.0,,16.0,6453
2002-01-18,345.0,345.0,345.0,,16.0,6453
2002-01-19,345.0,345.0,345.0,,16.0,6453
2002-01-20,345.0,345.0,345.0,,16.0,6453
2002-01-21,345.0,345.0,345.0,,16.0,6453
2002-01-22,343.0,343.0,343.0,,16.0,6453
2002-01-23,343.0,343.0,343.0,,16.0,6453
2002-01-24,342.0,342.0,342.0,,16.0,6453
2002-01-25,340.0,340.0,340.0,,16.0,6453
2002-01-26,342.0,342.0,342.0,,16.0,6453
2002-01-27,343.0,343.0,343.0,,16.0,6453
2002-01-28,345.0,345.0,345.0,,16.0,6453
2002-01-29,345.0,345.0,345.0,,16.0,6453
2002-01-30,347.0,347.0,347.0,,16.0,6453
2002-01-31,348.0,348.0,348.0,,16.0,6453
2002-02-01,345.0,345.0,345.0,,16.0,6453
2002-02-02,345.0,345.0,345.0,,16.0,6453
2002-02-03,346.0,346.0,346.0,,16.0,6453
2002-02-04,348.0,348.0,348.0,,16.0,6453
2002-02-05,348.0,348.0,348.0,,16.0,6453
2002-02-06,348.0,348.0,348.0,,16.0,6453
2002-02-07,346.0,346.0,346.0,,16.0,6453
2002-02-08,345.0,345.0,345.0,,16.0,6453
2002-02-09,343.0,343.0,343.0,,16.0,6453
2002-02-10,342.0,342.0,342.0,,16.0,6453
2002-02-11,342.0,342.0,342.0,,16.0,6453
2002-02-12,342.0,342.0,342.0,,16.0,6453
2002-02-13,340.0,340.0,340.0,,16.0,6453
2002-02-14,340.0,340.0,340.0,,16.0,6453
2002-02-15,339.0,339.0,339.0,,16.0,6453
2002-02-16,339.0,339.0,339.0,,16.0,6453
2002-02-17,338.0,338.0,338.0,,16.0,6453
2002-02-18,336.0,336.0,336.0,,16.0,6453
2002-02-19,335.0,335.0,335.0,,16.0,6453
2002-02-20,335.0,335.0,335.0,,16.0,6453
2002-02-21,335.0,335.0,335.0,,16.0,6453
2002-02-22,335.0,335.0,335.0,,16.0,6453
2002-02-23,336.0,336.0,336.0,,16.0,6453
2002-02-24,338.0,338.0,338.0,,16.0,6453
2002-02-25,338.0,338.0,338.0,,16.0,6453
2002-02-26,338.0,338.0,338.0,,16.0,6453
2002-02-27,339.0,339.0,339.0,,16.0,6453
2002-02-28,339.0,339.0,339.0,,16.0,6453
2002-03-01,340.0,340.0,340.0,,16.0,6453
2002-03-02,344.0,344.0,344.0,,16.0,6453
2002-03-03,349.0,349.0,349.0,,16.0,6453
2002-03-04,351.0,351.0,351.0,,16.0,6453
2002-03-05,354.0,354.0,354.0,,16.0,6453
2002-03-06,354.0,354.0,354.0,,16.0,6453
2002-03-07,355.0,355.0,355.0,,16.0,6453
2002-03-08,355.0,355.0,355.0,,16.0,6453
2002-03-09,357.0,357.0,357.0,,16.0,6453
2002-03-10,357.0,357.0,357.0,,16.0,6453
2002-03-11,358.0,358.0,358.0,,16.0,6453
2002-03-12,359.0,359.0,359.0,,16.0,6453
2002-03-13,359.0,359.0,359.0,,16.0,6453
2002-03-14,361.0,361.0,361.0,,16.0,6453
2002-03-15,361.0,361.0,361.0,,16.0,6453
2002-03-16,361.0,361.0,361.0,,16.0,6453
2002-03-17,361.0,361.0,361.0,,16.0,6453
2002-03-18,362.0,362.0,362.0,,16.0,6453
2002-03-19,364.0,364.0,364.0,,16.0,6453
2002-03-20,364.0,364.0,364.0,,16.0,6453
2002-03-21,364.0,364.0,364.0,,16.0,6453
2002-03-22,364.0,364.0,364.0,,16.0,6453
2002-03-23,365.0,365.0,365.0,,16.0,6453
2002-03-24,365.0,365.0,365.0,,16.0,6453
2002-03-25,362.0,362.0,362.0,,16.0,6453
2002-03-26,358.0,358.0,358.0,,16.0,6453
2002-03-27,355.0,355.0,355.0,,16.0,6453
2002-03-28,352.0,352.0,352.0,,16.0,6453
2002-03-29,350.0,350.0,350.0,,16.0,6453
2002-03-30,348.0,348.0,348.0,,16.0,6453
2002-03-31,351.0,351.0,351.0,,16.0,6453
2002-04-01,353.0,353.0,353.0,,16.0,6453
2002-04-02,351.0,350.0,352.0,,16.0,6453
2002-04-03,352.0,351.0,353.0,,16.0,6453
2002-04-04,354.0,352.0,356.0,,16.0,6453
2002-04-05,367.0,358.0,376.0,,16.0,6453
2002-04-06,371.0,366.0,376.0,,16.0,6453
2002-04-07,361.0,360.0,361.0,,16.0,6453
2002-04-08,357.0,356.0,358.0,,16.0,6453
2002-04-09,356.0,356.0,356.0,,16.0,6453
2002-04-10,355.0,354.0,355.0,,16.0,6453
2002-04-11,354.0,353.0,355.0,,16.0,6453
2002-04-12,354.0,353.0,354.0,,16.0,6453
2002-04-13,359.0,352.0,365.0,,16.0,6453
2002-04-14,363.0,362.0,363.0,,16.0,6453
2002-04-15,364.0,362.0,366.0,,16.0,6453
2002-04-16,365.0,365.0,365.0,,16.0,6453
2002-04-17,362.0,362.0,362.0,,16.0,6453
2002-04-18,361.0,361.0,361.0,,16.0,6453
2002-04-19,360.0,360.0,360.0,,16.0,6453
2002-04-20,359.0,357.0,360.0,,24.0,6453
2002-04-21,356.0,356.0,356.0,0.0,24.16,6453
2002-04-22,358.0,355.0,361.0,0.0,23.24,6453
2002-04-23,357.0,354.0,360.0,0.0,23.0,6453
2002-04-24,364.0,363.0,364.0,0.0,23.0,6453
2002-04-25,362.0,361.0,362.0,0.0,23.0,6453
2002-04-26,360.0,359.0,360.0,0.0,23.0,6453
2002-04-27,350.0,343.0,357.0,0.0,23.16,6453
2002-04-28,340.0,339.0,341.0,0.0,23.0,6453
2002-04-29,340.0,338.0,342.0,0.0,,6453
2002-04-30,350.0,342.0,358.0,0.0,26.0,6453
2002-05-01,363.0,361.0,365.0,0.05,26.0,6453
2002-05-02,371.0,367.0,375.0,0.2,26.0,6453
2002-05-03,371.0,369.0,373.0,0.4,26.25,6453
2002-05-04,368.0,364.0,372.0,0.6,26.25,6453
2002-05-05,366.0,362.0,369.0,0.65,26.25,6453
2002-05-06,367.0,364.0,370.0,0.4,26.25,6453
2002-05-07,365.0,364.0,365.0,0.6,8.27,6453
2002-05-08,371.0,359.0,383.0,0.7,8.27,6453
2002-05-09,401.0,381.0,421.0,1.05,8.27,6453
2002-05-10,435.0,419.0,450.0,1.1,8.27,6453
2002-05-11,470.0,470.0,470.0,1.4,29.0,6453
2002-05-12,476.0,472.0,480.0,2.55,29.0,6453
2002-05-13,469.0,469.0,469.0,2.8,29.0,6453
2002-05-14,460.0,458.0,462.0,4.05,29.0,6453
2002-05-15,456.0,450.0,462.0,4.3,29.0,6453
2002-05-16,456.0,452.0,460.0,4.75,29.0,6453
2002-05-17,435.0,434.0,435.0,5.7,29.0,6453
2002-05-18,435.0,426.0,443.0,6.2,29.0,6453
2002-05-19,428.0,425.0,430.0,6.2,29.0,6453
2002-05-20,445.0,422.0,467.0,6.15,29.0,6453
2002-05-21,403.0,400.0,406.0,5.6,29.0,6453
2002-05-22,407.0,391.0,422.0,5.95,29.0,6453
2002-05-23,397.0,388.0,405.0,6.6,29.0,6453
2002-05-24,397.0,382.0,412.0,6.3,29.0,6453
2002-05-25,407.0,398.0,415.0,6.7,29.0,6453
2002-05-26,386.0,385.0,387.0,7.6,29.0,6453
2002-05-27,371.0,370.0,372.0,7.8,29.0,6453
2002-05-28,369.0,366.0,371.0,6.8,29.0,6453
2002-05-29,404.0,403.0,405.0,6.3,29.0,6453
2002-05-30,462.0,427.0,496.0,5.5,29.0,6453
2002-05-31,500.0,482.0,517.0,5.3,29.0,6453
2002-06-01,498.0,486.0,510.0,5.5,29.0,6453
2002-06-02,435.0,423.0,447.0,6.6,29.0,6453
2002-06-03,402.0,396.0,408.0,8.2,29.0,6453
2002-06-04,388.0,385.0,390.0,9.8,29.0,6453
2002-06-05,378.0,377.0,379.0,11.2,29.0,6453
2002-06-06,375.0,374.0,376.0,12.7,29.0,6453
2002-06-07,386.0,382.0,390.0,11.9,29.0,6453
2002-06-08,373.0,366.0,379.0,10.8,29.0,6453
2002-06-09,376.0,365.0,386.0,11.9,29.0,6453
2002-06-10,357.0,355.0,359.0,11.8,29.0,6453
2002-06-11,343.0,337.0,348.0,12.5,29.0,6453
2002-06-12,344.0,343.0,345.0,13.3,29.0,6453
2002-06-13,337.0,336.0,338.0,12.7,29.0,6453
2002-06-14,335.0,335.0,335.0,14.1,29.0,6453
2002-06-15,333.0,332.0,333.0,12.6,29.0,6453
2002-06-16,339.0,331.0,347.0,14.9,29.0,6453
2002-06-17,346.0,344.0,347.0,14.3,29.0,6453
2002-06-18,385.0,367.0,403.0,11.8,29.0,6453
2002-06-19,391.0,383.0,398.0,11.4,29.0,6453
2002-06-20,375.0,371.0,379.0,12.9,29.0,6453
2002-06-21,362.0,359.0,364.0,13.2,29.0,6453
2002-06-22,353.0,351.0,354.0,13.4,29.0,6453
2002-06-23,347.0,345.0,348.0,13.9,29.0,6453
2002-06-24,342.0,340.0,343.0,14.9,29.0,6453
2002-06-25,338.0,338.0,338.0,14.9,29.0,6453
2002-06-26,342.0,341.0,343.0,14.6,29.0,6453
2002-06-27,341.0,340.0,341.0,14.1,29.0,6453
2002-06-28,356.0,352.0,360.0,13.75,29.0,6453
2002-06-29,401.0,398.0,403.0,12.3,29.0,6453
2002-06-30,409.0,403.0,414.0,12.55,29.0,6453
2002-07-01,426.0,408.0,443.0,12.75,29.0,6453
2002-07-02,432.0,431.0,432.0,12.55,29.0,6453
2002-07-03,425.0,423.0,426.0,12.4,29.0,6453
2002-07-04,415.0,408.0,422.0,12.3,29.0,6453
2002-07-05,390.0,385.0,395.0,12.9,29.0,6453
2002-07-06,377.0,374.0,379.0,13.5,29.0,6453
2002-07-07,368.0,366.0,369.0,15.3,29.0,6453
2002-07-08,362.0,360.0,363.0,17.0,29.0,6453
2002-07-09,363.0,362.0,364.0,17.0,29.0,6453
2002-07-10,423.0,366.0,480.0,14.65,29.0,6453
2002-07-11,507.0,475.0,538.0,11.0,29.0,6453
2002-07-12,439.0,425.0,453.0,11.1,29.0,6453
2002-07-13,434.0,432.0,435.0,10.7,29.0,6453
2002-07-14,416.0,409.0,423.0,10.6,29.0,6453
2002-07-15,403.0,403.0,403.0,11.2,29.0,6453
2002-07-16,400.0,393.0,406.0,11.5,29.0,6453
2002-07-17,395.0,391.0,399.0,13.2,29.0,6453
2002-07-18,393.0,389.0,396.0,13.2,29.0,6453
2002-07-19,404.0,384.0,424.0,12.6,29.0,6453
2002-07-20,521.0,489.0,552.0,8.2,29.0,6453
2002-07-21,445.0,432.0,457.0,11.7,29.0,6453
2002-07-22,414.0,408.0,419.0,12.5,29.0,6453
2002-07-23,395.0,391.0,398.0,12.3,29.0,6453
2002-07-24,380.0,372.0,388.0,12.0,29.0,6453
2002-07-25,396.0,374.0,418.0,11.65,29.0,6453
2002-07-26,484.0,441.0,503.0,8.6,29.0,6453
2002-07-27,443.0,440.0,445.0,9.8,29.0,6453
2002-07-28,418.0,409.0,427.0,11.15,29.0,6453
2002-07-29,401.0,394.0,408.0,11.25,29.0,6453
2002-07-30,412.0,405.0,418.0,11.3,29.0,6453
2002-07-31,415.0,410.0,420.0,11.4,29.0,6453
2002-08-01,389.0,382.0,396.0,10.9,29.0,6453
2002-08-02,370.0,370.0,370.0,9.9,29.0,6453
2002-08-03,379.0,370.0,388.0,9.6,29.0,6453
2002-08-04,490.0,487.0,493.0,9.8,29.0,6453
2002-08-05,448.0,445.0,450.0,9.5,29.0,6453
2002-08-06,424.0,418.0,429.0,9.3,29.0,6453
2002-08-07,395.0,389.0,401.0,10.15,29.0,6453
2002-08-08,390.0,383.0,396.0,10.65,29.0,6453
2002-08-09,389.0,388.0,390.0,11.9,29.0,6453
2002-08-10,383.0,383.0,383.0,12.75,29.0,6453
2002-08-11,382.0,381.0,383.0,13.35,29.0,6453
2002-08-12,391.0,385.0,397.0,14.3,29.0,6453
2002-08-13,386.0,382.0,390.0,14.05,29.0,6453
2002-08-14,396.0,384.0,408.0,13.15,29.0,6453
2002-08-15,408.0,406.0,410.0,11.8,29.0,6453
2002-08-16,402.0,395.0,408.0,10.9,29.0,6453
2002-08-17,389.0,387.0,390.0,10.5,29.0,6453
2002-08-18,381.0,379.0,383.0,10.3,29.0,6453
2002-08-19,393.0,386.0,399.0,10.05,29.0,6453
2002-08-20,394.0,390.0,397.0,9.7,29.0,6453
2002-08-21,392.0,383.0,400.0,9.3,29.0,6453
2002-08-22,376.0,374.0,378.0,9.8,29.0,6453
2002-08-23,370.0,369.0,371.0,10.1,29.0,6453
2002-08-24,367.0,367.0,367.0,9.4,29.0,6453
2002-08-25,365.0,364.0,365.0,9.5,29.0,6453
2002-08-26,364.0,363.0,364.0,10.2,29.0,6453
2002-08-27,364.0,360.0,368.0,9.75,29.0,6453
2002-08-28,364.0,363.0,365.0,9.65,29.0,6453
2002-08-29,361.0,361.0,361.0,9.1,29.0,6453
2002-08-30,361.0,361.0,361.0,9.6,29.0,6453
2002-08-31,361.0,361.0,361.0,8.2,29.0,6453
2002-09-01,386.0,386.0,386.0,8.85,29.0,6453
2002-09-02,392.0,386.0,398.0,9.4,29.0,6453
2002-09-03,474.0,404.0,561.0,6.8,29.0,6453
2002-09-04,543.0,500.0,564.0,5.95,29.0,6453
2002-09-05,465.0,463.0,467.0,6.7,29.0,6453
2002-09-06,421.0,409.0,433.0,7.15,29.0,6453
2002-09-07,398.0,396.0,400.0,7.7,29.0,6453
2002-09-08,391.0,390.0,392.0,7.75,29.0,6453
2002-09-09,397.0,395.0,398.0,8.5,29.0,6453
2002-09-10,391.0,390.0,391.0,8.05,29.0,6453
2002-09-11,389.0,387.0,390.0,5.5,29.0,6453
2002-09-12,413.0,413.0,413.0,6.7,29.0,6453
2002-09-13,410.0,408.0,411.0,6.7,29.0,6453
2002-09-14,392.0,391.0,392.0,5.95,29.0,6453
2002-09-15,390.0,389.0,390.0,6.4,29.0,6453
2002-09-16,388.0,387.0,388.0,5.5,29.0,6453
2002-09-17,383.0,382.0,384.0,7.7,29.0,6453
2002-09-18,380.0,379.0,380.0,8.85,29.0,6453
2002-09-19,383.0,377.0,389.0,8.7,29.0,6453
2002-09-20,385.0,382.0,387.0,5.5,29.0,6453
2002-09-21,376.0,374.0,378.0,4.85,29.0,6453
2002-09-22,372.0,372.0,372.0,4.4,29.0,6453
2002-09-23,371.0,370.0,372.0,4.5,29.0,6453
2002-09-24,369.0,368.0,369.0,5.2,29.0,6453
2002-09-25,366.0,365.0,367.0,5.6,29.0,6453
2002-09-26,364.0,363.0,364.0,6.8,29.0,6453
2002-09-27,362.0,361.0,362.0,6.1,29.0,6453
2002-09-28,360.0,359.0,360.0,5.5,29.0,6453
2002-09-29,357.0,356.0,358.0,5.5,29.0,6453
2002-09-30,355.0,354.0,355.0,6.0,29.0,6453
2002-10-01,353.0,353.0,353.0,6.15,29.0,6453
2002-10-02,352.0,351.0,353.0,5.5,29.0,6453
2002-10-03,350.0,350.0,350.0,6.4,29.0,6453
2002-10-04,348.0,346.0,349.0,6.45,29.0,6453
2002-10-05,349.0,347.0,351.0,5.5,29.0,6453
2002-10-06,352.0,351.0,352.0,4.2,29.0,6453
2002-10-07,353.0,353.0,353.0,4.35,29.0,6453
2002-10-08,351.0,350.0,351.0,4.3,29.0,6453
2002-10-09,349.0,349.0,349.0,4.25,29.0,6453
2002-10-10,349.0,348.0,349.0,4.0,29.0,6453
2002-10-11,347.0,346.0,347.0,3.4,29.0,6453
2002-10-12,346.0,346.0,346.0,3.0,29.0,6453
2002-10-13,348.0,347.0,348.0,2.85,29.0,6453
2002-10-14,348.0,347.0,348.0,2.5,29.0,6453
2002-10-15,346.0,345.0,346.0,2.35,29.0,6453
2002-10-16,343.0,341.0,344.0,1.9,29.0,6453
2002-10-17,342.0,342.0,342.0,0.1,29.0,6453
2002-10-18,348.0,346.0,350.0,0.05,,6453
2002-10-19,349.0,346.0,351.0,0.15,,6453
2002-10-20,336.0,335.0,336.0,0.05,,6453
2002-10-21,337.0,334.0,340.0,0.0,,6453
2002-10-22,339.0,339.0,339.0,0.0,,6453
2002-10-23,339.0,339.0,339.0,0.15,2.29,6453
2002-10-24,339.0,337.0,341.0,0.9,29.0,6453
2002-10-25,336.0,336.0,336.0,0.6,29.0,6453
2002-10-26,338.0,337.0,338.0,0.15,4.29,6453
2002-10-27,334.0,332.0,336.0,0.05,4.0,6453
2002-10-28,332.0,329.0,335.0,0.0,,6453
2002-10-29,326.0,325.0,326.0,0.0,,6453
2002-10-30,324.0,321.0,327.0,0.0,,6453
2002-10-31,317.0,316.0,317.0,0.0,,6453
2002-11-01,305.0,305.0,305.0,0.0,,6453
2002-11-02,308.0,305.0,310.0,0.0,,6453
2002-11-03,308.0,308.0,308.0,0.0,,6453
2002-11-04,307.0,307.0,307.0,0.0,,6453
2002-11-05,306.0,305.0,306.0,0.0,,6453
2002-11-06,305.0,304.0,306.0,0.0,,6453
2002-11-07,302.0,301.0,302.0,0.0,,6453
2002-11-08,300.0,300.0,300.0,0.0,,6453
2002-11-09,305.0,305.0,305.0,0.0,,6453
2002-11-10,305.0,305.0,305.0,0.0,,6453
2002-11-11,302.0,302.0,302.0,0.0,15.0,6453
2002-11-12,303.0,300.0,306.0,0.0,15.0,6453
2002-11-13,312.0,303.0,320.0,0.0,15.0,6453
2002-11-14,329.0,329.0,329.0,0.0,15.0,6453
2002-11-15,329.0,329.0,329.0,0.0,15.0,6453
2002-11-16,330.0,329.0,330.0,0.0,15.0,6453
2002-11-17,329.0,329.0,329.0,0.0,15.0,6453
2002-11-18,330.0,329.0,330.0,0.0,15.0,6453
2002-11-19,331.0,329.0,332.0,0.0,15.0,6453
2002-11-20,332.0,332.0,332.0,0.0,16.0,6453
2002-11-21,330.0,330.0,330.0,0.0,16.0,6453
2002-11-22,331.0,330.0,331.0,0.0,16.0,6453
2002-11-23,331.0,330.0,332.0,0.0,16.0,6453
2002-11-24,329.0,329.0,329.0,0.0,16.0,6453
2002-11-25,328.0,328.0,328.0,0.0,16.0,6453
2002-11-26,327.0,327.0,327.0,0.0,16.0,6453
2002-11-27,327.0,326.0,327.0,0.0,16.0,6453
2002-11-28,326.0,325.0,327.0,0.0,16.0,6453
2002-11-29,327.0,327.0,327.0,0.0,16.0,6453
2002-11-30,327.0,326.0,327.0,0.0,16.0,6453
2002-12-01,326.0,326.0,326.0,,16.0,6453
2002-12-02,326.0,326.0,326.0,,16.0,6453
2002-12-03,324.0,324.0,324.0,,16.0,6453
2002-12-04,323.0,323.0,323.0,,16.0,6453
2002-12-05,321.0,321.0,321.0,,16.0,6453
2002-12-06,323.0,323.0,323.0,,16.0,6453
2002-12-07,325.0,325.0,325.0,,16.0,6453
2002-12-08,327.0,327.0,327.0,,16.0,6453
2002-12-09,328.0,328.0,328.0,,16.0,6453
2002-12-10,330.0,330.0,330.0,,16.0,6453
2002-12-11,332.0,332.0,332.0,,16.0,6453
2002-12-12,332.0,332.0,332.0,,16.0,6453
2002-12-13,331.0,331.0,331.0,,16.0,6453
2002-12-14,329.0,329.0,329.0,,16.0,6453
2002-12-15,329.0,329.0,329.0,,16.0,6453
2002-12-16,330.0,330.0,330.0,,16.0,6453
2002-12-17,330.0,330.0,330.0,,16.0,6453
2002-12-18,329.0,329.0,329.0,,16.0,6453
2002-12-19,329.0,329.0,329.0,,16.0,6453
2002-12-20,329.0,329.0,329.0,,16.0,6453
2002-12-21,329.0,329.0,329.0,,16.0,6453
2002-12-22,328.0,328.0,328.0,,16.0,6453
2002-12-23,328.0,328.0,328.0,,16.0,6453
2002-12-24,329.0,329.0,329.0,,16.0,6453
2002-12-25,328.0,328.0,328.0,,16.0,6453
2002-12-26,328.0,328.0,328.0,,16.0,6453
2002-12-27,328.0,328.0,328.0,,16.0,6453
2002-12-28,328.0,328.0,328.0,,16.0,6453
2002-12-29,327.0,327.0,327.0,,16.0,6453
2002-12-30,327.0,327.0,327.0,,16.0,6453
2002-12-31,327.0,327.0,327.0,,16.0,6453
2003-01-01,327.0,327.0,327.0,,16.0,6453
2003-01-02,327.0,327.0,327.0,,16.0,6453
2003-01-03,326.0,326.0,326.0,,16.0,6453
2003-01-04,326.0,326.0,326.0,,16.0,6453
2003-01-05,326.0,326.0,326.0,,16.0,6453
2003-01-06,326.0,326.0,326.0,,16.0,6453
2003-01-07,326.0,326.0,326.0,,17.0,6453
2003-01-08,326.0,326.0,326.0,,18.0,6453
2003-01-09,325.0,325.0,325.0,,18.0,6453
2003-01-10,325.0,325.0,325.0,,18.0,6453
2003-01-11,325.0,325.0,325.0,,18.0,6453
2003-01-12,325.0,325.0,325.0,,18.0,6453
2003-01-13,324.0,324.0,324.0,,18.0,6453
2003-01-14,324.0,324.0,324.0,,18.0,6453
2003-01-15,324.0,324.0,324.0,,18.0,6453
2003-01-16,324.0,324.0,324.0,,18.0,6453
2003-01-17,323.0,323.0,323.0,,18.0,6453
2003-01-18,323.0,323.0,323.0,,18.0,6453
2003-01-19,322.0,322.0,322.0,,18.0,6453
2003-01-20,322.0,322.0,322.0,,18.0,6453
2003-01-21,322.0,322.0,322.0,,18.0,6453
2003-01-22,322.0,322.0,322.0,,18.0,6453
2003-01-23,321.0,321.0,321.0,,18.0,6453
2003-01-24,321.0,321.0,321.0,,18.0,6453
2003-01-25,321.0,321.0,321.0,,18.0,6453
2003-01-26,320.0,320.0,320.0,,18.0,6453
2003-01-27,320.0,320.0,320.0,,18.0,6453
2003-01-28,319.0,319.0,319.0,,18.0,6453
2003-01-29,319.0,319.0,319.0,,18.0,6453
2003-01-30,318.0,318.0,318.0,,18.0,6453
2003-01-31,319.0,319.0,319.0,,18.0,6453
2003-02-01,318.0,318.0,318.0,,18.0,6453
2003-02-02,318.0,318.0,318.0,,18.0,6453
2003-02-03,317.0,317.0,317.0,,18.0,6453
2003-02-04,317.0,317.0,317.0,,18.0,6453
2003-02-05,317.0,317.0,317.0,,18.0,6453
2003-02-06,310.0,310.0,310.0,,18.0,6453
2003-02-07,302.0,302.0,302.0,,18.0,6453
2003-02-08,293.0,293.0,293.0,,18.0,6453
2003-02-09,282.0,282.0,282.0,,18.0,6453
2003-02-10,270.0,270.0,270.0,,18.0,6453
2003-02-11,265.0,265.0,265.0,,18.0,6453
2003-02-12,269.0,269.0,269.0,,18.0,6453
2003-02-13,273.0,273.0,273.0,,18.0,6453
2003-02-14,277.0,277.0,277.0,,18.0,6453
2003-02-15,281.0,281.0,281.0,,18.0,6453
2003-02-16,285.0,285.0,285.0,,18.0,6453
2003-02-17,289.0,289.0,289.0,,18.0,6453
2003-02-18,293.0,293.0,293.0,,18.0,6453
2003-02-19,297.0,297.0,297.0,,18.0,6453
2003-02-20,301.0,301.0,301.0,,18.0,6453
2003-02-21,305.0,305.0,305.0,,18.0,6453
2003-02-22,309.0,309.0,309.0,,18.0,6453
2003-02-23,313.0,313.0,313.0,,18.0,6453
2003-02-24,317.0,317.0,317.0,,18.0,6453
2003-02-25,321.0,321.0,321.0,,18.0,6453
2003-02-26,325.0,325.0,325.0,,18.0,6453
2003-02-27,325.0,325.0,325.0,,18.0,6453
2003-02-28,325.0,325.0,325.0,,18.0,6453
2003-03-01,325.0,325.0,325.0,,18.0,6453
2003-03-02,325.0,325.0,325.0,,18.0,6453
2003-03-03,325.0,325.0,325.0,,18.0,6453
2003-03-04,325.0,325.0,325.0,,18.0,6453
2003-03-05,325.0,325.0,325.0,,18.0,6453
2003-03-06,325.0,325.0,325.0,,18.0,6453
2003-03-07,324.0,324.0,324.0,,18.0,6453
2003-03-08,324.0,324.0,324.0,,18.0,6453
2003-03-09,324.0,324.0,324.0,,18.0,6453
2003-03-10,324.0,324.0,324.0,,18.0,6453
2003-03-11,295.0,295.0,295.0,,18.5,6453
2003-03-12,295.0,295.0,295.0,,18.5,6453
2003-03-13,295.0,295.0,295.0,,18.5,6453
2003-03-14,296.0,296.0,296.0,,18.5,6453
2003-03-15,296.0,296.0,296.0,,18.5,6453
2003-03-16,294.0,294.0,294.0,,18.5,6453
2003-03-17,294.0,294.0,294.0,,18.5,6453
2003-03-18,294.0,294.0,294.0,,18.5,6453
2003-03-19,295.0,295.0,295.0,,18.5,6453
2003-03-20,292.0,292.0,292.0,,18.5,6453
2003-03-21,292.0,292.0,292.0,,18.5,6453
2003-03-22,291.0,291.0,291.0,,18.5,6453
2003-03-23,291.0,291.0,291.0,,18.5,6453
2003-03-24,290.0,290.0,290.0,,18.5,6453
2003-03-25,290.0,290.0,290.0,,18.5,6453
2003-03-26,289.0,289.0,289.0,,18.5,6453
2003-03-27,289.0,289.0,289.0,,18.5,6453
2003-03-28,289.0,289.0,289.0,,18.5,6453
2003-03-29,288.0,288.0,288.0,,18.5,6453
2003-03-30,288.0,288.0,288.0,,18.5,6453
2003-03-31,288.0,288.0,288.0,,18.5,6453
2003-04-01,287.0,287.0,287.0,,18.5,6453
2003-04-02,290.0,287.0,292.0,,18.5,6453
2003-04-03,297.0,294.0,299.0,,18.5,6453
2003-04-04,317.0,298.0,336.0,,,6453
2003-04-05,342.0,339.0,345.0,,24.0,6453
2003-04-06,334.0,332.0,336.0,,24.0,6453
2003-04-07,329.0,327.0,330.0,,24.0,6453
2003-04-08,323.0,322.0,323.0,,16.0,6453
2003-04-09,317.0,314.0,320.0,,16.0,6453
2003-04-10,311.0,311.0,311.0,,16.0,6453
2003-04-11,315.0,310.0,320.0,,16.0,6453
2003-04-12,322.0,320.0,324.0,,16.0,6453
2003-04-13,317.0,314.0,320.0,,15.0,6453
2003-04-14,317.0,313.0,320.0,,15.0,6453
2003-04-15,321.0,321.0,321.0,,15.0,6453
2003-04-16,322.0,321.0,322.0,,15.0,6453
2003-04-17,327.0,324.0,330.0,,15.0,6453
2003-04-18,328.0,324.0,331.0,,15.0,6453
2003-04-19,324.0,324.0,324.0,,15.0,6453
2003-04-20,321.0,317.0,324.0,,15.0,6453
2003-04-21,314.0,312.0,316.0,0.0,15.0,6453
2003-04-22,318.0,316.0,320.0,0.0,15.0,6453
2003-04-23,314.0,313.0,314.0,0.0,15.0,6453
2003-04-24,313.0,311.0,315.0,0.0,15.0,6453
2003-04-25,322.0,313.0,330.0,0.0,23.15,6453
2003-04-26,341.0,340.0,342.0,0.0,26.25,6453
2003-04-27,324.0,300.0,347.0,0.0,26.25,6453
2003-04-28,311.0,307.0,315.0,0.0,8.27,6453
2003-04-29,314.0,313.0,315.0,0.0,8.27,6453
2003-04-30,305.0,298.0,311.0,0.0,8.27,6453
2003-05-01,288.0,280.0,295.0,0.35,8.27,6453
2003-05-02,282.0,276.0,287.0,0.9,8.27,6453
2003-05-03,289.0,287.0,290.0,0.6,8.27,6453
2003-05-04,289.0,288.0,290.0,0.7,8.27,6453
2003-05-05,287.0,286.0,287.0,0.9,2.27,6453
2003-05-06,286.0,285.0,286.0,0.4,27.0,6453
2003-05-07,283.0,282.0,284.0,0.5,27.0,6453
2003-05-08,279.0,277.0,281.0,0.65,2.27,6453
2003-05-09,281.0,275.0,286.0,0.8,27.0,6453
2003-05-10,280.0,277.0,282.0,0.85,9.27,6453
2003-05-11,285.0,283.0,287.0,0.7,29.27,6453
2003-05-12,287.0,283.0,290.0,1.0,29.0,6453
2003-05-13,287.0,283.0,291.0,1.4,29.0,6453
2003-05-14,302.0,300.0,304.0,3.3,29.0,6453
2003-05-15,301.0,296.0,306.0,3.4,29.0,6453
2003-05-16,318.0,310.0,326.0,2.35,29.0,6453
2003-05-17,332.0,324.0,340.0,2.85,29.0,6453
2003-05-18,361.0,357.0,364.0,2.6,29.0,6453
2003-05-19,368.0,364.0,371.0,2.45,29.0,6453
2003-05-20,363.0,360.0,366.0,3.25,29.0,6453
2003-05-21,367.0,366.0,368.0,3.6,29.0,6453
2003-05-22,369.0,364.0,373.0,5.25,29.0,6453
2003-05-23,373.0,367.0,378.0,5.8,29.0,6453
2003-05-24,399.0,389.0,408.0,4.9,29.0,6453
2003-05-25,405.0,401.0,409.0,4.15,29.0,6453
2003-05-26,415.0,413.0,416.0,4.35,29.0,6453
2003-05-27,423.0,410.0,436.0,4.65,29.0,6453
2003-05-28,410.0,390.0,430.0,4.6,29.0,6453
2003-05-29,506.0,393.0,660.0,4.4,29.0,6453
2003-05-30,722.0,692.0,755.0,3.4,29.0,6453
2003-05-31,520.0,426.0,613.0,2.4,29.0,6453
2003-06-01,439.0,426.0,451.0,3.85,29.0,6453
2003-06-02,410.0,405.0,415.0,5.8,29.0,6453
2003-06-03,394.0,388.0,400.0,5.7,29.0,6453
2003-06-04,380.0,376.0,384.0,4.8,29.0,6453
2003-06-05,367.0,364.0,370.0,6.75,29.0,6453
2003-06-06,355.0,350.0,359.0,6.75,29.0,6453
2003-06-07,349.0,348.0,350.0,6.9,29.0,6453
2003-06-08,361.0,360.0,361.0,6.8,29.0,6453
2003-06-09,390.0,374.0,405.0,6.35,29.0,6453
2003-06-10,401.0,393.0,408.0,7.2,29.0,6453
2003-06-11,381.0,362.0,400.0,7.75,29.0,6453
2003-06-12,371.0,371.0,371.0,8.2,29.0,6453
2003-06-13,418.0,376.0,460.0,8.6,29.0,6453
2003-06-14,397.0,393.0,400.0,8.65,29.0,6453
2003-06-15,382.0,378.0,386.0,8.5,29.0,6453
2003-06-16,372.0,370.0,374.0,9.5,29.0,6453
2003-06-17,368.0,367.0,368.0,11.7,29.0,6453
2003-06-18,366.0,364.0,368.0,13.95,29.0,6453
2003-06-19,365.0,364.0,366.0,15.3,29.0,6453
2003-06-20,360.0,360.0,360.0,15.45,29.0,6453
2003-06-21,437.0,429.0,444.0,11.3,29.0,6453
2003-06-22,414.0,404.0,424.0,12.05,29.0,6453
2003-06-23,408.0,392.0,423.0,12.6,29.0,6453
2003-06-24,444.0,439.0,449.0,10.65,29.0,6453
2003-06-25,469.0,460.0,477.0,8.5,29.0,6453
2003-06-26,466.0,447.0,484.0,9.2,29.0,6453
2003-06-27,415.0,400.0,430.0,9.8,29.0,6453
2003-06-28,405.0,399.0,411.0,10.8,29.0,6453
2003-06-29,391.0,388.0,394.0,12.95,29.0,6453
2003-06-30,381.0,380.0,381.0,13.15,29.0,6453
2003-07-01,384.0,382.0,386.0,13.2,29.0,6453
2003-07-02,384.0,380.0,388.0,12.9,29.0,6453
2003-07-03,403.0,386.0,420.0,12.55,29.0,6453
2003-07-04,516.0,502.0,529.0,11.9,29.0,6453
2003-07-05,459.0,452.0,466.0,9.9,29.0,6453
2003-07-06,444.0,434.0,453.0,10.3,29.0,6453
2003-07-07,504.0,474.0,523.0,7.25,29.0,6453
2003-07-08,490.0,484.0,496.0,7.85,29.0,6453
2003-07-09,501.0,477.0,524.0,8.0,29.0,6453
2003-07-10,533.0,523.0,543.0,7.2,29.0,6453
2003-07-11,533.0,519.0,546.0,7.9,29.0,6453
2003-07-12,579.0,568.0,590.0,8.5,29.0,6453
2003-07-13,494.0,477.0,510.0,8.75,29.0,6453
2003-07-14,447.0,435.0,459.0,8.95,29.0,6453
2003-07-15,419.0,419.0,419.0,10.95,29.0,6453
2003-07-16,408.0,405.0,411.0,12.5,29.0,6453
2003-07-17,396.0,392.0,400.0,13.0,29.0,6453
2003-07-18,392.0,391.0,392.0,13.4,29.0,6453
2003-07-19,389.0,388.0,390.0,13.7,29.0,6453
2003-07-20,386.0,384.0,388.0,12.9,29.0,6453
2003-07-21,379.0,377.0,380.0,13.15,29.0,6453
2003-07-22,375.0,374.0,375.0,13.5,29.0,6453
2003-07-23,401.0,372.0,430.0,14.0,29.0,6453
2003-07-24,440.0,432.0,447.0,14.45,29.0,6453
2003-07-25,408.0,388.0,427.0,14.7,29.0,6453
2003-07-26,380.0,379.0,380.0,15.3,29.0,6453
2003-07-27,379.0,378.0,379.0,15.7,29.0,6453
2003-07-28,373.0,372.0,374.0,16.05,29.0,6453
2003-07-29,369.0,367.0,370.0,15.85,29.0,6453
2003-07-30,365.0,364.0,365.0,15.45,29.0,6453
2003-07-31,363.0,362.0,363.0,15.0,29.0,6453
2003-08-01,360.0,360.0,360.0,14.85,29.0,6453
2003-08-02,360.0,359.0,360.0,14.9,29.0,6453
2003-08-03,360.0,359.0,361.0,15.15,29.0,6453
2003-08-04,363.0,363.0,363.0,15.25,29.0,6453
2003-08-05,362.0,362.0,362.0,15.45,29.0,6453
2003-08-06,367.0,361.0,372.0,15.7,29.0,6453
2003-08-07,373.0,373.0,373.0,15.55,29.0,6453
2003-08-08,368.0,368.0,368.0,15.15,29.0,6453
2003-08-09,373.0,368.0,377.0,14.5,29.0,6453
2003-08-10,414.0,373.0,455.0,10.3,29.0,6453
2003-08-11,455.0,440.0,465.0,10.5,29.0,6453
2003-08-12,428.0,424.0,432.0,11.5,29.0,6453
2003-08-13,409.0,405.0,413.0,11.65,29.0,6453
2003-08-14,400.0,399.0,400.0,11.95,29.0,6453
2003-08-15,399.0,397.0,400.0,13.65,29.0,6453
2003-08-16,403.0,401.0,404.0,14.05,29.0,6453
2003-08-17,400.0,399.0,401.0,13.95,29.0,6453
2003-08-18,395.0,392.0,398.0,14.7,29.0,6453
2003-08-19,397.0,390.0,404.0,14.25,29.0,6453
2003-08-20,550.0,458.0,575.0,10.6,29.0,6453
2003-08-21,545.0,535.0,555.0,8.8,29.0,6453
2003-08-22,500.0,492.0,507.0,8.4,29.0,6453
2003-08-23,442.0,434.0,449.0,9.3,29.0,6453
2003-08-24,416.0,416.0,416.0,10.7,29.0,6453
2003-08-25,410.0,409.0,410.0,10.9,29.0,6453
2003-08-26,416.0,408.0,423.0,10.15,29.0,6453
2003-08-27,417.0,397.0,437.0,9.0,29.0,6453
2003-08-28,448.0,413.0,483.0,8.75,29.0,6453
2003-08-29,464.0,454.0,474.0,8.65,29.0,6453
2003-08-30,440.0,433.0,447.0,8.5,29.0,6453
2003-08-31,423.0,422.0,423.0,8.45,29.0,6453
2003-09-01,416.0,412.0,420.0,7.9,29.0,6453
2003-09-02,407.0,405.0,409.0,7.8,29.0,6453
2003-09-03,418.0,402.0,434.0,7.65,29.0,6453
2003-09-04,451.0,449.0,453.0,7.65,29.0,6453
2003-09-05,434.0,432.0,435.0,8.75,29.0,6453
2003-09-06,403.0,398.0,408.0,9.5,29.0,6453
2003-09-07,391.0,390.0,392.0,9.35,29.0,6453
2003-09-08,392.0,388.0,395.0,9.3,29.0,6453
2003-09-09,393.0,393.0,393.0,9.35,29.0,6453
2003-09-10,390.0,389.0,391.0,9.65,29.0,6453
2003-09-11,410.0,398.0,422.0,7.05,29.0,6453
2003-09-12,433.0,431.0,434.0,5.6,29.0,6453
2003-09-13,438.0,429.0,446.0,4.0,29.0,6453
2003-09-14,546.0,470.0,580.0,3.8,29.0,6453
2003-09-15,487.0,439.0,535.0,4.8,29.0,6453
2003-09-16,460.0,450.0,469.0,4.55,29.0,6453
2003-09-17,526.0,474.0,544.0,4.8,29.0,6453
2003-09-18,515.0,508.0,522.0,4.6,29.0,6453
2003-09-19,477.0,473.0,481.0,5.2,29.0,6453
2003-09-20,459.0,451.0,466.0,4.75,29.0,6453
2003-09-21,453.0,439.0,466.0,5.5,29.0,6453
2003-09-22,430.0,428.0,432.0,5.2,29.0,6453
2003-09-23,421.0,420.0,421.0,4.9,29.0,6453
2003-09-24,427.0,426.0,427.0,5.4,29.0,6453
2003-09-25,446.0,421.0,471.0,5.7,29.0,6453
2003-09-26,509.0,492.0,525.0,5.15,29.0,6453
2003-09-27,539.0,534.0,543.0,5.05,29.0,6453
2003-09-28,494.0,485.0,502.0,4.75,29.0,6453
2003-09-29,449.0,435.0,463.0,4.5,29.0,6453
2003-09-30,413.0,413.0,413.0,4.15,29.0,6453
2003-10-01,413.0,412.0,413.0,4.35,29.0,6453
2003-10-02,409.0,407.0,410.0,3.95,29.0,6453
2003-10-03,405.0,400.0,409.0,3.85,29.0,6453
2003-10-04,403.0,401.0,404.0,4.05,29.0,6453
2003-10-05,398.0,397.0,399.0,4.0,29.0,6453
2003-10-06,393.0,391.0,394.0,4.25,29.0,6453
2003-10-07,390.0,389.0,390.0,3.7,29.0,6453
2003-10-08,387.0,384.0,389.0,3.5,29.0,6453
2003-10-09,383.0,381.0,385.0,3.5,29.0,6453
2003-10-10,381.0,380.0,381.0,2.4,29.0,6453
2003-10-11,380.0,379.0,380.0,3.05,29.0,6453
2003-10-12,377.0,375.0,378.0,3.05,29.0,6453
2003-10-13,373.0,372.0,374.0,2.85,29.0,6453
2003-10-14,370.0,369.0,371.0,1.5,29.0,6453
2003-10-15,368.0,367.0,368.0,1.8,29.0,6453
2003-10-16,366.0,365.0,366.0,1.9,29.0,6453
2003-10-17,364.0,363.0,364.0,1.7,29.0,6453
2003-10-18,362.0,361.0,362.0,1.9,29.0,6453
2003-10-19,359.0,358.0,360.0,0.9,29.0,6453
2003-10-20,355.0,353.0,356.0,0.5,29.0,6453
2003-10-21,353.0,351.0,354.0,0.1,,6453
2003-10-22,351.0,351.0,351.0,0.7,,6453
2003-10-23,351.0,351.0,351.0,0.65,29.0,6453
2003-10-24,350.0,350.0,350.0,0.4,29.0,6453
2003-10-25,349.0,349.0,349.0,0.5,29.0,6453
2003-10-26,346.0,344.0,347.0,0.4,4.0,6453
2003-10-27,339.0,336.0,342.0,0.2,,6453
2003-10-28,336.0,336.0,336.0,0.4,2.0,6453
2003-10-29,344.0,343.0,344.0,0.2,,6453
2003-10-30,342.0,341.0,342.0,0.2,,6453
2003-10-31,336.0,333.0,338.0,0.2,,6453
2003-11-01,334.0,333.0,334.0,0.05,,6453
2003-11-02,337.0,336.0,337.0,0.1,,6453
2003-11-03,334.0,333.0,334.0,0.05,4.15,6453
2003-11-04,330.0,329.0,331.0,0.05,5.15,6453
2003-11-05,324.0,322.0,326.0,0.1,5.15,6453
2003-11-06,321.0,320.0,322.0,0.1,5.15,6453
2003-11-07,326.0,325.0,326.0,0.05,5.15,6453
2003-11-08,331.0,329.0,332.0,0.0,5.15,6453
2003-11-09,339.0,336.0,342.0,0.0,5.15,6453
2003-11-10,359.0,357.0,360.0,0.0,5.15,6453
2003-11-11,362.0,361.0,363.0,0.0,5.15,6453
2003-11-12,363.0,362.0,364.0,0.0,5.15,6453
2003-11-13,369.0,368.0,369.0,0.0,5.15,6453
2003-11-14,369.0,367.0,371.0,0.0,5.15,6453
2003-11-15,370.0,368.0,372.0,0.0,5.15,6453
2003-11-16,375.0,374.0,375.0,0.0,4.15,6453
2003-11-17,378.0,375.0,381.0,0.0,5.15,6453
2003-11-18,388.0,386.0,389.0,0.0,16.0,6453
2003-11-19,382.0,381.0,383.0,0.0,16.0,6453
2003-11-20,380.0,380.0,380.0,0.0,16.0,6453
2003-11-21,380.0,380.0,380.0,0.0,16.0,6453
2003-11-22,378.0,378.0,378.0,0.0,16.0,6453
2003-11-23,377.0,377.0,377.0,0.0,16.0,6453
2003-11-24,377.0,376.0,377.0,0.0,16.0,6453
2003-11-25,375.0,375.0,375.0,0.0,16.0,6453
2003-11-26,374.0,373.0,374.0,0.0,16.0,6453
2003-11-27,372.0,372.0,372.0,0.0,16.0,6453
2003-11-28,372.0,370.0,374.0,0.0,16.0,6453
2003-11-29,377.0,376.0,377.0,0.0,16.0,6453
2003-11-30,377.0,376.0,377.0,0.0,16.0,6453
2003-12-01,375.0,375.0,375.0,,16.0,6453
2003-12-02,374.0,374.0,374.0,,16.0,6453
2003-12-03,373.0,373.0,373.0,,16.0,6453
2003-12-04,371.0,371.0,371.0,,16.0,6453
2003-12-05,371.0,371.0,371.0,,16.0,6453
2003-12-06,370.0,370.0,370.0,,16.0,6453
2003-12-07,370.0,370.0,370.0,,16.0,6453
2003-12-08,372.0,372.0,372.0,,16.0,6453
2003-12-09,369.0,369.0,369.0,,16.0,6453
2003-12-10,367.0,367.0,367.0,,16.0,6453
2003-12-11,365.0,365.0,365.0,,16.0,6453
2003-12-12,364.0,364.0,364.0,,16.0,6453
2003-12-13,362.0,362.0,362.0,,16.0,6453
2003-12-14,360.0,360.0,360.0,,16.0,6453
2003-12-15,360.0,360.0,360.0,,16.0,6453
2003-12-16,359.0,359.0,359.0,,16.0,6453
2003-12-17,357.0,357.0,357.0,,16.0,6453
2003-12-18,357.0,357.0,357.0,,16.0,6453
2003-12-19,356.0,356.0,356.0,,16.0,6453
2003-12-20,356.0,356.0,356.0,,16.0,6453
2003-12-21,356.0,356.0,356.0,,16.0,6453
2003-12-22,356.0,356.0,356.0,,16.0,6453
2003-12-23,356.0,356.0,356.0,,16.0,6453
2003-12-24,356.0,356.0,356.0,,16.0,6453
2003-12-25,356.0,356.0,356.0,,16.0,6453
2003-12-26,356.0,356.0,356.0,,16.0,6453
2003-12-27,355.0,355.0,355.0,,16.0,6453
2003-12-28,355.0,355.0,355.0,,16.0,6453
2003-12-29,355.0,355.0,355.0,,16.0,6453
2003-12-30,355.0,355.0,355.0,,16.0,6453
2003-12-31,354.0,354.0,354.0,,16.0,6453
2004-01-01,354.0,354.0,354.0,,16.0,6453
2004-01-02,353.0,353.0,353.0,,16.0,6453
2004-01-03,353.0,353.0,353.0,,16.0,6453
2004-01-04,352.0,352.0,352.0,,16.0,6453
2004-01-05,351.0,351.0,351.0,,16.0,6453
2004-01-06,351.0,351.0,351.0,,16.0,6453
2004-01-07,350.0,350.0,350.0,,16.0,6453
2004-01-08,349.0,349.0,349.0,,16.0,6453
2004-01-09,349.0,349.0,349.0,,16.0,6453
2004-01-10,348.0,348.0,348.0,,16.0,6453
2004-01-11,347.0,347.0,347.0,,16.0,6453
2004-01-12,347.0,347.0,347.0,,16.0,6453
2004-01-13,347.0,347.0,347.0,,16.0,6453
2004-01-14,345.0,345.0,345.0,,16.0,6453
2004-01-15,344.0,344.0,344.0,,16.0,6453
2004-01-16,344.0,344.0,344.0,,16.0,6453
2004-01-17,343.0,343.0,343.0,,16.0,6453
2004-01-18,343.0,343.0,343.0,,16.0,6453
2004-01-19,342.0,342.0,342.0,,16.0,6453
2004-01-20,342.0,342.0,342.0,,16.0,6453
2004-01-21,342.0,342.0,342.0,,16.0,6453
2004-01-22,342.0,342.0,342.0,,16.0,6453
2004-01-23,342.0,342.0,342.0,,16.0,6453
2004-01-24,342.0,342.0,342.0,,16.0,6453
2004-01-25,342.0,342.0,342.0,,16.0,6453
2004-01-26,345.0,345.0,345.0,,16.0,6453
2004-01-27,347.0,347.0,347.0,,16.0,6453
2004-01-28,348.0,348.0,348.0,,16.0,6453
2004-01-29,349.0,349.0,349.0,,16.0,6453
2004-01-30,352.0,352.0,352.0,,16.0,6453
2004-01-31,353.0,353.0,353.0,,16.0,6453
2004-02-01,355.0,355.0,355.0,,16.0,6453
2004-02-02,355.0,355.0,355.0,,16.0,6453
2004-02-03,356.0,356.0,356.0,,16.0,6453
2004-02-04,357.0,357.0,357.0,,16.0,6453
2004-02-05,357.0,357.0,357.0,,16.0,6453
2004-02-06,357.0,357.0,357.0,,16.0,6453
2004-02-07,357.0,357.0,357.0,,16.0,6453
2004-02-08,357.0,357.0,357.0,,16.0,6453
2004-02-09,356.0,356.0,356.0,,16.0,6453
2004-02-10,356.0,356.0,356.0,,16.0,6453
2004-02-11,356.0,356.0,356.0,,16.0,6453
2004-02-12,355.0,355.0,355.0,,16.0,6453
2004-02-13,355.0,355.0,355.0,,16.0,6453
2004-02-14,355.0,355.0,355.0,,16.0,6453
2004-02-15,355.0,355.0,355.0,,16.0,6453
2004-02-16,356.0,356.0,356.0,,16.0,6453
2004-02-17,358.0,358.0,358.0,,16.0,6453
2004-02-18,358.0,358.0,358.0,,16.0,6453
2004-02-19,359.0,359.0,359.0,,16.0,6453
2004-02-20,359.0,359.0,359.0,,16.0,6453
2004-02-21,359.0,359.0,359.0,,16.0,6453
2004-02-22,360.0,360.0,360.0,,16.0,6453
2004-02-23,360.0,360.0,360.0,,16.0,6453
2004-02-24,360.0,360.0,360.0,,16.0,6453
2004-02-25,361.0,361.0,361.0,,16.0,6453
2004-02-26,360.0,360.0,360.0,,16.0,6453
2004-02-27,358.0,358.0,358.0,,16.0,6453
2004-02-28,357.0,357.0,357.0,,16.0,6453
2004-02-29,355.0,355.0,355.0,,16.0,6453
2004-03-01,353.0,353.0,353.0,,16.0,6453
2004-03-02,353.0,353.0,353.0,,16.0,6453
2004-03-03,352.0,352.0,352.0,,16.0,6453
2004-03-04,350.0,350.0,350.0,,16.0,6453
2004-03-05,350.0,350.0,350.0,,16.0,6453
2004-03-06,347.0,347.0,347.0,,16.0,6453
2004-03-07,345.0,345.0,345.0,,16.0,6453
2004-03-08,345.0,345.0,345.0,,16.0,6453
2004-03-09,344.0,344.0,344.0,,16.0,6453
2004-03-10,343.0,343.0,343.0,,16.0,6453
2004-03-11,343.0,343.0,343.0,,16.0,6453
2004-03-12,345.0,345.0,345.0,,16.0,6453
2004-03-13,345.0,345.0,345.0,,16.0,6453
2004-03-14,346.0,346.0,346.0,,16.0,6453
2004-03-15,347.0,347.0,347.0,,16.0,6453
2004-03-16,349.0,349.0,349.0,,16.0,6453
2004-03-17,352.0,352.0,352.0,,16.0,6453
2004-03-18,353.0,353.0,353.0,,16.0,6453
2004-03-19,355.0,355.0,355.0,,16.0,6453
2004-03-20,357.0,357.0,357.0,,16.0,6453
2004-03-21,357.0,357.0,357.0,,16.0,6453
2004-03-22,356.0,356.0,356.0,,16.0,6453
2004-03-23,356.0,356.0,356.0,,16.0,6453
2004-03-24,358.0,358.0,358.0,,16.0,6453
2004-03-25,359.0,359.0,359.0,,16.0,6453
2004-03-26,361.0,361.0,361.0,,16.0,6453
2004-03-27,362.0,362.0,362.0,,16.0,6453
2004-03-28,362.0,362.0,362.0,,16.0,6453
2004-03-29,363.0,363.0,363.0,,16.0,6453
2004-03-30,368.0,368.0,368.0,,16.0,6453
2004-03-31,372.0,372.0,372.0,,16.0,6453
2004-04-01,373.0,372.0,373.0,,16.0,6453
2004-04-02,373.0,373.0,373.0,,16.0,6453
2004-04-03,373.0,372.0,374.0,,16.0,6453
2004-04-04,373.0,372.0,373.0,,16.0,6453
2004-04-05,370.0,369.0,370.0,,16.0,6453
2004-04-06,368.0,368.0,368.0,,16.0,6453
2004-04-07,369.0,367.0,371.0,,16.0,6453
2004-04-08,369.0,369.0,369.0,,16.0,6453
2004-04-09,369.0,368.0,370.0,,16.0,6453
2004-04-10,369.0,368.0,369.0,,16.0,6453
2004-04-11,367.0,367.0,367.0,,16.0,6453
2004-04-12,367.0,365.0,368.0,,16.0,6453
2004-04-13,366.0,366.0,366.0,,16.0,6453
2004-04-14,370.0,369.0,370.0,,16.0,6453
2004-04-15,369.0,368.0,370.0,,16.0,6453
2004-04-16,370.0,368.0,371.0,,16.0,6453
2004-04-17,367.0,366.0,367.0,,16.0,6453
2004-04-18,369.0,368.0,370.0,,16.0,6453
2004-04-19,372.0,371.0,373.0,,16.0,6453
2004-04-20,372.0,371.0,373.0,,16.0,6453
2004-04-21,372.0,371.0,373.0,0.0,16.0,6453
2004-04-22,373.0,372.0,374.0,0.0,16.0,6453
2004-04-23,373.0,372.0,374.0,0.0,16.0,6453
2004-04-24,372.0,370.0,373.0,0.0,16.0,6453
2004-04-25,370.0,369.0,371.0,0.0,15.0,6453
2004-04-26,371.0,370.0,371.0,0.0,15.0,6453
2004-04-27,371.0,369.0,372.0,0.0,15.0,6453
2004-04-28,373.0,372.0,374.0,0.0,15.0,6453
2004-04-29,375.0,375.0,375.0,0.0,15.0,6453
2004-04-30,378.0,375.0,380.0,0.0,15.0,6453
2004-05-01,358.0,357.0,359.0,0.1,15.0,6453
2004-05-02,380.0,377.0,382.0,0.1,,6453
2004-05-03,380.0,380.0,380.0,0.05,26.25,6453
2004-05-04,380.0,378.0,382.0,0.15,26.25,6453
2004-05-05,380.0,380.0,380.0,0.2,26.0,6453
2004-05-06,379.0,378.0,380.0,0.1,,6453
2004-05-07,355.0,334.0,376.0,0.3,,6453
2004-05-08,330.0,328.0,332.0,0.55,,6453
2004-05-09,331.0,322.0,340.0,0.8,9.27,6453
2004-05-10,365.0,359.0,371.0,0.9,8.27,6453
2004-05-11,456.0,396.0,523.0,1.0,8.27,6453
2004-05-12,425.0,409.0,440.0,1.5,29.0,6453
2004-05-13,382.0,382.0,382.0,3.5,29.0,6453
2004-05-14,372.0,362.0,381.0,2.3,29.0,6453
2004-05-15,354.0,348.0,360.0,1.9,29.0,6453
2004-05-16,361.0,353.0,369.0,2.1,29.0,6453
2004-05-17,414.0,369.0,458.0,1.85,29.0,6453
2004-05-18,425.0,425.0,425.0,2.6,29.0,6453
2004-05-19,441.0,437.0,444.0,2.0,29.0,6453
2004-05-20,427.0,400.0,453.0,1.8,29.0,6453
2004-05-21,464.0,454.0,473.0,2.1,29.0,6453
2004-05-22,428.0,418.0,437.0,2.6,29.0,6453
2004-05-23,429.0,397.0,460.0,3.05,29.0,6453
2004-05-24,453.0,447.0,459.0,4.3,29.0,6453
2004-05-25,465.0,451.0,478.0,3.9,29.0,6453
2004-05-26,589.0,502.0,633.0,2.85,29.0,6453
2004-05-27,508.0,494.0,521.0,3.5,29.0,6453
2004-05-28,546.0,502.0,592.0,2.0,29.0,6453
2004-05-29,614.0,556.0,666.0,2.4,29.0,6453
2004-05-30,529.0,519.0,539.0,2.9,29.0,6453
2004-05-31,480.0,466.0,493.0,3.3,29.0,6453
2004-06-01,461.0,454.0,467.0,4.0,29.0,6453
2004-06-02,471.0,461.0,480.0,4.6,29.0,6453
2004-06-03,502.0,488.0,516.0,6.45,29.0,6453
2004-06-04,494.0,473.0,515.0,7.6,29.0,6453
2004-06-05,465.0,442.0,488.0,5.35,29.0,6453
2004-06-06,402.0,398.0,405.0,5.7,29.0,6453
2004-06-07,431.0,389.0,473.0,5.1,29.0,6453
2004-06-08,401.0,398.0,404.0,5.75,29.0,6453
2004-06-09,391.0,390.0,392.0,6.55,29.0,6453
2004-06-10,418.0,414.0,422.0,6.75,29.0,6453
2004-06-11,428.0,408.0,447.0,6.95,29.0,6453
2004-06-12,475.0,454.0,495.0,6.8,29.0,6453
2004-06-13,471.0,464.0,478.0,7.6,29.0,6453
2004-06-14,424.0,419.0,429.0,9.05,29.0,6453
2004-06-15,396.0,391.0,400.0,9.63,29.0,6453
2004-06-16,386.0,385.0,387.0,9.8,29.0,6453
2004-06-17,442.0,396.0,487.0,9.15,29.0,6453
2004-06-18,549.0,504.0,595.0,6.3,29.0,6453
2004-06-19,528.0,528.0,528.0,7.1,29.0,6453
2004-06-20,598.0,550.0,636.0,4.55,29.0,6453
2004-06-21,527.0,504.0,550.0,6.7,29.0,6453
2004-06-22,464.0,444.0,483.0,8.7,29.0,6453
2004-06-23,430.0,425.0,435.0,10.8,29.0,6453
2004-06-24,405.0,393.0,416.0,12.7,29.0,6453
2004-06-25,386.0,381.0,391.0,13.55,29.0,6453
2004-06-26,467.0,459.0,474.0,10.55,29.0,6453
2004-06-27,557.0,490.0,623.0,6.8,29.0,6453
2004-06-28,516.0,512.0,520.0,7.45,29.0,6453
2004-06-29,491.0,487.0,494.0,7.7,29.0,6453
2004-06-30,467.0,458.0,476.0,8.2,29.0,6453
2004-07-01,427.0,422.0,432.0,9.1,29.0,6453
2004-07-02,405.0,399.0,410.0,10.5,29.0,6453
2004-07-03,392.0,391.0,393.0,11.9,29.0,6453
2004-07-04,388.0,387.0,389.0,13.5,29.0,6453
2004-07-05,385.0,383.0,386.0,14.85,29.0,6453
2004-07-06,381.0,379.0,382.0,15.65,29.0,6453
2004-07-07,378.0,377.0,378.0,15.55,29.0,6453
2004-07-08,374.0,371.0,376.0,15.8,29.0,6453
2004-07-09,370.0,370.0,370.0,15.95,29.0,6453
2004-07-10,369.0,369.0,369.0,16.1,29.0,6453
2004-07-11,368.0,368.0,368.0,17.15,29.0,6453
2004-07-12,365.0,363.0,367.0,18.5,29.0,6453
2004-07-13,358.0,357.0,359.0,19.4,29.0,6453
2004-07-14,356.0,356.0,356.0,18.65,29.0,6453
2004-07-15,378.0,360.0,396.0,18.5,29.0,6453
2004-07-16,390.0,386.0,394.0,17.9,29.0,6453
2004-07-17,498.0,487.0,509.0,13.35,29.0,6453
2004-07-18,471.0,467.0,474.0,11.6,29.0,6453
2004-07-19,474.0,462.0,486.0,11.5,29.0,6453
2004-07-20,457.0,444.0,470.0,10.6,29.0,6453
2004-07-21,494.0,476.0,511.0,8.7,29.0,6453
2004-07-22,460.0,451.0,468.0,8.5,29.0,6453
2004-07-23,623.0,503.0,705.0,7.4,29.0,6453
2004-07-24,609.0,538.0,680.0,7.9,29.0,6453
2004-07-25,513.0,504.0,521.0,8.5,29.0,6453
2004-07-26,477.0,461.0,493.0,9.8,29.0,6453
2004-07-27,442.0,436.0,447.0,10.95,29.0,6453
2004-07-28,423.0,418.0,428.0,11.8,29.0,6453
2004-07-29,407.0,401.0,412.0,12.9,29.0,6453
2004-07-30,406.0,403.0,408.0,12.78,29.0,6453
2004-07-31,400.0,398.0,401.0,11.9,29.0,6453
2004-08-01,397.0,397.0,397.0,12.0,29.0,6453
2004-08-02,392.0,391.0,392.0,14.5,29.0,6453
2004-08-03,389.0,388.0,389.0,11.8,29.0,6453
2004-08-04,459.0,389.0,558.0,9.25,29.0,6453
2004-08-05,643.0,582.0,724.0,5.9,29.0,6453
2004-08-06,526.0,509.0,543.0,6.9,29.0,6453
2004-08-07,490.0,489.0,490.0,8.4,29.0,6453
2004-08-08,508.0,490.0,523.0,7.0,29.0,6453
2004-08-09,489.0,488.0,489.0,9.0,29.0,6453
2004-08-10,470.0,461.0,478.0,9.3,29.0,6453
2004-08-11,454.0,453.0,455.0,9.8,29.0,6453
2004-08-12,457.0,453.0,461.0,8.0,29.0,6453
2004-08-13,443.0,440.0,445.0,8.9,29.0,6453
2004-08-14,429.0,427.0,431.0,8.3,29.0,6453
2004-08-15,423.0,419.0,426.0,10.0,29.0,6453
2004-08-16,414.0,413.0,414.0,10.0,29.0,6453
2004-08-17,411.0,410.0,411.0,10.6,29.0,6453
2004-08-18,416.0,413.0,418.0,10.0,29.0,6453
2004-08-19,414.0,413.0,415.0,9.4,29.0,6453
2004-08-20,408.0,406.0,410.0,10.3,29.0,6453
2004-08-21,401.0,400.0,402.0,9.5,29.0,6453
2004-08-22,396.0,395.0,396.0,11.0,29.0,6453
2004-08-23,393.0,393.0,393.0,12.0,29.0,6453
2004-08-24,392.0,391.0,392.0,11.0,29.0,6453
2004-08-25,390.0,390.0,390.0,10.0,29.0,6453
2004-08-26,388.0,387.0,389.0,9.0,29.0,6453
2004-08-27,385.0,385.0,385.0,10.0,29.0,6453
2004-08-28,383.0,383.0,383.0,10.3,29.0,6453
2004-08-29,383.0,383.0,383.0,11.4,29.0,6453
2004-08-30,385.0,384.0,385.0,11.7,29.0,6453
2004-08-31,387.0,385.0,389.0,11.25,29.0,6453
2004-09-01,402.0,395.0,408.0,10.8,29.0,6453
2004-09-02,524.0,512.0,536.0,9.7,29.0,6453
2004-09-03,481.0,469.0,493.0,10.1,29.0,6453
2004-09-04,441.0,436.0,445.0,9.15,29.0,6453
2004-09-05,425.0,421.0,429.0,9.85,29.0,6453
2004-09-06,414.0,412.0,416.0,9.6,29.0,6453
2004-09-07,408.0,406.0,409.0,9.2,29.0,6453
2004-09-08,402.0,400.0,403.0,8.95,29.0,6453
2004-09-09,397.0,396.0,397.0,9.65,29.0,6453
2004-09-10,394.0,393.0,394.0,9.75,29.0,6453
2004-09-11,390.0,389.0,391.0,10.6,29.0,6453
2004-09-12,387.0,385.0,388.0,10.9,29.0,6453
2004-09-13,382.0,381.0,382.0,11.25,29.0,6453
2004-09-14,381.0,380.0,381.0,11.45,29.0,6453
2004-09-15,380.0,379.0,380.0,11.6,29.0,6453
2004-09-16,378.0,378.0,378.0,12.45,29.0,6453
2004-09-17,381.0,380.0,382.0,11.7,29.0,6453
2004-09-18,387.0,384.0,390.0,11.35,29.0,6453
2004-09-19,398.0,397.0,399.0,10.3,29.0,6453
2004-09-20,413.0,402.0,423.0,9.2,29.0,6453
2004-09-21,422.0,419.0,425.0,7.5,29.0,6453
2004-09-22,409.0,407.0,410.0,8.3,29.0,6453
2004-09-23,404.0,403.0,405.0,8.45,29.0,6453
2004-09-24,402.0,401.0,402.0,8.65,29.0,6453
2004-09-25,400.0,399.0,400.0,7.9,29.0,6453
2004-09-26,397.0,396.0,398.0,6.7,29.0,6453
2004-09-27,392.0,391.0,393.0,7.5,29.0,6453
2004-09-28,406.0,396.0,415.0,5.65,29.0,6453
2004-09-29,422.0,420.0,423.0,5.25,29.0,6453
2004-09-30,399.0,389.0,409.0,4.8,29.0,6453
2004-10-01,387.0,384.0,390.0,4.75,29.0,6453
2004-10-02,401.0,397.0,405.0,3.8,29.0,6453
2004-10-03,394.0,393.0,394.0,3.6,29.0,6453
2004-10-04,390.0,388.0,392.0,3.7,29.0,6453
2004-10-05,387.0,386.0,387.0,3.6,29.0,6453
2004-10-06,391.0,390.0,391.0,3.6,29.0,6453
2004-10-07,388.0,387.0,389.0,3.9,29.0,6453
2004-10-08,386.0,386.0,386.0,3.35,29.0,6453
2004-10-09,385.0,384.0,385.0,3.35,29.0,6453
2004-10-10,383.0,383.0,383.0,3.35,29.0,6453
2004-10-11,382.0,382.0,382.0,4.55,29.0,6453
2004-10-12,383.0,382.0,384.0,4.8,29.0,6453
2004-10-13,393.0,392.0,393.0,4.0,29.0,6453
2004-10-14,388.0,387.0,389.0,3.35,29.0,6453
2004-10-15,387.0,386.0,387.0,3.0,29.0,6453
2004-10-16,385.0,384.0,385.0,2.7,29.0,6453
2004-10-17,382.0,381.0,382.0,1.6,,6453
2004-10-18,379.0,378.0,380.0,1.8,29.0,6453
2004-10-19,379.0,377.0,380.0,1.95,29.0,6453
2004-10-20,381.0,379.0,382.0,2.0,29.0,6453
2004-10-21,379.0,378.0,379.0,1.75,29.0,6453
2004-10-22,376.0,375.0,377.0,1.6,29.0,6453
2004-10-23,373.0,372.0,374.0,1.35,29.0,6453
2004-10-24,371.0,370.0,371.0,1.15,29.0,6453
2004-10-25,368.0,367.0,368.0,1.05,,6453
2004-10-26,364.0,363.0,365.0,0.85,,6453
2004-10-27,359.0,358.0,360.0,0.9,,6453
2004-10-28,356.0,355.0,356.0,0.95,,6453
2004-10-29,356.0,353.0,358.0,1.0,,6453
2004-10-30,360.0,360.0,360.0,1.1,,6453
2004-10-31,360.0,360.0,360.0,0.95,,6453
2004-11-01,359.0,359.0,359.0,0.7,,6453
2004-11-02,357.0,356.0,358.0,0.3,,6453
2004-11-03,354.0,353.0,354.0,0.25,,6453
2004-11-04,354.0,354.0,354.0,0.3,,6453
2004-11-05,353.0,353.0,353.0,0.4,,6453
2004-11-06,354.0,353.0,354.0,0.3,,6453
2004-11-07,355.0,354.0,356.0,0.25,5.15,6453
2004-11-08,351.0,350.0,351.0,0.2,5.15,6453
2004-11-09,348.0,347.0,349.0,0.2,5.15,6453
2004-11-10,343.0,343.0,343.0,0.15,5.15,6453
2004-11-11,343.0,343.0,343.0,0.0,5.15,6453
2004-11-12,342.0,341.0,342.0,0.0,5.15,6453
2004-11-13,340.0,339.0,340.0,0.0,5.15,6453
2004-11-14,338.0,337.0,339.0,0.0,5.15,6453
2004-11-15,340.0,340.0,340.0,0.0,5.15,6453
2004-11-16,341.0,340.0,342.0,0.0,5.15,6453
2004-11-17,352.0,348.0,356.0,0.0,5.15,6453
2004-11-18,362.0,359.0,364.0,0.0,5.15,6453
2004-11-19,367.0,366.0,368.0,0.0,5.15,6453
2004-11-20,370.0,370.0,370.0,0.0,5.15,6453
2004-11-21,376.0,372.0,380.0,0.0,5.15,6453
2004-11-22,391.0,389.0,392.0,0.0,5.15,6453
2004-11-23,394.0,392.0,396.0,0.0,5.15,6453
2004-11-24,387.0,386.0,388.0,0.0,16.0,6453
2004-11-25,384.0,383.0,384.0,0.0,16.0,6453
2004-11-26,383.0,382.0,384.0,0.0,16.0,6453
2004-11-27,380.0,379.0,380.0,0.0,16.0,6453
2004-11-28,377.0,377.0,377.0,0.0,16.0,6453
2004-11-29,378.0,377.0,378.0,0.0,16.0,6453
2004-11-30,378.0,378.0,378.0,0.0,16.0,6453
2004-12-01,379.0,379.0,379.0,,16.0,6453
2004-12-02,380.0,380.0,380.0,,16.0,6453
2004-12-03,382.0,382.0,382.0,,16.0,6453
2004-12-04,382.0,382.0,382.0,,16.0,6453
2004-12-05,383.0,383.0,383.0,,16.0,6453
2004-12-06,384.0,384.0,384.0,,16.0,6453
2004-12-07,383.0,383.0,383.0,,16.0,6453
2004-12-08,382.0,382.0,382.0,,16.0,6453
2004-12-09,380.0,380.0,380.0,,16.0,6453
2004-12-10,379.0,379.0,379.0,,16.0,6453
2004-12-11,379.0,379.0,379.0,,16.0,6453
2004-12-12,377.0,377.0,377.0,,16.0,6453
2004-12-13,378.0,378.0,378.0,,16.0,6453
2004-12-14,377.0,377.0,377.0,,16.0,6453
2004-12-15,375.0,375.0,375.0,,16.0,6453
2004-12-16,373.0,373.0,373.0,,16.0,6453
2004-12-17,370.0,370.0,370.0,,16.0,6453
2004-12-18,370.0,370.0,370.0,,16.0,6453
2004-12-19,369.0,369.0,369.0,,16.0,6453
2004-12-20,367.0,367.0,367.0,,16.0,6453
2004-12-21,367.0,367.0,367.0,,16.0,6453
2004-12-22,367.0,367.0,367.0,,16.0,6453
2004-12-23,367.0,367.0,367.0,,16.0,6453
2004-12-24,367.0,367.0,367.0,,16.0,6453
2004-12-25,366.0,366.0,366.0,,16.0,6453
2004-12-26,365.0,365.0,365.0,,16.0,6453
2004-12-27,363.0,363.0,363.0,,16.0,6453
2004-12-28,363.0,363.0,363.0,,16.0,6453
2004-12-29,362.0,362.0,362.0,,16.0,6453
2004-12-30,360.0,360.0,360.0,,16.0,6453
2004-12-31,360.0,360.0,360.0,,16.0,6453
2005-01-01,359.0,359.0,359.0,,16.0,6453
2005-01-02,359.0,359.0,359.0,,16.0,6453
2005-01-03,358.0,358.0,358.0,,16.0,6453
2005-01-04,356.0,356.0,356.0,,16.0,6453
2005-01-05,356.0,356.0,356.0,,16.0,6453
2005-01-06,356.0,356.0,356.0,,16.0,6453
2005-01-07,356.0,356.0,356.0,,16.0,6453
2005-01-08,357.0,357.0,357.0,,16.0,6453
2005-01-09,357.0,357.0,357.0,,16.0,6453
2005-01-10,358.0,358.0,358.0,,16.0,6453
2005-01-11,358.0,358.0,358.0,,16.0,6453
2005-01-12,358.0,358.0,358.0,,16.0,6453
2005-01-13,357.0,357.0,357.0,,16.0,6453
2005-01-14,357.0,357.0,357.0,,16.0,6453
2005-01-15,357.0,357.0,357.0,,16.0,6453
2005-01-16,358.0,358.0,358.0,,16.0,6453
2005-01-17,359.0,359.0,359.0,,16.0,6453
2005-01-18,360.0,360.0,360.0,,16.0,6453
2005-01-19,360.0,360.0,360.0,,16.0,6453
2005-01-20,359.0,359.0,359.0,,16.0,6453
2005-01-21,359.0,359.0,359.0,,16.0,6453
2005-01-22,360.0,360.0,360.0,,16.0,6453
2005-01-23,360.0,360.0,360.0,,16.0,6453
2005-01-24,360.0,360.0,360.0,,16.0,6453
2005-01-25,361.0,361.0,361.0,,16.0,6453
2005-01-26,360.0,360.0,360.0,,16.0,6453
2005-01-27,360.0,360.0,360.0,,16.0,6453
2005-01-28,359.0,359.0,359.0,,16.0,6453
2005-01-29,358.0,358.0,358.0,,16.0,6453
2005-01-30,357.0,357.0,357.0,,16.0,6453
2005-01-31,357.0,357.0,357.0,,16.0,6453
2005-02-01,357.0,357.0,357.0,,16.0,6453
2005-02-02,357.0,357.0,357.0,,16.0,6453
2005-02-03,358.0,358.0,358.0,,16.0,6453
2005-02-04,358.0,358.0,358.0,,16.0,6453
2005-02-05,358.0,358.0,358.0,,16.0,6453
2005-02-06,358.0,358.0,358.0,,16.0,6453
2005-02-07,358.0,358.0,358.0,,16.0,6453
2005-02-08,359.0,359.0,359.0,,16.0,6453
2005-02-09,358.0,358.0,358.0,,16.0,6453
2005-02-10,359.0,359.0,359.0,,16.0,6453
2005-02-11,359.0,359.0,359.0,,16.0,6453
2005-02-12,359.0,359.0,359.0,,16.0,6453
2005-02-13,358.0,358.0,358.0,,16.0,6453
2005-02-14,358.0,358.0,358.0,,16.0,6453
2005-02-15,358.0,358.0,358.0,,16.0,6453
2005-02-16,358.0,358.0,358.0,,16.0,6453
2005-02-17,358.0,358.0,358.0,,16.0,6453
2005-02-18,358.0,358.0,358.0,,16.0,6453
2005-02-19,358.0,358.0,358.0,,16.0,6453
2005-02-20,358.0,358.0,358.0,,16.0,6453
2005-02-21,359.0,359.0,359.0,,16.0,6453
2005-02-22,359.0,359.0,359.0,,16.0,6453
2005-02-23,358.0,358.0,358.0,,16.0,6453
2005-02-24,358.0,358.0,358.0,,16.0,6453
2005-02-25,359.0,359.0,359.0,,16.0,6453
2005-02-26,359.0,359.0,359.0,,16.0,6453
2005-02-27,359.0,359.0,359.0,,16.0,6453
2005-02-28,358.0,358.0,358.0,,16.0,6453
2005-03-01,358.0,358.0,358.0,,16.0,6453
2005-03-02,358.0,358.0,358.0,,16.0,6453
2005-03-03,357.0,357.0,357.0,,16.0,6453
2005-03-04,356.0,356.0,356.0,,16.0,6453
2005-03-05,356.0,356.0,356.0,,16.0,6453
2005-03-06,356.0,356.0,356.0,,16.0,6453
2005-03-07,356.0,356.0,356.0,,16.0,6453
2005-03-08,357.0,357.0,357.0,,16.0,6453
2005-03-09,356.0,356.0,356.0,,16.0,6453
2005-03-10,355.0,355.0,355.0,,16.0,6453
2005-03-11,354.0,354.0,354.0,,16.0,6453
2005-03-12,353.0,353.0,353.0,,16.0,6453
2005-03-13,351.0,351.0,351.0,,16.0,6453
2005-03-14,350.0,350.0,350.0,,16.0,6453
2005-03-15,349.0,349.0,349.0,,16.0,6453
2005-03-16,350.0,350.0,350.0,,16.0,6453
2005-03-17,350.0,350.0,350.0,,16.0,6453
2005-03-18,352.0,352.0,352.0,,16.0,6453
2005-03-19,354.0,354.0,354.0,,16.0,6453
2005-03-20,355.0,355.0,355.0,,16.0,6453
2005-03-21,355.0,355.0,355.0,,16.0,6453
2005-03-22,357.0,357.0,357.0,,16.0,6453
2005-03-23,356.0,356.0,356.0,,16.0,6453
2005-03-24,354.0,354.0,354.0,,16.0,6453
2005-03-25,353.0,353.0,353.0,,16.0,6453
2005-03-26,353.0,353.0,353.0,,16.0,6453
2005-03-27,352.0,352.0,352.0,,16.0,6453
2005-03-28,356.0,356.0,356.0,,16.0,6453
2005-03-29,357.0,357.0,357.0,,16.0,6453
2005-03-30,358.0,358.0,358.0,,16.0,6453
2005-03-31,355.0,355.0,355.0,,16.0,6453
2005-04-01,355.0,355.0,355.0,,16.0,6453
2005-04-02,355.0,355.0,355.0,,16.0,6453
2005-04-03,355.0,354.0,355.0,,16.0,6453
2005-04-04,355.0,354.0,355.0,,16.0,6453
2005-04-05,355.0,354.0,355.0,,16.0,6453
2005-04-06,355.0,354.0,355.0,,16.0,6453
2005-04-07,356.0,355.0,356.0,,16.0,6453
2005-04-08,360.0,356.0,363.0,,16.0,6453
2005-04-09,364.0,360.0,368.0,,16.0,6453
2005-04-10,366.0,364.0,368.0,,16.0,6453
2005-04-11,363.0,362.0,364.0,,16.0,6453
2005-04-12,362.0,360.0,364.0,,16.0,6453
2005-04-13,363.0,362.0,364.0,,16.0,6453
2005-04-14,363.0,362.0,363.0,,16.0,6453
2005-04-15,364.0,364.0,364.0,,16.0,6453
2005-04-16,363.0,362.0,363.0,,16.0,6453
2005-04-17,359.0,358.0,360.0,,16.0,6453
2005-04-18,355.0,355.0,355.0,,16.0,6453
2005-04-19,354.0,353.0,354.0,,16.0,6453
2005-04-20,352.0,352.0,352.0,,16.0,6453
2005-04-21,353.0,352.0,353.0,0.0,16.0,6453
2005-04-22,355.0,354.0,356.0,0.0,16.0,6453
2005-04-23,354.0,352.0,355.0,0.0,16.0,6453
2005-04-24,350.0,349.0,351.0,0.0,15.0,6453
2005-04-25,355.0,353.0,356.0,0.0,15.0,6453
2005-04-26,354.0,354.0,354.0,0.0,15.0,6453
2005-04-27,355.0,354.0,356.0,0.0,15.0,6453
2005-04-28,355.0,355.0,355.0,0.0,15.0,6453
2005-04-29,355.0,354.0,356.0,0.0,15.0,6453
2005-04-30,351.0,350.0,352.0,0.0,23.15,6453
2005-05-01,348.0,347.0,348.0,0.0,23.15,6453
2005-05-02,345.0,344.0,346.0,0.0,23.15,6453
2005-05-03,341.0,339.0,342.0,0.0,23.15,6453
2005-05-04,338.0,338.0,338.0,0.1,23.15,6453
2005-05-05,336.0,335.0,336.0,0.2,23.15,6453
2005-05-06,334.0,334.0,334.0,0.4,23.15,6453
2005-05-07,339.0,333.0,344.0,0.35,23.15,6453
2005-05-08,357.0,353.0,360.0,0.5,25.0,6453
2005-05-09,355.0,353.0,357.0,0.4,,6453
2005-05-10,353.0,353.0,353.0,0.6,27.0,6453
2005-05-11,355.0,355.0,355.0,0.75,27.0,6453
2005-05-12,358.0,358.0,358.0,0.95,27.0,6453
2005-05-13,369.0,368.0,370.0,1.35,27.0,6453
2005-05-14,367.0,366.0,367.0,1.85,27.0,6453
2005-05-15,365.0,364.0,366.0,2.85,29.27,6453
2005-05-16,361.0,360.0,362.0,2.5,29.0,6453
2005-05-17,371.0,369.0,372.0,3.1,29.0,6453
2005-05-18,377.0,377.0,377.0,2.05,29.0,6453
2005-05-19,382.0,380.0,384.0,3.4,29.0,6453
2005-05-20,388.0,386.0,389.0,3.8,29.0,6453
2005-05-21,389.0,388.0,389.0,3.55,29.0,6453
2005-05-22,386.0,385.0,387.0,3.85,29.0,6453
2005-05-23,387.0,383.0,390.0,4.6,29.0,6453
2005-05-24,414.0,408.0,420.0,5.45,29.0,6453
2005-05-25,461.0,450.0,471.0,5.15,29.0,6453
2005-05-26,507.0,497.0,517.0,4.6,29.0,6453
2005-05-27,540.0,537.0,542.0,4.65,29.0,6453
2005-05-28,545.0,535.0,555.0,4.65,29.0,6453
2005-05-29,536.0,523.0,548.0,3.6,29.0,6453
2005-05-30,690.0,600.0,727.0,2.4,29.0,6453
2005-05-31,612.0,606.0,617.0,2.6,29.0,6453
2005-06-01,586.0,576.0,596.0,4.15,29.0,6453
2005-06-02,639.0,577.0,749.0,3.75,29.0,6453
2005-06-03,651.0,565.0,720.0,3.7,29.0,6453
2005-06-04,550.0,548.0,551.0,4.85,29.0,6453
2005-06-05,557.0,550.0,564.0,4.9,29.0,6453
2005-06-06,504.0,489.0,518.0,5.3,29.0,6453
2005-06-07,535.0,495.0,575.0,5.9,29.0,6453
2005-06-08,563.0,540.0,585.0,5.9,29.0,6453
2005-06-09,522.0,507.0,537.0,5.5,29.0,6453
2005-06-10,590.0,560.0,617.0,5.4,29.0,6453
2005-06-11,503.0,496.0,510.0,7.75,29.0,6453
2005-06-12,478.0,471.0,485.0,10.2,29.0,6453
2005-06-13,442.0,439.0,445.0,11.5,29.0,6453
2005-06-14,426.0,423.0,428.0,12.3,29.0,6453
2005-06-15,424.0,420.0,428.0,12.6,29.0,6453
2005-06-16,421.0,419.0,423.0,12.95,29.0,6453
2005-06-17,416.0,415.0,417.0,13.3,29.0,6453
2005-06-18,413.0,412.0,414.0,13.6,29.0,6453
2005-06-19,401.0,393.0,408.0,14.0,29.0,6453
2005-06-20,391.0,390.0,391.0,14.3,29.0,6453
2005-06-21,391.0,388.0,394.0,14.15,29.0,6453
2005-06-22,401.0,400.0,402.0,13.95,29.0,6453
2005-06-23,425.0,404.0,446.0,11.85,29.0,6453
2005-06-24,450.0,444.0,455.0,10.55,29.0,6453
2005-06-25,431.0,429.0,432.0,10.3,29.0,6453
2005-06-26,432.0,426.0,437.0,10.55,29.0,6453
2005-06-27,427.0,420.0,433.0,10.8,29.0,6453
2005-06-28,414.0,409.0,418.0,11.55,29.0,6453
2005-06-29,403.0,400.0,405.0,12.7,29.0,6453
2005-06-30,391.0,389.0,392.0,13.55,29.0,6453
2005-07-01,386.0,384.0,387.0,13.95,29.0,6453
2005-07-02,405.0,381.0,428.0,12.3,29.0,6453
2005-07-03,419.0,414.0,423.0,12.15,29.0,6453
2005-07-04,413.0,404.0,421.0,12.65,29.0,6453
2005-07-05,443.0,431.0,455.0,12.9,29.0,6453
2005-07-06,410.0,400.0,419.0,14.3,29.0,6453
2005-07-07,396.0,392.0,399.0,15.0,29.0,6453
2005-07-08,387.0,385.0,389.0,17.4,29.0,6453
2005-07-09,379.0,378.0,380.0,17.4,29.0,6453
2005-07-10,375.0,375.0,375.0,18.1,29.0,6453
2005-07-11,374.0,373.0,374.0,18.3,29.0,6453
2005-07-12,371.0,370.0,371.0,18.8,29.0,6453
2005-07-13,372.0,369.0,374.0,18.75,29.0,6453
2005-07-14,373.0,373.0,373.0,18.75,29.0,6453
2005-07-15,397.0,373.0,420.0,18.05,29.0,6453
2005-07-16,426.0,425.0,426.0,14.5,29.0,6453
2005-07-17,425.0,420.0,429.0,13.4,29.0,6453
2005-07-18,443.0,431.0,455.0,12.1,29.0,6453
2005-07-19,444.0,441.0,446.0,12.8,29.0,6453
2005-07-20,434.0,430.0,437.0,12.55,29.0,6453
2005-07-21,420.0,418.0,421.0,13.0,29.0,6453
2005-07-22,412.0,412.0,412.0,14.6,29.0,6453
2005-07-23,411.0,410.0,412.0,15.4,29.0,6453
2005-07-24,403.0,396.0,409.0,15.6,29.0,6453
2005-07-25,395.0,390.0,400.0,16.05,29.0,6453
2005-07-26,400.0,397.0,402.0,15.15,29.0,6453
2005-07-27,416.0,391.0,441.0,14.6,29.0,6453
2005-07-28,408.0,386.0,430.0,12.55,29.0,6453
2005-07-29,382.0,381.0,383.0,13.7,29.0,6453
2005-07-30,378.0,378.0,378.0,14.5,29.0,6453
2005-07-31,378.0,378.0,378.0,15.45,29.0,6453
2005-08-01,377.0,374.0,379.0,16.55,29.0,6453
2005-08-02,370.0,368.0,371.0,16.5,29.0,6453
2005-08-03,377.0,364.0,390.0,16.45,29.0,6453
2005-08-04,411.0,393.0,428.0,14.4,29.0,6453
2005-08-05,479.0,463.0,494.0,11.35,29.0,6453
2005-08-06,451.0,442.0,459.0,12.15,29.0,6453
2005-08-07,424.0,420.0,428.0,13.15,29.0,6453
2005-08-08,403.0,400.0,406.0,13.35,29.0,6453
2005-08-09,392.0,389.0,394.0,14.1,29.0,6453
2005-08-10,385.0,384.0,385.0,15.4,29.0,6453
2005-08-11,378.0,377.0,379.0,16.3,29.0,6453
2005-08-12,379.0,377.0,380.0,13.15,29.0,6453
2005-08-13,408.0,385.0,431.0,12.15,29.0,6453
2005-08-14,434.0,431.0,436.0,12.1,29.0,6453
2005-08-15,416.0,413.0,419.0,12.95,29.0,6453
2005-08-16,404.0,398.0,410.0,11.6,29.0,6453
2005-08-17,393.0,391.0,395.0,11.7,29.0,6453
2005-08-18,391.0,386.0,395.0,11.5,29.0,6453
2005-08-19,391.0,388.0,393.0,12.2,29.0,6453
2005-08-20,383.0,382.0,383.0,12.55,29.0,6453
2005-08-21,383.0,378.0,388.0,12.8,29.0,6453
2005-08-22,380.0,378.0,382.0,13.15,29.0,6453
2005-08-23,376.0,376.0,376.0,12.95,29.0,6453
2005-08-24,376.0,375.0,377.0,13.75,29.0,6453
2005-08-25,375.0,374.0,375.0,13.9,29.0,6453
2005-08-26,373.0,373.0,373.0,14.1,29.0,6453
2005-08-27,372.0,371.0,372.0,14.15,29.0,6453
2005-08-28,371.0,370.0,371.0,13.55,29.0,6453
2005-08-29,369.0,369.0,369.0,13.15,29.0,6453
2005-08-30,393.0,380.0,406.0,9.85,29.0,6453
2005-08-31,423.0,412.0,434.0,10.1,29.0,6453
2005-09-01,421.0,418.0,424.0,8.55,29.0,6453
2005-09-02,408.0,406.0,410.0,8.4,29.0,6453
2005-09-03,400.0,399.0,401.0,8.75,29.0,6453
2005-09-04,393.0,390.0,396.0,10.1,29.0,6453
2005-09-05,386.0,384.0,387.0,10.4,29.0,6453
2005-09-06,395.0,382.0,408.0,9.75,29.0,6453
2005-09-07,399.0,397.0,400.0,9.7,29.0,6453
2005-09-08,403.0,396.0,410.0,9.5,29.0,6453
2005-09-09,419.0,418.0,420.0,9.15,29.0,6453
2005-09-10,422.0,416.0,428.0,8.65,29.0,6453
2005-09-11,457.0,448.0,465.0,8.6,29.0,6453
2005-09-12,468.0,467.0,468.0,8.45,29.0,6453
2005-09-13,456.0,447.0,465.0,8.5,29.0,6453
2005-09-14,437.0,433.0,440.0,8.1,29.0,6453
2005-09-15,428.0,424.0,431.0,8.3,29.0,6453
2005-09-16,414.0,411.0,416.0,8.5,29.0,6453
2005-09-17,404.0,400.0,408.0,8.55,29.0,6453
2005-09-18,396.0,395.0,397.0,8.8,29.0,6453
2005-09-19,401.0,393.0,409.0,8.95,29.0,6453
2005-09-20,403.0,400.0,405.0,8.75,29.0,6453
2005-09-21,398.0,398.0,398.0,7.6,29.0,6453
2005-09-22,397.0,397.0,397.0,7.2,29.0,6453
2005-09-23,395.0,394.0,396.0,7.4,29.0,6453
2005-09-24,390.0,387.0,392.0,8.05,29.0,6453
2005-09-25,383.0,382.0,384.0,7.85,29.0,6453
2005-09-26,379.0,378.0,380.0,8.05,29.0,6453
2005-09-27,379.0,378.0,380.0,7.9,29.0,6453
2005-09-28,379.0,375.0,383.0,8.2,29.0,6453
2005-09-29,374.0,373.0,374.0,8.4,29.0,6453
2005-09-30,373.0,372.0,374.0,8.05,29.0,6453
2005-10-01,370.0,370.0,370.0,7.35,29.0,6453
2005-10-02,370.0,370.0,370.0,5.4,29.0,6453
2005-10-03,366.0,364.0,368.0,5.7,29.0,6453
2005-10-04,364.0,363.0,365.0,4.0,29.0,6453
2005-10-05,362.0,361.0,362.0,3.25,29.0,6453
2005-10-06,360.0,359.0,360.0,2.9,29.0,6453
2005-10-07,358.0,358.0,358.0,2.65,29.0,6453
2005-10-08,357.0,357.0,357.0,2.9,29.0,6453
2005-10-09,357.0,357.0,357.0,3.25,29.0,6453
2005-10-10,356.0,355.0,356.0,3.45,29.0,6453
2005-10-11,355.0,354.0,356.0,3.85,29.0,6453
2005-10-12,355.0,355.0,355.0,4.55,29.0,6453
2005-10-13,356.0,354.0,358.0,4.4,29.0,6453
2005-10-14,367.0,363.0,370.0,4.15,29.0,6453
2005-10-15,376.0,376.0,376.0,3.95,29.0,6453
2005-10-16,376.0,376.0,376.0,3.85,29.0,6453
2005-10-17,373.0,371.0,375.0,2.95,29.0,6453
2005-10-18,366.0,363.0,368.0,2.05,29.0,6453
2005-10-19,360.0,360.0,360.0,1.5,29.0,6453
2005-10-20,360.0,358.0,361.0,0.9,2.0,6453
2005-10-21,353.0,352.0,354.0,0.0,,6453
2005-10-22,350.0,349.0,350.0,0.0,,6453
2005-10-23,346.0,345.0,347.0,0.0,,6453
2005-10-24,343.0,341.0,344.0,0.0,,6453
2005-10-25,350.0,350.0,350.0,0.0,,6453
2005-10-26,349.0,348.0,349.0,0.0,,6453
2005-10-27,345.0,342.0,347.0,0.0,,6453
2005-10-28,340.0,338.0,341.0,0.0,,6453
2005-10-29,343.0,342.0,343.0,0.0,,6453
2005-10-30,342.0,342.0,342.0,0.0,,6453
2005-10-31,341.0,338.0,343.0,0.0,,6453
2005-11-01,337.0,336.0,337.0,,,6453
2005-11-02,339.0,338.0,339.0,,,6453
2005-11-03,338.0,336.0,339.0,,,6453
2005-11-04,334.0,334.0,334.0,,,6453
2005-11-05,332.0,331.0,333.0,,,6453
2005-11-06,331.0,330.0,331.0,,,6453
2005-11-07,331.0,330.0,332.0,,,6453
2005-11-08,332.0,331.0,332.0,,,6453
2005-11-09,332.0,330.0,334.0,,,6453
2005-11-10,327.0,326.0,328.0,,,6453
2005-11-11,329.0,329.0,329.0,,,6453
2005-11-12,331.0,330.0,331.0,,,6453
2005-11-13,325.0,322.0,328.0,,,6453
2005-11-14,313.0,312.0,314.0,,5.15,6453
2005-11-15,320.0,316.0,323.0,,5.15,6453
2005-11-16,329.0,328.0,330.0,,5.15,6453
2005-11-17,332.0,331.0,332.0,,5.15,6453
2005-11-18,334.0,333.0,335.0,,5.15,6453
2005-11-19,349.0,337.0,360.0,,5.15,6453
2005-11-20,368.0,368.0,368.0,,15.0,6453
2005-11-21,370.0,369.0,370.0,,15.0,6453
2005-11-22,368.0,368.0,368.0,,15.0,6453
2005-11-23,368.0,367.0,369.0,,15.0,6453
2005-11-24,370.0,369.0,370.0,,15.0,6453
2005-11-25,371.0,371.0,371.0,,15.0,6453
2005-11-26,370.0,369.0,370.0,,16.0,6453
2005-11-27,366.0,365.0,367.0,,16.0,6453
2005-11-28,363.0,363.0,363.0,,16.0,6453
2005-11-29,363.0,362.0,363.0,,16.0,6453
2005-11-30,363.0,362.0,363.0,,16.0,6453
2005-12-01,363.0,363.0,363.0,,16.0,6453
2005-12-02,364.0,364.0,364.0,,16.0,6453
2005-12-03,366.0,366.0,366.0,,16.0,6453
2005-12-04,367.0,367.0,367.0,,16.0,6453
2005-12-05,367.0,367.0,367.0,,16.0,6453
2005-12-06,367.0,367.0,367.0,,16.0,6453
2005-12-07,367.0,367.0,367.0,,16.0,6453
2005-12-08,369.0,369.0,369.0,,16.0,6453
2005-12-09,370.0,370.0,370.0,,16.0,6453
2005-12-10,371.0,371.0,371.0,,16.0,6453
2005-12-11,369.0,369.0,369.0,,16.0,6453
2005-12-12,368.0,368.0,368.0,,16.0,6453
2005-12-13,366.0,366.0,366.0,,16.0,6453
2005-12-14,363.0,363.0,363.0,,16.0,6453
2005-12-15,361.0,361.0,361.0,,16.0,6453
2005-12-16,361.0,361.0,361.0,,16.0,6453
2005-12-17,362.0,362.0,362.0,,16.0,6453
2005-12-18,361.0,361.0,361.0,,16.0,6453
2005-12-19,362.0,362.0,362.0,,16.0,6453
2005-12-20,362.0,362.0,362.0,,16.0,6453
2005-12-21,362.0,362.0,362.0,,16.0,6453
2005-12-22,362.0,362.0,362.0,,16.0,6453
2005-12-23,363.0,363.0,363.0,,16.0,6453
2005-12-24,363.0,363.0,363.0,,16.0,6453
2005-12-25,363.0,363.0,363.0,,16.0,6453
2005-12-26,363.0,363.0,363.0,,16.0,6453
2005-12-27,364.0,364.0,364.0,,16.0,6453
2005-12-28,364.0,364.0,364.0,,16.0,6453
2005-12-29,364.0,364.0,364.0,,16.0,6453
2005-12-30,365.0,365.0,365.0,,16.0,6453
2005-12-31,365.0,365.0,365.0,,16.0,6453
2006-01-01,365.0,365.0,365.0,,16.0,6453
2006-01-02,365.0,365.0,365.0,,16.0,6453
2006-01-03,364.0,364.0,364.0,,16.0,6453
2006-01-04,364.0,364.0,364.0,,16.0,6453
2006-01-05,363.0,363.0,363.0,,16.0,6453
2006-01-06,364.0,364.0,364.0,,16.0,6453
2006-01-07,366.0,366.0,366.0,,16.0,6453
2006-01-08,368.0,368.0,368.0,,16.0,6453
2006-01-09,369.0,369.0,369.0,,16.0,6453
2006-01-10,370.0,370.0,370.0,,16.0,6453
2006-01-11,372.0,372.0,372.0,,16.0,6453
2006-01-12,374.0,374.0,374.0,,16.0,6453
2006-01-13,374.0,374.0,374.0,,16.0,6453
2006-01-14,375.0,375.0,375.0,,16.0,6453
2006-01-15,375.0,375.0,375.0,,16.0,6453
2006-01-16,377.0,377.0,377.0,,16.0,6453
2006-01-17,378.0,378.0,378.0,,16.0,6453
2006-01-18,380.0,380.0,380.0,,16.0,6453
2006-01-19,380.0,380.0,380.0,,16.0,6453
2006-01-20,381.0,381.0,381.0,,16.0,6453
2006-01-21,381.0,381.0,381.0,,16.0,6453
2006-01-22,382.0,382.0,382.0,,16.0,6453
2006-01-23,384.0,384.0,384.0,,16.0,6453
2006-01-24,384.0,384.0,384.0,,16.0,6453
2006-01-25,385.0,385.0,385.0,,16.0,6453
2006-01-26,385.0,385.0,385.0,,16.0,6453
2006-01-27,385.0,385.0,385.0,,16.0,6453
2006-01-28,386.0,386.0,386.0,,16.0,6453
2006-01-29,386.0,386.0,386.0,,16.0,6453
2006-01-30,387.0,387.0,387.0,,16.0,6453
2006-01-31,387.0,387.0,387.0,,16.0,6453
2006-02-01,387.0,387.0,387.0,,16.0,6453
2006-02-02,385.0,385.0,385.0,,16.0,6453
2006-02-03,383.0,383.0,383.0,,16.0,6453
2006-02-04,383.0,383.0,383.0,,16.0,6453
2006-02-05,381.0,381.0,381.0,,16.0,6453
2006-02-06,383.0,383.0,383.0,,16.0,6453
2006-02-07,384.0,384.0,384.0,,16.0,6453
2006-02-08,387.0,387.0,387.0,,16.0,6453
2006-02-09,388.0,388.0,388.0,,16.0,6453
2006-02-10,389.0,389.0,389.0,,16.0,6453
2006-02-11,387.0,387.0,387.0,,16.0,6453
2006-02-12,386.0,386.0,386.0,,16.0,6453
2006-02-13,384.0,384.0,384.0,,16.0,6453
2006-02-14,384.0,384.0,384.0,,16.0,6453
2006-02-15,385.0,385.0,385.0,,16.0,6453
2006-02-16,380.0,380.0,380.0,,16.0,6453
2006-02-17,376.0,376.0,376.0,,16.0,6453
2006-02-18,371.0,371.0,371.0,,16.0,6453
2006-02-19,370.0,370.0,370.0,,16.0,6453
2006-02-20,374.0,374.0,374.0,,16.0,6453
2006-02-21,373.0,373.0,373.0,,16.0,6453
2006-02-22,371.0,371.0,371.0,,16.0,6453
2006-02-23,370.0,370.0,370.0,,16.0,6453
2006-02-24,370.0,370.0,370.0,,16.0,6453
2006-02-25,369.0,369.0,369.0,,16.0,6453
2006-02-26,377.0,377.0,377.0,,16.0,6453
2006-02-27,382.0,382.0,382.0,,16.0,6453
2006-02-28,385.0,385.0,385.0,,16.0,6453
2006-03-01,387.0,387.0,387.0,,16.0,6453
2006-03-02,389.0,389.0,389.0,,16.0,6453
2006-03-03,389.0,389.0,389.0,,16.0,6453
2006-03-04,388.0,388.0,388.0,,16.0,6453
2006-03-05,388.0,388.0,388.0,,16.0,6453
2006-03-06,360.0,360.0,360.0,,16.0,6453
2006-03-07,344.0,344.0,344.0,,16.0,6453
2006-03-08,331.0,331.0,331.0,,16.0,6453
2006-03-09,331.0,331.0,331.0,,16.0,6453
2006-03-10,334.0,334.0,334.0,,16.0,6453
2006-03-11,322.0,322.0,322.0,,16.0,6453
2006-03-12,313.0,313.0,313.0,,16.0,6453
2006-03-13,307.0,307.0,307.0,,16.0,6453
2006-03-14,305.0,305.0,305.0,,16.0,6453
2006-03-15,304.0,304.0,304.0,,16.0,6453
2006-03-16,304.0,304.0,304.0,,16.0,6453
2006-03-17,306.0,306.0,306.0,,16.0,6453
2006-03-18,309.0,309.0,309.0,,16.0,6453
2006-03-19,309.0,309.0,309.0,,16.0,6453
2006-03-20,311.0,311.0,311.0,,16.0,6453
2006-03-21,311.0,311.0,311.0,,16.0,6453
2006-03-22,312.0,312.0,312.0,,16.0,6453
2006-03-23,312.0,312.0,312.0,,16.0,6453
2006-03-24,327.0,327.0,327.0,,16.0,6453
2006-03-25,330.0,330.0,330.0,,16.0,6453
2006-03-26,332.0,332.0,332.0,,16.0,6453
2006-03-27,346.0,346.0,346.0,,16.0,6453
2006-03-28,352.0,352.0,352.0,,16.0,6453
2006-03-29,356.0,356.0,356.0,,16.0,6453
2006-03-30,358.0,358.0,358.0,,16.0,6453
2006-03-31,350.0,350.0,350.0,,16.0,6453
2006-04-01,343.0,342.0,343.0,,16.0,6453
2006-04-02,341.0,340.0,342.0,,16.0,6453
2006-04-03,343.0,343.0,343.0,,16.0,6453
2006-04-04,344.0,343.0,344.0,,16.0,6453
2006-04-05,346.0,345.0,346.0,,16.0,6453
2006-04-06,348.0,346.0,350.0,,16.0,6453
2006-04-07,357.0,353.0,360.0,,16.0,6453
2006-04-08,365.0,362.0,367.0,,16.0,6453
2006-04-09,373.0,370.0,376.0,,16.0,6453
2006-04-10,382.0,378.0,385.0,,16.0,6453
2006-04-11,390.0,388.0,391.0,,16.0,6453
2006-04-12,395.0,393.0,397.0,,16.0,6453
2006-04-13,397.0,396.0,398.0,,16.0,6453
2006-04-14,396.0,395.0,396.0,,16.0,6453
2006-04-15,394.0,394.0,394.0,,16.0,6453
2006-04-16,392.0,391.0,392.0,,16.0,6453
2006-04-17,387.0,384.0,390.0,,16.0,6453
2006-04-18,382.0,381.0,383.0,,16.0,6453
2006-04-19,385.0,384.0,385.0,,16.0,6453
2006-04-20,385.0,384.0,386.0,,16.0,6453
2006-04-21,382.0,381.0,383.0,0.0,16.0,6453
2006-04-22,384.0,383.0,384.0,0.0,16.0,6453
2006-04-23,387.0,386.0,387.0,0.0,16.0,6453
2006-04-24,388.0,387.0,388.0,0.0,15.16,6453
2006-04-25,389.0,389.0,389.0,0.0,15.0,6453
2006-04-26,391.0,390.0,392.0,0.0,15.0,6453
2006-04-27,394.0,393.0,395.0,0.0,15.0,6453
2006-04-28,379.0,379.0,379.0,0.0,15.0,6453
2006-04-29,377.0,376.0,378.0,0.0,15.0,6453
2006-04-30,375.0,374.0,376.0,0.0,15.0,6453
2006-05-01,384.0,377.0,391.0,0.2,23.15,6453
2006-05-02,499.0,498.0,499.0,0.25,12.25,6453
2006-05-03,506.0,500.0,512.0,0.4,12.25,6453
2006-05-04,484.0,443.0,525.0,0.55,9.27,6453
2006-05-05,411.0,408.0,414.0,0.8,27.0,6453
2006-05-06,405.0,398.0,411.0,1.1,27.0,6453
2006-05-07,361.0,358.0,363.0,0.85,27.0,6453
2006-05-08,363.0,362.0,364.0,1.0,27.0,6453
2006-05-09,369.0,364.0,374.0,1.2,27.0,6453
2006-05-10,381.0,380.0,382.0,1.3,27.0,6453
2006-05-11,377.0,376.0,378.0,1.25,27.0,6453
2006-05-12,370.0,368.0,371.0,1.5,27.0,6453
2006-05-13,363.0,362.0,364.0,2.45,27.0,6453
2006-05-14,388.0,381.0,394.0,2.65,27.0,6453
2006-05-15,385.0,380.0,390.0,2.2,27.0,6453
2006-05-16,375.0,374.0,376.0,2.9,27.0,6453
2006-05-17,387.0,379.0,395.0,3.25,27.0,6453
2006-05-18,492.0,419.0,540.0,3.0,29.27,6453
2006-05-19,559.0,551.0,569.0,1.8,29.0,6453
2006-05-20,542.0,506.0,570.0,1.3,29.0,6453
2006-05-21,504.0,503.0,504.0,3.2,29.0,6453
2006-05-22,491.0,480.0,501.0,3.8,29.0,6453
2006-05-23,499.0,488.0,510.0,4.1,29.0,6453
2006-05-24,502.0,500.0,504.0,4.5,29.0,6453
2006-05-25,500.0,492.0,507.0,5.1,29.0,6453
2006-05-26,502.0,498.0,506.0,5.1,29.0,6453
2006-05-27,457.0,449.0,464.0,4.95,29.0,6453
2006-05-28,441.0,440.0,441.0,5.45,29.0,6453
2006-05-29,447.0,438.0,456.0,6.5,29.0,6453
2006-05-30,463.0,449.0,477.0,7.4,29.0,6453
2006-05-31,468.0,450.0,486.0,7.75,29.0,6453
2006-06-01,455.0,445.0,464.0,8.8,29.0,6453
2006-06-02,433.0,429.0,436.0,8.95,29.0,6453
2006-06-03,418.0,416.0,420.0,9.7,29.0,6453
2006-06-04,416.0,409.0,422.0,9.1,29.0,6453
2006-06-05,464.0,436.0,492.0,6.95,29.0,6453
2006-06-06,515.0,495.0,535.0,7.45,29.0,6453
2006-06-07,462.0,451.0,472.0,8.2,29.0,6453
2006-06-08,421.0,417.0,424.0,8.55,29.0,6453
2006-06-09,407.0,406.0,407.0,9.2,29.0,6453
2006-06-10,401.0,400.0,402.0,8.9,29.0,6453
2006-06-11,391.0,385.0,397.0,9.25,29.0,6453
2006-06-12,381.0,380.0,382.0,9.45,29.0,6453
2006-06-13,377.0,376.0,378.0,10.6,29.0,6453
2006-06-14,411.0,410.0,411.0,11.5,29.0,6453
2006-06-15,397.0,395.0,399.0,11.65,29.0,6453
2006-06-16,397.0,396.0,398.0,11.6,29.0,6453
2006-06-17,496.0,461.0,530.0,9.0,29.0,6453
2006-06-18,506.0,495.0,516.0,8.2,29.0,6453
2006-06-19,469.0,468.0,469.0,8.3,29.0,6453
2006-06-20,458.0,449.0,466.0,8.7,29.0,6453
2006-06-21,427.0,424.0,430.0,9.75,29.0,6453
2006-06-22,411.0,403.0,418.0,10.95,29.0,6453
2006-06-23,394.0,392.0,395.0,11.85,29.0,6453
2006-06-24,388.0,386.0,389.0,12.7,29.0,6453
2006-06-25,384.0,384.0,384.0,13.55,29.0,6453
2006-06-26,382.0,381.0,383.0,14.6,29.0,6453
2006-06-27,471.0,384.0,617.0,9.1,29.0,6453
2006-06-28,547.0,508.0,586.0,7.0,29.0,6453
2006-06-29,461.0,458.0,463.0,8.95,29.0,6453
2006-06-30,429.0,405.0,452.0,10.65,29.0,6453
2006-07-01,420.0,419.0,420.0,11.75,29.0,6453
2006-07-02,418.0,417.0,418.0,12.9,29.0,6453
2006-07-03,437.0,419.0,454.0,13.2,29.0,6453
2006-07-04,511.0,450.0,571.0,11.6,29.0,6453
2006-07-05,509.0,480.0,538.0,11.2,29.0,6453
2006-07-06,438.0,436.0,440.0,12.8,29.0,6453
2006-07-07,440.0,440.0,440.0,13.75,29.0,6453
2006-07-08,439.0,432.0,445.0,12.4,29.0,6453
2006-07-09,501.0,445.0,550.0,8.4,29.0,6453
2006-07-10,508.0,504.0,512.0,8.45,29.0,6453
2006-07-11,482.0,477.0,486.0,9.2,29.0,6453
2006-07-12,554.0,464.0,689.0,8.8,29.0,6453
2006-07-13,682.0,620.0,730.0,6.8,29.0,6453
2006-07-14,555.0,542.0,568.0,8.2,29.0,6453
2006-07-15,521.0,512.0,529.0,10.0,29.0,6453
2006-07-16,476.0,452.0,500.0,11.95,29.0,6453
2006-07-17,438.0,434.0,442.0,13.55,29.0,6453
2006-07-18,449.0,449.0,449.0,13.75,29.0,6453
2006-07-19,448.0,442.0,453.0,14.05,29.0,6453
2006-07-20,436.0,433.0,438.0,14.35,29.0,6453
2006-07-21,435.0,435.0,435.0,14.95,29.0,6453
2006-07-22,442.0,434.0,450.0,14.5,29.0,6453
2006-07-23,445.0,442.0,448.0,13.9,29.0,6453
2006-07-24,437.0,434.0,439.0,14.0,29.0,6453
2006-07-25,448.0,444.0,452.0,14.0,29.0,6453
2006-07-26,438.0,435.0,441.0,14.8,29.0,6453
2006-07-27,428.0,426.0,430.0,15.15,29.0,6453
2006-07-28,431.0,431.0,431.0,15.8,29.0,6453
2006-07-29,434.0,429.0,439.0,15.85,29.0,6453
2006-07-30,438.0,434.0,442.0,15.6,29.0,6453
2006-07-31,435.0,432.0,437.0,15.45,29.0,6453
2006-08-01,450.0,419.0,480.0,13.7,29.0,6453
2006-08-02,471.0,469.0,472.0,13.3,29.0,6453
2006-08-03,458.0,454.0,461.0,13.7,29.0,6453
2006-08-04,460.0,455.0,464.0,13.55,29.0,6453
2006-08-05,440.0,436.0,444.0,14.0,29.0,6453
2006-08-06,435.0,434.0,436.0,14.8,29.0,6453
2006-08-07,467.0,465.0,469.0,14.0,29.0,6453
2006-08-08,459.0,440.0,478.0,12.6,29.0,6453
2006-08-09,470.0,456.0,484.0,13.1,29.0,6453
2006-08-10,456.0,448.0,464.0,14.75,29.0,6453
2006-08-11,466.0,454.0,477.0,10.9,29.0,6453
2006-08-12,436.0,432.0,440.0,12.5,29.0,6453
2006-08-13,432.0,429.0,434.0,11.95,29.0,6453
2006-08-14,439.0,436.0,441.0,12.7,29.0,6453
2006-08-15,433.0,432.0,434.0,13.1,29.0,6453
2006-08-16,428.0,427.0,429.0,13.6,29.0,6453
2006-08-17,423.0,422.0,424.0,12.7,29.0,6453
2006-08-18,419.0,417.0,420.0,13.4,29.0,6453
2006-08-19,419.0,418.0,419.0,13.75,29.0,6453
2006-08-20,415.0,413.0,416.0,14.15,29.0,6453
2006-08-21,409.0,408.0,410.0,13.8,29.0,6453
2006-08-22,405.0,404.0,406.0,12.9,29.0,6453
2006-08-23,401.0,400.0,402.0,11.8,29.0,6453
2006-08-24,400.0,398.0,401.0,12.9,29.0,6453
2006-08-25,410.0,409.0,410.0,10.5,29.0,6453
2006-08-26,427.0,407.0,447.0,10.2,29.0,6453
2006-08-27,447.0,443.0,451.0,11.65,29.0,6453
2006-08-28,452.0,449.0,455.0,10.65,29.0,6453
2006-08-29,443.0,442.0,444.0,11.1,29.0,6453
2006-08-30,452.0,439.0,465.0,10.65,29.0,6453
2006-08-31,453.0,447.0,459.0,10.05,29.0,6453
2006-09-01,436.0,434.0,438.0,10.5,29.0,6453
2006-09-02,431.0,430.0,431.0,9.95,29.0,6453
2006-09-03,429.0,428.0,429.0,9.75,29.0,6453
2006-09-04,428.0,427.0,429.0,10.2,29.0,6453
2006-09-05,421.0,417.0,425.0,9.85,29.0,6453
2006-09-06,408.0,406.0,410.0,8.9,29.0,6453
2006-09-07,402.0,400.0,403.0,8.5,29.0,6453
2006-09-08,396.0,395.0,397.0,9.1,29.0,6453
2006-09-09,393.0,392.0,393.0,9.9,29.0,6453
2006-09-10,396.0,395.0,396.0,10.05,29.0,6453
2006-09-11,402.0,394.0,409.0,9.45,29.0,6453
2006-09-12,408.0,400.0,416.0,8.7,29.0,6453
2006-09-13,419.0,417.0,420.0,8.7,29.0,6453
2006-09-14,410.0,407.0,413.0,8.85,29.0,6453
2006-09-15,402.0,400.0,403.0,9.55,29.0,6453
2006-09-16,397.0,396.0,398.0,10.0,29.0,6453
2006-09-17,393.0,392.0,394.0,10.6,29.0,6453
2006-09-18,394.0,392.0,395.0,10.8,29.0,6453
2006-09-19,401.0,400.0,401.0,10.3,29.0,6453
2006-09-20,398.0,396.0,400.0,10.0,29.0,6453
2006-09-21,394.0,394.0,394.0,9.6,29.0,6453
2006-09-22,397.0,396.0,397.0,9.2,29.0,6453
2006-09-23,396.0,395.0,397.0,9.3,29.0,6453
2006-09-24,394.0,394.0,394.0,9.4,29.0,6453
2006-09-25,393.0,393.0,393.0,9.9,29.0,6453
2006-09-26,392.0,391.0,392.0,10.1,29.0,6453
2006-09-27,390.0,390.0,390.0,9.5,29.0,6453
2006-09-28,390.0,389.0,390.0,9.0,29.0,6453
2006-09-29,389.0,389.0,389.0,9.35,29.0,6453
2006-09-30,388.0,388.0,388.0,8.6,29.0,6453
2006-10-01,387.0,387.0,387.0,8.45,29.0,6453
2006-10-02,387.0,386.0,387.0,7.8,29.0,6453
2006-10-03,385.0,384.0,385.0,7.65,29.0,6453
2006-10-04,382.0,380.0,384.0,7.0,29.0,6453
2006-10-05,376.0,375.0,376.0,6.7,29.0,6453
2006-10-06,373.0,372.0,373.0,6.6,29.0,6453
2006-10-07,372.0,372.0,372.0,6.6,29.0,6453
2006-10-08,372.0,372.0,372.0,6.3,29.0,6453
2006-10-09,377.0,372.0,382.0,6.0,29.0,6453
2006-10-10,387.0,386.0,387.0,5.35,29.0,6453
2006-10-11,384.0,384.0,384.0,4.1,29.0,6453
2006-10-12,383.0,383.0,383.0,3.75,29.0,6453
2006-10-13,383.0,382.0,383.0,3.1,29.0,6453
2006-10-14,382.0,381.0,382.0,3.05,29.0,6453
2006-10-15,380.0,380.0,380.0,2.75,29.0,6453
2006-10-16,379.0,378.0,380.0,2.65,29.0,6453
2006-10-17,377.0,377.0,377.0,2.1,29.0,6453
2006-10-18,376.0,375.0,376.0,1.7,29.0,6453
2006-10-19,374.0,373.0,374.0,1.55,29.0,6453
2006-10-20,372.0,371.0,373.0,1.3,29.0,6453
2006-10-21,367.0,365.0,368.0,0.85,29.0,6453
2006-10-22,370.0,370.0,370.0,0.35,,6453
2006-10-23,368.0,367.0,369.0,0.3,,6453
2006-10-24,366.0,365.0,367.0,0.3,,6453
2006-10-25,363.0,360.0,365.0,0.15,,6453
2006-10-26,365.0,359.0,370.0,0.0,,6453
2006-10-27,370.0,367.0,372.0,0.0,,6453
2006-10-28,370.0,369.0,370.0,0.0,15.0,6453
2006-10-29,368.0,367.0,369.0,0.0,15.0,6453
2006-10-30,370.0,369.0,370.0,0.0,15.0,6453
2006-10-31,375.0,368.0,382.0,0.0,15.0,6453
2006-11-01,381.0,380.0,382.0,0.0,15.0,6453
2006-11-02,384.0,384.0,384.0,0.0,15.0,6453
2006-11-03,382.0,380.0,384.0,0.0,15.0,6453
2006-11-04,375.0,375.0,375.0,0.0,15.0,6453
2006-11-05,377.0,377.0,377.0,0.0,15.0,6453
2006-11-06,376.0,374.0,377.0,0.0,15.0,6453
2006-11-07,373.0,372.0,373.0,0.0,15.0,6453
2006-11-08,371.0,371.0,371.0,0.0,15.0,6453
2006-11-09,371.0,370.0,372.0,0.0,15.0,6453
2006-11-10,376.0,373.0,379.0,0.0,15.0,6453
2006-11-11,383.0,381.0,384.0,0.0,15.0,6453
2006-11-12,382.0,381.0,382.0,0.0,15.0,6453
2006-11-13,380.0,379.0,380.0,0.0,15.0,6453
2006-11-14,378.0,378.0,378.0,0.0,15.0,6453
2006-11-15,377.0,376.0,377.0,0.0,15.0,6453
2006-11-16,374.0,373.0,375.0,0.0,16.0,6453
2006-11-17,383.0,371.0,394.0,0.0,16.0,6453
2006-11-18,403.0,401.0,404.0,0.0,16.0,6453
2006-11-19,403.0,402.0,404.0,0.0,16.0,6453
2006-11-20,402.0,400.0,404.0,0.0,16.0,6453
2006-11-21,402.0,402.0,402.0,0.0,16.0,6453
2006-11-22,405.0,404.0,405.0,0.0,16.0,6453
2006-11-23,404.0,403.0,404.0,0.0,16.0,6453
2006-11-24,402.0,402.0,402.0,0.0,16.0,6453
2006-11-25,401.0,401.0,401.0,0.0,16.0,6453
2006-11-26,400.0,400.0,400.0,0.0,16.0,6453
2006-11-27,400.0,399.0,400.0,0.0,16.0,6453
2006-11-28,398.0,398.0,398.0,0.0,16.0,6453
2006-11-29,397.0,396.0,397.0,0.0,16.0,6453
2006-11-30,395.0,395.0,395.0,0.0,16.0,6453
2006-12-01,397.0,397.0,397.0,,16.0,6453
2006-12-02,395.0,395.0,395.0,,16.0,6453
2006-12-03,394.0,394.0,394.0,,16.0,6453
2006-12-04,394.0,394.0,394.0,,16.0,6453
2006-12-05,392.0,392.0,392.0,,16.0,6453
2006-12-06,392.0,392.0,392.0,,16.0,6453
2006-12-07,391.0,391.0,391.0,,16.0,6453
2006-12-08,391.0,391.0,391.0,,16.0,6453
2006-12-09,390.0,390.0,390.0,,16.0,6453
2006-12-10,390.0,390.0,390.0,,16.0,6453
2006-12-11,390.0,390.0,390.0,,16.0,6453
2006-12-12,389.0,389.0,389.0,,16.0,6453
2006-12-13,389.0,389.0,389.0,,16.0,6453
2006-12-14,388.0,388.0,388.0,,16.0,6453
2006-12-15,388.0,388.0,388.0,,16.0,6453
2006-12-16,387.0,387.0,387.0,,16.0,6453
2006-12-17,387.0,387.0,387.0,,16.0,6453
2006-12-18,386.0,386.0,386.0,,16.0,6453
2006-12-19,386.0,386.0,386.0,,16.0,6453
2006-12-20,386.0,386.0,386.0,,16.0,6453
2006-12-21,386.0,386.0,386.0,,16.0,6453
2006-12-22,385.0,385.0,385.0,,16.0,6453
2006-12-23,385.0,385.0,385.0,,16.0,6453
2006-12-24,385.0,385.0,385.0,,16.0,6453
2006-12-25,385.0,385.0,385.0,,16.0,6453
2006-12-26,384.0,384.0,384.0,,16.0,6453
2006-12-27,384.0,384.0,384.0,,16.0,6453
2006-12-28,384.0,384.0,384.0,,16.0,6453
2006-12-29,383.0,383.0,383.0,,16.0,6453
2006-12-30,383.0,383.0,383.0,,16.0,6453
2006-12-31,383.0,383.0,383.0,,16.0,6453
2007-01-01,382.0,382.0,382.0,,16.0,6453
2007-01-02,382.0,382.0,382.0,,16.0,6453
2007-01-03,382.0,382.0,382.0,,16.0,6453
2007-01-04,381.0,381.0,381.0,,16.0,6453
2007-01-05,381.0,381.0,381.0,,16.0,6453
2007-01-06,381.0,381.0,381.0,,16.0,6453
2007-01-07,381.0,381.0,381.0,,16.0,6453
2007-01-08,381.0,381.0,381.0,,16.0,6453
2007-01-09,381.0,381.0,381.0,,16.0,6453
2007-01-10,381.0,381.0,381.0,,16.0,6453
2007-01-11,381.0,381.0,381.0,,16.0,6453
2007-01-12,380.0,380.0,380.0,,16.0,6453
2007-01-13,380.0,380.0,380.0,,16.0,6453
2007-01-14,380.0,380.0,380.0,,16.0,6453
2007-01-15,380.0,380.0,380.0,,16.0,6453
2007-01-16,380.0,380.0,380.0,,16.0,6453
2007-01-17,379.0,379.0,379.0,,16.0,6453
2007-01-18,379.0,379.0,379.0,,16.0,6453
2007-01-19,379.0,379.0,379.0,,16.0,6453
2007-01-20,379.0,379.0,379.0,,16.0,6453
2007-01-21,377.0,377.0,377.0,,16.0,6453
2007-01-22,376.0,376.0,376.0,,16.0,6453
2007-01-23,375.0,375.0,375.0,,16.0,6453
2007-01-24,374.0,374.0,374.0,,16.0,6453
2007-01-25,372.0,372.0,372.0,,16.0,6453
2007-01-26,372.0,372.0,372.0,,16.0,6453
2007-01-27,372.0,372.0,372.0,,16.0,6453
2007-01-28,373.0,373.0,373.0,,16.0,6453
2007-01-29,373.0,373.0,373.0,,16.0,6453
2007-01-30,374.0,374.0,374.0,,16.0,6453
2007-01-31,374.0,374.0,374.0,,16.0,6453
2007-02-01,375.0,375.0,375.0,,16.0,6453
2007-02-02,376.0,376.0,376.0,,16.0,6453
2007-02-03,376.0,376.0,376.0,,16.0,6453
2007-02-04,377.0,377.0,377.0,,16.0,6453
2007-02-05,378.0,378.0,378.0,,16.0,6453
2007-02-06,378.0,378.0,378.0,,16.0,6453
2007-02-07,378.0,378.0,378.0,,16.0,6453
2007-02-08,379.0,379.0,379.0,,16.0,6453
2007-02-09,379.0,379.0,379.0,,16.0,6453
2007-02-10,379.0,379.0,379.0,,16.0,6453
2007-02-11,378.0,378.0,378.0,,16.0,6453
2007-02-12,378.0,378.0,378.0,,16.0,6453
2007-02-13,377.0,377.0,377.0,,16.0,6453
2007-02-14,376.0,376.0,376.0,,16.0,6453
2007-02-15,375.0,375.0,375.0,,16.0,6453
2007-02-16,375.0,375.0,375.0,,16.0,6453
2007-02-17,376.0,376.0,376.0,,16.0,6453
2007-02-18,376.0,376.0,376.0,,16.0,6453
2007-02-19,375.0,375.0,375.0,,16.0,6453
2007-02-20,375.0,375.0,375.0,,16.0,6453
2007-02-21,374.0,374.0,374.0,,16.0,6453
2007-02-22,374.0,374.0,374.0,,16.0,6453
2007-02-23,374.0,374.0,374.0,,16.0,6453
2007-02-24,374.0,374.0,374.0,,16.0,6453
2007-02-25,373.0,373.0,373.0,,16.0,6453
2007-02-26,373.0,373.0,373.0,,16.0,6453
2007-02-27,373.0,373.0,373.0,,16.0,6453
2007-02-28,373.0,373.0,373.0,,16.0,6453
2007-03-01,373.0,373.0,373.0,,16.0,6453
2007-03-02,371.0,371.0,371.0,,16.0,6453
2007-03-03,371.0,371.0,371.0,,16.0,6453
2007-03-04,367.0,367.0,367.0,,16.0,6453
2007-03-05,363.0,363.0,363.0,,16.0,6453
2007-03-06,364.0,364.0,364.0,,16.0,6453
2007-03-07,366.0,366.0,366.0,,16.0,6453
2007-03-08,368.0,368.0,368.0,,16.0,6453
2007-03-09,372.0,372.0,372.0,,16.0,6453
2007-03-10,375.0,375.0,375.0,,16.0,6453
2007-03-11,376.0,376.0,376.0,,16.0,6453
2007-03-12,379.0,379.0,379.0,,16.0,6453
2007-03-13,379.0,379.0,379.0,,16.0,6453
2007-03-14,378.0,378.0,378.0,,16.0,6453
2007-03-15,378.0,378.0,378.0,,16.0,6453
2007-03-16,378.0,378.0,378.0,,16.0,6453
2007-03-17,378.0,378.0,378.0,,16.0,6453
2007-03-18,379.0,379.0,379.0,,16.0,6453
2007-03-19,380.0,380.0,380.0,,16.0,6453
2007-03-20,382.0,382.0,382.0,,16.0,6453
2007-03-21,383.0,383.0,383.0,,16.0,6453
2007-03-22,383.0,383.0,383.0,,16.0,6453
2007-03-23,385.0,385.0,385.0,,16.0,6453
2007-03-24,385.0,385.0,385.0,,16.0,6453
2007-03-25,385.0,385.0,385.0,,16.0,6453
2007-03-26,385.0,385.0,385.0,,16.0,6453
2007-03-27,386.0,386.0,386.0,,16.0,6453
2007-03-28,386.0,386.0,386.0,,16.0,6453
2007-03-29,384.0,384.0,384.0,,16.0,6453
2007-03-30,384.0,384.0,384.0,,16.0,6453
2007-03-31,370.0,370.0,370.0,,16.0,6453
2007-04-01,365.0,365.0,365.0,0.0,16.0,6453
2007-04-02,366.0,366.0,366.0,0.0,16.0,6453
2007-04-03,366.0,366.0,366.0,0.0,16.0,6453
2007-04-04,367.0,367.0,367.0,0.0,16.0,6453
2007-04-05,367.0,367.0,367.0,0.0,16.0,6453
2007-04-06,365.0,365.0,365.0,0.0,16.0,6453
2007-04-07,366.0,366.0,366.0,0.0,16.0,6453
2007-04-08,365.0,365.0,365.0,0.0,16.0,6453
2007-04-09,364.0,364.0,364.0,0.0,16.0,6453
2007-04-10,367.0,366.0,367.0,0.0,16.0,6453
2007-04-11,368.0,367.0,369.0,0.0,16.0,6453
2007-04-12,369.0,368.0,370.0,0.0,16.0,6453
2007-04-13,370.0,370.0,370.0,0.0,16.0,6453
2007-04-14,374.0,371.0,377.0,0.0,16.0,6453
2007-04-15,382.0,380.0,384.0,0.1,16.0,6453
2007-04-16,385.0,385.0,385.0,0.15,16.0,6453
2007-04-17,386.0,385.0,386.0,0.15,16.0,6453
2007-04-18,385.0,382.0,387.0,0.1,16.0,6453
2007-04-19,383.0,381.0,384.0,0.2,16.0,6453
2007-04-20,384.0,382.0,386.0,0.4,16.0,6453
2007-04-21,384.0,382.0,385.0,0.35,16.0,6453
2007-04-22,382.0,380.0,384.0,0.25,16.0,6453
2007-04-23,382.0,381.0,383.0,0.1,16.0,6453
2007-04-24,385.0,382.0,388.0,0.1,16.0,6453
2007-04-25,385.0,385.0,385.0,0.05,16.0,6453
2007-04-26,384.0,383.0,385.0,0.1,16.0,6453
2007-04-27,381.0,381.0,381.0,0.05,15.16,6453
2007-04-28,378.0,375.0,380.0,0.15,15.0,6453
2007-04-29,370.0,368.0,371.0,0.2,15.0,6453
2007-04-30,364.0,363.0,365.0,0.45,15.0,6453
2007-05-01,361.0,360.0,361.0,0.25,15.0,6453
2007-05-02,364.0,360.0,368.0,0.35,15.0,6453
2007-05-03,371.0,370.0,371.0,0.4,15.0,6453
2007-05-04,377.0,374.0,379.0,0.6,26.25,6453
2007-05-05,368.0,366.0,370.0,0.8,26.25,6453
2007-05-06,367.0,366.0,367.0,0.9,26.25,6453
2007-05-07,370.0,366.0,374.0,1.65,8.0,6453
2007-05-08,381.0,376.0,386.0,2.2,8.0,6453
2007-05-09,398.0,397.0,399.0,2.0,29.0,6453
2007-05-10,394.0,392.0,395.0,1.6,29.0,6453
2007-05-11,388.0,387.0,389.0,1.55,29.0,6453
2007-05-12,392.0,386.0,398.0,2.35,29.0,6453
2007-05-13,405.0,404.0,405.0,2.85,29.0,6453
2007-05-14,411.0,411.0,411.0,2.5,29.0,6453
2007-05-15,400.0,391.0,409.0,3.75,29.0,6453
2007-05-16,383.0,382.0,384.0,5.3,29.0,6453
2007-05-17,383.0,382.0,384.0,4.75,29.0,6453
2007-05-18,405.0,401.0,409.0,5.35,29.0,6453
2007-05-19,400.0,399.0,401.0,5.45,29.0,6453
2007-05-20,405.0,404.0,406.0,6.25,29.0,6453
2007-05-21,433.0,412.0,453.0,4.1,29.0,6453
2007-05-22,522.0,499.0,544.0,2.85,29.0,6453
2007-05-23,444.0,432.0,455.0,4.1,29.0,6453
2007-05-24,412.0,407.0,417.0,5.5,29.0,6453
2007-05-25,414.0,409.0,418.0,6.0,29.0,6453
2007-05-26,409.0,406.0,411.0,6.8,29.0,6453
2007-05-27,401.0,399.0,402.0,7.35,29.0,6453
2007-05-28,393.0,392.0,394.0,8.55,29.0,6453
2007-05-29,399.0,397.0,400.0,9.45,29.0,6453
2007-05-30,397.0,396.0,398.0,10.15,29.0,6453
2007-05-31,401.0,394.0,407.0,10.35,29.0,6453
2007-06-01,410.0,409.0,411.0,12.8,29.0,6453
2007-06-02,410.0,406.0,413.0,12.9,29.0,6453
2007-06-03,392.0,389.0,395.0,13.35,29.0,6453
2007-06-04,387.0,384.0,389.0,13.1,29.0,6453
2007-06-05,382.0,380.0,383.0,13.15,29.0,6453
2007-06-06,394.0,377.0,411.0,13.5,29.0,6453
2007-06-07,394.0,391.0,397.0,13.05,29.0,6453
2007-06-08,384.0,383.0,385.0,13.25,29.0,6453
2007-06-09,378.0,375.0,381.0,13.55,29.0,6453
2007-06-10,367.0,365.0,368.0,14.5,29.0,6453
2007-06-11,364.0,364.0,364.0,15.0,29.0,6453
2007-06-12,365.0,363.0,366.0,15.2,29.0,6453
2007-06-13,381.0,370.0,392.0,14.2,29.0,6453
2007-06-14,391.0,390.0,391.0,14.25,29.0,6453
2007-06-15,387.0,385.0,389.0,13.3,29.0,6453
2007-06-16,379.0,379.0,379.0,12.8,29.0,6453
2007-06-17,376.0,375.0,377.0,12.65,29.0,6453
2007-06-18,373.0,372.0,374.0,12.55,29.0,6453
2007-06-19,373.0,373.0,373.0,14.4,29.0,6453
2007-06-20,374.0,367.0,380.0,14.55,29.0,6453
2007-06-21,398.0,374.0,421.0,11.6,29.0,6453
2007-06-22,427.0,424.0,429.0,12.15,29.0,6453
2007-06-23,425.0,424.0,426.0,12.3,29.0,6453
2007-06-24,410.0,400.0,420.0,12.2,29.0,6453
2007-06-25,384.0,384.0,384.0,12.65,29.0,6453
2007-06-26,384.0,384.0,384.0,13.1,29.0,6453
2007-06-27,381.0,380.0,382.0,13.7,29.0,6453
2007-06-28,400.0,377.0,423.0,11.0,29.0,6453
2007-06-29,415.0,411.0,418.0,10.35,29.0,6453
2007-06-30,402.0,396.0,407.0,13.05,29.0,6453
2007-07-01,387.0,386.0,388.0,16.75,29.0,6453
2007-07-02,382.0,379.0,384.0,17.1,29.0,6453
2007-07-03,375.0,372.0,377.0,18.35,29.0,6453
2007-07-04,368.0,366.0,369.0,18.1,29.0,6453
2007-07-05,379.0,378.0,380.0,17.45,29.0,6453
2007-07-06,443.0,383.0,503.0,15.1,29.0,6453
2007-07-07,532.0,483.0,579.0,8.95,29.0,6453
2007-07-08,449.0,445.0,452.0,9.75,29.0,6453
2007-07-09,421.0,419.0,422.0,12.25,29.0,6453
2007-07-10,406.0,403.0,408.0,13.7,29.0,6453
2007-07-11,389.0,385.0,392.0,14.2,29.0,6453
2007-07-12,377.0,374.0,379.0,14.45,29.0,6453
2007-07-13,369.0,367.0,371.0,15.85,29.0,6453
2007-07-14,365.0,365.0,365.0,17.35,29.0,6453
2007-07-15,365.0,364.0,365.0,17.85,29.0,6453
2007-07-16,365.0,364.0,366.0,17.55,29.0,6453
2007-07-17,370.0,369.0,370.0,16.9,29.0,6453
2007-07-18,368.0,368.0,368.0,16.55,29.0,6453
2007-07-19,376.0,375.0,376.0,16.1,29.0,6453
2007-07-20,400.0,383.0,417.0,15.6,29.0,6453
2007-07-21,468.0,466.0,469.0,14.7,29.0,6453
2007-07-22,458.0,450.0,466.0,13.15,29.0,6453
2007-07-23,395.0,390.0,399.0,11.7,29.0,6453
2007-07-24,386.0,385.0,386.0,12.5,29.0,6453
2007-07-25,403.0,383.0,422.0,12.3,29.0,6453
2007-07-26,405.0,401.0,409.0,11.55,29.0,6453
2007-07-27,411.0,410.0,411.0,11.75,29.0,6453
2007-07-28,406.0,403.0,408.0,11.85,29.0,6453
2007-07-29,394.0,392.0,396.0,11.55,29.0,6453
2007-07-30,406.0,390.0,422.0,11.4,29.0,6453
2007-07-31,480.0,429.0,513.0,9.1,29.0,6453
2007-08-01,493.0,491.0,494.0,8.75,29.0,6453
2007-08-02,483.0,471.0,494.0,9.25,29.0,6453
2007-08-03,450.0,443.0,457.0,9.3,29.0,6453
2007-08-04,427.0,426.0,428.0,11.7,29.0,6453
2007-08-05,437.0,436.0,438.0,10.5,29.0,6453
2007-08-06,432.0,430.0,434.0,11.5,29.0,6453
2007-08-07,457.0,435.0,479.0,10.75,29.0,6453
2007-08-08,459.0,455.0,462.0,14.0,29.0,6453
2007-08-09,438.0,427.0,448.0,12.5,29.0,6453
2007-08-10,429.0,427.0,431.0,13.65,29.0,6453
2007-08-11,437.0,436.0,437.0,13.5,29.0,6453
2007-08-12,438.0,435.0,440.0,14.65,29.0,6453
2007-08-13,451.0,450.0,452.0,14.65,29.0,6453
2007-08-14,497.0,446.0,601.0,9.15,29.0,6453
2007-08-15,576.0,538.0,603.0,10.0,29.0,6453
2007-08-16,501.0,481.0,521.0,11.6,29.0,6453
2007-08-17,469.0,461.0,476.0,12.45,29.0,6453
2007-08-18,451.0,446.0,455.0,11.65,29.0,6453
2007-08-19,440.0,438.0,441.0,11.65,29.0,6453
2007-08-20,438.0,436.0,440.0,10.75,29.0,6453
2007-08-21,499.0,441.0,655.0,10.5,29.0,6453
2007-08-22,705.0,630.0,737.0,8.55,29.0,6453
2007-08-23,604.0,561.0,647.0,8.8,29.0,6453
2007-08-24,511.0,504.0,517.0,8.8,29.0,6453
2007-08-25,507.0,500.0,513.0,9.15,29.0,6453
2007-08-26,595.0,530.0,660.0,8.0,29.0,6453
2007-08-27,658.0,644.0,672.0,6.5,29.0,6453
2007-08-28,604.0,603.0,604.0,6.55,29.0,6453
2007-08-29,580.0,576.0,583.0,5.85,29.0,6453
2007-08-30,537.0,503.0,571.0,5.55,29.0,6453
2007-08-31,460.0,454.0,465.0,6.75,29.0,6453
2007-09-01,450.0,441.0,458.0,,29.0,6453
2007-09-02,462.0,460.0,463.0,,29.0,6453
2007-09-03,466.0,461.0,471.0,,29.0,6453
2007-09-04,516.0,481.0,551.0,,29.0,6453
2007-09-05,589.0,558.0,609.0,,29.0,6453
2007-09-06,552.0,527.0,576.0,,29.0,6453
2007-09-07,505.0,496.0,514.0,,29.0,6453
2007-09-08,480.0,479.0,480.0,,29.0,6453
2007-09-09,457.0,453.0,461.0,,29.0,6453
2007-09-10,444.0,442.0,445.0,,29.0,6453
2007-09-11,435.0,430.0,440.0,,29.0,6453
2007-09-12,432.0,428.0,435.0,,29.0,6453
2007-09-13,419.0,418.0,420.0,,29.0,6453
2007-09-14,413.0,411.0,415.0,,29.0,6453
2007-09-15,407.0,405.0,408.0,,29.0,6453
2007-09-16,407.0,403.0,410.0,,29.0,6453
2007-09-17,405.0,404.0,406.0,,29.0,6453
2007-09-18,399.0,398.0,400.0,,29.0,6453
2007-09-19,397.0,396.0,397.0,,29.0,6453
2007-09-20,393.0,390.0,395.0,,29.0,6453
2007-09-21,380.0,379.0,381.0,6.0,29.0,6453
2007-09-22,376.0,374.0,377.0,5.75,29.0,6453
2007-09-23,370.0,370.0,370.0,5.6,29.0,6453
2007-09-24,370.0,370.0,370.0,5.85,29.0,6453
2007-09-25,370.0,369.0,370.0,5.9,29.0,6453
2007-09-26,369.0,369.0,369.0,5.95,29.0,6453
2007-09-27,369.0,369.0,369.0,7.05,29.0,6453
2007-09-28,375.0,374.0,375.0,6.35,29.0,6453
2007-09-29,374.0,374.0,374.0,6.4,29.0,6453
2007-09-30,373.0,373.0,373.0,6.25,29.0,6453
2007-10-01,373.0,373.0,373.0,6.05,29.0,6453
2007-10-02,373.0,373.0,373.0,5.15,29.0,6453
2007-10-03,373.0,373.0,373.0,4.9,29.0,6453
2007-10-04,373.0,373.0,373.0,5.5,29.0,6453
2007-10-05,373.0,373.0,373.0,5.75,29.0,6453
2007-10-06,373.0,373.0,373.0,5.45,29.0,6453
2007-10-07,373.0,373.0,373.0,5.05,29.0,6453
2007-10-08,379.0,378.0,379.0,4.15,29.0,6453
2007-10-09,378.0,377.0,378.0,4.15,29.0,6453
2007-10-10,376.0,376.0,376.0,3.5,29.0,6453
2007-10-11,376.0,376.0,376.0,3.2,29.0,6453
2007-10-12,376.0,375.0,376.0,1.7,29.0,6453
2007-10-13,373.0,371.0,374.0,1.45,29.0,6453
2007-10-14,369.0,368.0,369.0,0.95,,6453
2007-10-15,367.0,367.0,367.0,0.85,,6453
2007-10-16,366.0,365.0,366.0,0.65,,6453
2007-10-17,365.0,364.0,365.0,0.55,,6453
2007-10-18,362.0,361.0,363.0,0.3,,6453
2007-10-19,361.0,360.0,361.0,0.4,2.29,6453
2007-10-20,359.0,357.0,360.0,1.05,29.0,6453
2007-10-21,354.0,352.0,355.0,1.1,29.0,6453
2007-10-22,350.0,349.0,350.0,0.8,29.0,6453
2007-10-23,347.0,347.0,347.0,1.1,29.0,6453
2007-10-24,349.0,346.0,351.0,1.25,29.0,6453
2007-10-25,352.0,352.0,352.0,0.85,29.0,6453
2007-10-26,353.0,352.0,353.0,0.6,29.0,6453
2007-10-27,351.0,351.0,351.0,0.0,,6453
2007-10-28,349.0,348.0,349.0,0.0,,6453
2007-10-29,348.0,347.0,349.0,0.0,,6453
2007-10-30,348.0,347.0,349.0,0.0,,6453
2007-10-31,346.0,345.0,347.0,0.0,,6453
2007-11-01,345.0,344.0,346.0,0.0,,6453
2007-11-02,348.0,345.0,350.0,0.0,,6453
2007-11-03,348.0,346.0,349.0,0.0,,6453
2007-11-04,351.0,350.0,351.0,0.0,,6453
2007-11-05,349.0,349.0,349.0,0.0,,6453
2007-11-06,349.0,348.0,350.0,0.0,,6453
2007-11-07,347.0,346.0,347.0,0.0,,6453
2007-11-08,344.0,343.0,345.0,0.0,,6453
2007-11-09,338.0,335.0,341.0,0.0,,6453
2007-11-10,335.0,330.0,340.0,0.0,,6453
2007-11-11,340.0,336.0,343.0,0.0,,6453
2007-11-12,341.0,339.0,343.0,0.0,5.15,6453
2007-11-13,342.0,342.0,342.0,0.0,5.15,6453
2007-11-14,343.0,340.0,346.0,0.0,5.15,6453
2007-11-15,354.0,353.0,355.0,0.0,5.15,6453
2007-11-16,358.0,357.0,359.0,0.0,5.15,6453
2007-11-17,368.0,366.0,369.0,0.0,5.15,6453
2007-11-18,374.0,372.0,375.0,0.0,15.0,6453
2007-11-19,380.0,379.0,380.0,0.0,15.0,6453
2007-11-20,380.0,379.0,381.0,0.0,15.0,6453
2007-11-21,383.0,381.0,384.0,0.0,15.0,6453
2007-11-22,378.0,376.0,379.0,0.0,15.0,6453
2007-11-23,378.0,375.0,380.0,0.0,16.15,6453
2007-11-24,381.0,380.0,382.0,0.0,16.0,6453
2007-11-25,382.0,380.0,383.0,0.0,16.0,6453
2007-11-26,382.0,381.0,382.0,0.0,16.0,6453
2007-11-27,383.0,380.0,386.0,0.0,16.0,6453
2007-11-28,384.0,384.0,384.0,0.0,16.0,6453
2007-11-29,385.0,384.0,386.0,0.0,16.0,6453
2007-11-30,385.0,385.0,385.0,0.0,16.0,6453
2007-12-01,385.0,385.0,385.0,,16.0,6453
2007-12-02,383.0,383.0,383.0,,16.0,6453
2007-12-03,382.0,382.0,382.0,,16.0,6453
2007-12-04,382.0,382.0,382.0,,16.0,6453
2007-12-05,382.0,382.0,382.0,,16.0,6453
2007-12-06,381.0,381.0,381.0,,16.0,6453
2007-12-07,379.0,379.0,379.0,,16.0,6453
2007-12-08,378.0,378.0,378.0,,16.0,6453
2007-12-09,377.0,377.0,377.0,,16.0,6453
2007-12-10,377.0,377.0,377.0,,16.0,6453
2007-12-11,376.0,376.0,376.0,,16.0,6453
2007-12-12,375.0,375.0,375.0,,16.0,6453
2007-12-13,373.0,373.0,373.0,,16.0,6453
2007-12-14,372.0,372.0,372.0,,16.0,6453
2007-12-15,372.0,372.0,372.0,,16.0,6453
2007-12-16,372.0,372.0,372.0,,16.0,6453
2007-12-17,372.0,372.0,372.0,,16.0,6453
2007-12-18,372.0,372.0,372.0,,16.0,6453
2007-12-19,371.0,371.0,371.0,,16.0,6453
2007-12-20,371.0,371.0,371.0,,16.0,6453
2007-12-21,371.0,371.0,371.0,,16.0,6453
2007-12-22,371.0,371.0,371.0,,16.0,6453
2007-12-23,370.0,370.0,370.0,,16.0,6453
2007-12-24,370.0,370.0,370.0,,16.0,6453
2007-12-25,370.0,370.0,370.0,,16.0,6453
2007-12-26,369.0,369.0,369.0,,16.0,6453
2007-12-27,369.0,369.0,369.0,,16.0,6453
2007-12-28,368.0,368.0,368.0,,16.0,6453
2007-12-29,367.0,367.0,367.0,,16.0,6453
2007-12-30,366.0,366.0,366.0,,16.0,6453
2007-12-31,366.0,366.0,366.0,,16.0,6453
2008-01-01,367.0,367.0,367.0,,16.0,6453
2008-01-02,367.0,367.0,367.0,,16.0,6453
2008-01-03,368.0,368.0,368.0,,16.0,6453
2008-01-04,368.0,368.0,368.0,,16.0,6453
2008-01-05,368.0,368.0,368.0,,16.0,6453
2008-01-06,368.0,368.0,368.0,,16.0,6453
2008-01-07,368.0,368.0,368.0,,16.0,6453
2008-01-08,368.0,368.0,368.0,,16.0,6453
2008-01-09,369.0,369.0,369.0,,16.0,6453
2008-01-10,369.0,369.0,369.0,,16.0,6453
2008-01-11,367.0,367.0,367.0,,16.0,6453
2008-01-12,366.0,366.0,366.0,,16.0,6453
2008-01-13,365.0,365.0,365.0,,16.0,6453
2008-01-14,365.0,365.0,365.0,,16.0,6453
2008-01-15,364.0,364.0,364.0,,16.0,6453
2008-01-16,364.0,364.0,364.0,,16.0,6453
2008-01-17,364.0,364.0,364.0,,16.0,6453
2008-01-18,364.0,364.0,364.0,,16.0,6453
2008-01-19,364.0,364.0,364.0,,16.0,6453
2008-01-20,364.0,364.0,364.0,,16.0,6453
2008-01-21,364.0,364.0,364.0,,16.0,6453
2008-01-22,365.0,365.0,365.0,,16.0,6453
2008-01-23,365.0,365.0,365.0,,16.0,6453
2008-01-24,365.0,365.0,365.0,,16.0,6453
2008-01-25,366.0,366.0,366.0,,16.0,6453
2008-01-26,366.0,366.0,366.0,,16.0,6453
2008-01-27,367.0,367.0,367.0,,16.0,6453
2008-01-28,367.0,367.0,367.0,,16.0,6453
2008-01-29,368.0,368.0,368.0,,16.0,6453
2008-01-30,368.0,368.0,368.0,,16.0,6453
2008-01-31,368.0,368.0,368.0,,16.0,6453
2008-02-01,369.0,369.0,369.0,,16.0,6453
2008-02-02,369.0,369.0,369.0,,16.0,6453
2008-02-03,369.0,369.0,369.0,,16.0,6453
2008-02-04,368.0,368.0,368.0,,16.0,6453
2008-02-05,368.0,368.0,368.0,,16.0,6453
2008-02-06,369.0,369.0,369.0,,16.0,6453
2008-02-07,369.0,369.0,369.0,,16.0,6453
2008-02-08,368.0,368.0,368.0,,16.0,6453
2008-02-09,367.0,367.0,367.0,,16.0,6453
2008-02-10,367.0,367.0,367.0,,16.0,6453
2008-02-11,367.0,367.0,367.0,,16.0,6453
2008-02-12,367.0,367.0,367.0,,16.0,6453
2008-02-13,366.0,366.0,366.0,,16.0,6453
2008-02-14,366.0,366.0,366.0,,16.0,6453
2008-02-15,366.0,366.0,366.0,,16.0,6453
2008-02-16,366.0,366.0,366.0,,16.0,6453
2008-02-17,365.0,365.0,365.0,,16.0,6453
2008-02-18,365.0,365.0,365.0,,16.0,6453
2008-02-19,365.0,365.0,365.0,,16.0,6453
2008-02-20,365.0,365.0,365.0,,16.0,6453
2008-02-21,366.0,366.0,366.0,,16.0,6453
2008-02-22,366.0,366.0,366.0,,16.0,6453
2008-02-23,366.0,366.0,366.0,,16.0,6453
2008-02-24,367.0,367.0,367.0,,16.0,6453
2008-02-25,367.0,367.0,367.0,,16.0,6453
2008-02-26,367.0,367.0,367.0,,16.0,6453
2008-02-27,367.0,367.0,367.0,,16.0,6453
2008-02-28,366.0,366.0,366.0,,16.0,6453
2008-02-29,366.0,366.0,366.0,,16.0,6453
2008-03-01,366.0,366.0,366.0,,16.0,6453
2008-03-02,366.0,366.0,366.0,,16.0,6453
2008-03-03,367.0,367.0,367.0,,16.0,6453
2008-03-04,367.0,367.0,367.0,,16.0,6453
2008-03-05,367.0,367.0,367.0,,16.0,6453
2008-03-06,367.0,367.0,367.0,,16.0,6453
2008-03-07,367.0,367.0,367.0,,16.0,6453
2008-03-08,366.0,366.0,366.0,,16.0,6453
2008-03-09,366.0,366.0,366.0,,16.0,6453
2008-03-10,366.0,366.0,366.0,,16.0,6453
2008-03-11,367.0,367.0,367.0,,16.0,6453
2008-03-12,367.0,367.0,367.0,,16.0,6453
2008-03-13,368.0,368.0,368.0,,16.0,6453
2008-03-14,368.0,368.0,368.0,,16.0,6453
2008-03-15,370.0,370.0,370.0,,16.0,6453
2008-03-16,370.0,370.0,370.0,,16.0,6453
2008-03-17,371.0,371.0,371.0,,16.0,6453
2008-03-18,371.0,371.0,371.0,,16.0,6453
2008-03-19,372.0,372.0,372.0,,16.0,6453
2008-03-20,372.0,372.0,372.0,,16.0,6453
2008-03-21,373.0,373.0,373.0,,16.0,6453
2008-03-22,373.0,373.0,373.0,,16.0,6453
2008-03-23,373.0,373.0,373.0,,16.0,6453
2008-03-24,374.0,374.0,374.0,,16.0,6453
2008-03-25,374.0,374.0,374.0,,16.0,6453
2008-03-26,373.0,373.0,373.0,,16.0,6453
2008-03-27,372.0,372.0,372.0,,16.0,6453
2008-03-28,372.0,372.0,372.0,,16.0,6453
2008-03-29,376.0,376.0,376.0,,16.0,6453
2008-03-30,378.0,378.0,378.0,,16.0,6453
2008-03-31,379.0,379.0,379.0,,16.0,6453
2008-04-01,380.0,379.0,380.0,0.0,16.0,6453
2008-04-02,377.0,376.0,377.0,0.0,16.0,6453
2008-04-03,372.0,371.0,372.0,0.0,16.0,6453
2008-04-04,369.0,368.0,370.0,0.0,16.0,6453
2008-04-05,370.0,368.0,372.0,0.0,16.0,6453
2008-04-06,376.0,374.0,378.0,0.0,15.16,6453
2008-04-07,382.0,381.0,382.0,0.0,15.0,6453
2008-04-08,384.0,381.0,387.0,0.0,15.0,6453
2008-04-09,385.0,385.0,385.0,0.0,15.0,6453
2008-04-10,381.0,379.0,383.0,0.0,15.0,6453
2008-04-11,376.0,375.0,377.0,0.0,15.0,6453
2008-04-12,376.0,375.0,376.0,0.0,15.0,6453
2008-04-13,374.0,374.0,374.0,0.0,15.0,6453
2008-04-14,373.0,371.0,374.0,0.0,15.0,6453
2008-04-15,374.0,372.0,375.0,0.0,15.0,6453
2008-04-16,374.0,374.0,374.0,0.0,15.0,6453
2008-04-17,374.0,374.0,374.0,0.0,15.0,6453
2008-04-18,374.0,373.0,374.0,0.0,15.0,6453
2008-04-19,375.0,372.0,377.0,0.0,15.0,6453
2008-04-20,380.0,376.0,384.0,0.0,23.15,6453
2008-04-21,422.0,396.0,448.0,0.0,,6453
2008-04-22,597.0,490.0,644.0,0.2,,6453
2008-04-23,418.0,407.0,429.0,0.4,8.27,6453
2008-04-24,375.0,363.0,386.0,0.5,,6453
2008-04-25,357.0,354.0,359.0,0.35,2.27,6453
2008-04-26,348.0,345.0,350.0,0.25,2.27,6453
2008-04-27,340.0,339.0,340.0,0.25,,6453
2008-04-28,341.0,338.0,343.0,0.35,,6453
2008-04-29,342.0,341.0,342.0,0.4,,6453
2008-04-30,342.0,341.0,343.0,0.5,27.0,6453
2008-05-01,416.0,357.0,474.0,0.3,27.0,6453
2008-05-02,451.0,432.0,470.0,0.4,27.0,6453
2008-05-03,406.0,402.0,410.0,1.35,27.0,6453
2008-05-04,397.0,396.0,397.0,1.3,27.0,6453
2008-05-05,391.0,390.0,392.0,2.15,27.0,6453
2008-05-06,388.0,388.0,388.0,2.6,27.0,6453
2008-05-07,387.0,386.0,387.0,3.25,27.0,6453
2008-05-08,382.0,381.0,383.0,3.45,27.0,6453
2008-05-09,377.0,376.0,378.0,3.2,27.0,6453
2008-05-10,371.0,362.0,380.0,4.85,27.0,6453
2008-05-11,383.0,380.0,385.0,5.0,27.0,6453
2008-05-12,392.0,388.0,396.0,5.15,27.0,6453
2008-05-13,415.0,402.0,428.0,5.75,27.0,6453
2008-05-14,451.0,437.0,464.0,3.85,27.0,6453
2008-05-15,468.0,464.0,472.0,3.4,27.0,6453
2008-05-16,468.0,468.0,468.0,3.65,27.0,6453
2008-05-17,468.0,464.0,472.0,3.9,27.0,6453
2008-05-18,477.0,462.0,491.0,4.25,29.0,6453
2008-05-19,480.0,477.0,483.0,3.75,29.0,6453
2008-05-20,468.0,463.0,472.0,3.85,29.0,6453
2008-05-21,469.0,468.0,470.0,4.3,29.0,6453
2008-05-22,456.0,444.0,467.0,5.8,29.0,6453
2008-05-23,411.0,408.0,414.0,6.15,29.0,6453
2008-05-24,406.0,405.0,406.0,7.35,29.0,6453
2008-05-25,410.0,409.0,411.0,6.7,29.0,6453
2008-05-26,404.0,400.0,407.0,6.05,29.0,6453
2008-05-27,389.0,386.0,392.0,6.1,29.0,6453
2008-05-28,379.0,377.0,380.0,7.6,29.0,6453
2008-05-29,380.0,378.0,382.0,8.0,29.0,6453
2008-05-30,383.0,380.0,386.0,8.1,29.0,6453
2008-05-31,393.0,383.0,402.0,10.25,29.0,6453
2008-06-01,402.0,399.0,404.0,10.3,29.0,6453
2008-06-02,405.0,405.0,405.0,10.8,29.0,6453
2008-06-03,399.0,397.0,401.0,12.0,29.0,6453
2008-06-04,395.0,393.0,397.0,12.5,29.0,6453
2008-06-05,395.0,395.0,395.0,12.6,29.0,6453
2008-06-06,393.0,392.0,394.0,12.9,29.0,6453
2008-06-07,390.0,389.0,391.0,13.2,29.0,6453
2008-06-08,387.0,386.0,387.0,13.8,29.0,6453
2008-06-09,389.0,385.0,393.0,13.3,29.0,6453
2008-06-10,388.0,387.0,389.0,12.7,29.0,6453
2008-06-11,392.0,386.0,398.0,11.9,29.0,6453
2008-06-12,392.0,390.0,394.0,12.0,29.0,6453
2008-06-13,383.0,381.0,385.0,12.3,29.0,6453
2008-06-14,376.0,373.0,378.0,14.2,29.0,6453
2008-06-15,371.0,370.0,371.0,15.0,29.0,6453
2008-06-16,370.0,368.0,371.0,15.5,29.0,6453
2008-06-17,370.0,368.0,372.0,16.2,29.0,6453
2008-06-18,373.0,372.0,373.0,18.2,29.0,6453
2008-06-19,372.0,371.0,372.0,18.6,29.0,6453
2008-06-20,375.0,370.0,380.0,18.0,29.0,6453
2008-06-21,377.0,376.0,378.0,18.4,29.0,6453
2008-06-22,374.0,373.0,375.0,18.5,29.0,6453
2008-06-23,370.0,369.0,371.0,18.5,29.0,6453
2008-06-24,368.0,367.0,368.0,18.8,29.0,6453
2008-06-25,366.0,366.0,366.0,19.5,29.0,6453
2008-06-26,366.0,364.0,367.0,17.7,29.0,6453
2008-06-27,373.0,368.0,378.0,16.6,29.0,6453
2008-06-28,394.0,392.0,395.0,17.2,29.0,6453
2008-06-29,385.0,382.0,387.0,17.9,29.0,6453
2008-06-30,376.0,373.0,378.0,18.2,29.0,6453
2008-07-01,370.0,368.0,371.0,19.3,29.0,6453
2008-07-02,365.0,365.0,365.0,19.3,29.0,6453
2008-07-03,367.0,366.0,367.0,17.8,29.0,6453
2008-07-04,380.0,375.0,384.0,15.9,29.0,6453
2008-07-05,410.0,386.0,433.0,16.7,29.0,6453
2008-07-06,494.0,484.0,503.0,14.4,29.0,6453
2008-07-07,637.0,546.0,672.0,7.1,29.0,6453
2008-07-08,575.0,548.0,601.0,7.3,29.0,6453
2008-07-09,534.0,534.0,534.0,10.5,29.0,6453
2008-07-10,490.0,479.0,501.0,10.6,29.0,6453
2008-07-11,445.0,439.0,450.0,11.8,29.0,6453
2008-07-12,420.0,418.0,422.0,13.4,29.0,6453
2008-07-13,413.0,412.0,413.0,13.7,29.0,6453
2008-07-14,408.0,406.0,409.0,14.0,29.0,6453
2008-07-15,407.0,405.0,409.0,14.5,29.0,6453
2008-07-16,425.0,423.0,426.0,15.0,29.0,6453
2008-07-17,417.0,413.0,420.0,15.0,29.0,6453
2008-07-18,407.0,405.0,409.0,14.3,29.0,6453
2008-07-19,406.0,406.0,406.0,13.4,29.0,6453
2008-07-20,408.0,406.0,410.0,14.7,29.0,6453
2008-07-21,412.0,408.0,415.0,14.2,29.0,6453
2008-07-22,418.0,415.0,421.0,15.0,29.0,6453
2008-07-23,435.0,430.0,439.0,14.3,29.0,6453
2008-07-24,448.0,442.0,453.0,12.8,29.0,6453
2008-07-25,434.0,430.0,437.0,14.4,29.0,6453
2008-07-26,422.0,417.0,427.0,16.4,29.0,6453
2008-07-27,409.0,406.0,411.0,15.8,29.0,6453
2008-07-28,400.0,400.0,400.0,15.9,29.0,6453
2008-07-29,416.0,413.0,419.0,15.7,29.0,6453
2008-07-30,489.0,476.0,501.0,11.9,29.0,6453
2008-07-31,459.0,447.0,471.0,12.4,29.0,6453
2008-08-01,427.0,421.0,432.0,13.0,29.0,6453
2008-08-02,426.0,410.0,442.0,13.8,29.0,6453
2008-08-03,593.0,488.0,631.0,9.8,29.0,6453
2008-08-04,559.0,528.0,589.0,10.6,29.0,6453
2008-08-05,500.0,499.0,501.0,10.9,29.0,6453
2008-08-06,485.0,480.0,489.0,10.1,29.0,6453
2008-08-07,462.0,460.0,464.0,10.0,29.0,6453
2008-08-08,445.0,440.0,450.0,11.8,29.0,6453
2008-08-09,430.0,428.0,432.0,11.8,29.0,6453
2008-08-10,422.0,420.0,423.0,12.0,29.0,6453
2008-08-11,419.0,418.0,420.0,12.4,29.0,6453
2008-08-12,414.0,414.0,414.0,12.5,29.0,6453
2008-08-13,411.0,410.0,411.0,13.1,29.0,6453
2008-08-14,409.0,409.0,409.0,13.4,29.0,6453
2008-08-15,472.0,462.0,482.0,12.1,29.0,6453
2008-08-16,452.0,449.0,455.0,11.1,29.0,6453
2008-08-17,435.0,428.0,442.0,11.5,29.0,6453
2008-08-18,426.0,426.0,426.0,12.4,29.0,6453
2008-08-19,423.0,421.0,424.0,12.5,29.0,6453
2008-08-20,419.0,418.0,420.0,12.3,29.0,6453
2008-08-21,414.0,412.0,416.0,12.8,29.0,6453
2008-08-22,409.0,407.0,410.0,13.2,29.0,6453
2008-08-23,405.0,405.0,405.0,13.9,29.0,6453
2008-08-24,403.0,402.0,404.0,14.4,29.0,6453
2008-08-25,400.0,398.0,401.0,13.8,29.0,6453
2008-08-26,396.0,395.0,397.0,14.2,29.0,6453
2008-08-27,392.0,391.0,393.0,14.0,29.0,6453
2008-08-28,390.0,389.0,390.0,14.4,29.0,6453
2008-08-29,388.0,387.0,388.0,15.2,29.0,6453
2008-08-30,386.0,386.0,386.0,15.3,29.0,6453
2008-08-31,385.0,384.0,385.0,15.2,29.0,6453
2008-09-01,383.0,383.0,383.0,15.6,29.0,6453
2008-09-02,385.0,384.0,385.0,13.5,29.0,6453
2008-09-03,385.0,385.0,385.0,13.8,29.0,6453
2008-09-04,385.0,384.0,385.0,13.1,29.0,6453
2008-09-05,385.0,384.0,385.0,13.1,29.0,6453
2008-09-06,384.0,384.0,384.0,12.6,29.0,6453
2008-09-07,386.0,385.0,387.0,13.0,29.0,6453
2008-09-08,386.0,384.0,388.0,11.5,29.0,6453
2008-09-09,388.0,387.0,389.0,11.9,29.0,6453
2008-09-10,390.0,388.0,392.0,11.1,29.0,6453
2008-09-11,398.0,394.0,401.0,10.1,29.0,6453
2008-09-12,419.0,412.0,426.0,9.8,29.0,6453
2008-09-13,429.0,425.0,433.0,10.0,29.0,6453
2008-09-14,420.0,417.0,422.0,9.7,29.0,6453
2008-09-15,412.0,409.0,415.0,9.5,29.0,6453
2008-09-16,409.0,409.0,409.0,9.5,29.0,6453
2008-09-17,431.0,411.0,450.0,6.8,29.0,6453
2008-09-18,449.0,446.0,452.0,6.1,29.0,6453
2008-09-19,439.0,433.0,444.0,6.2,29.0,6453
2008-09-20,424.0,424.0,424.0,6.4,29.0,6453
2008-09-21,426.0,422.0,430.0,6.5,29.0,6453
2008-09-22,427.0,426.0,427.0,5.3,29.0,6453
2008-09-23,499.0,482.0,515.0,4.7,29.0,6453
2008-09-24,477.0,470.0,484.0,4.5,29.0,6453
2008-09-25,456.0,448.0,463.0,4.9,29.0,6453
2008-09-26,436.0,432.0,439.0,3.8,29.0,6453
2008-09-27,428.0,424.0,431.0,4.2,29.0,6453
2008-09-28,420.0,419.0,420.0,4.5,29.0,6453
2008-09-29,413.0,411.0,415.0,4.4,29.0,6453
2008-09-30,407.0,406.0,408.0,4.1,29.0,6453
2008-10-01,402.0,401.0,403.0,4.1,29.0,6453
2008-10-02,399.0,398.0,399.0,4.0,29.0,6453
2008-10-03,395.0,394.0,396.0,4.1,29.0,6453
2008-10-04,392.0,391.0,393.0,4.6,29.0,6453
2008-10-05,390.0,389.0,390.0,4.5,29.0,6453
2008-10-06,388.0,388.0,388.0,4.2,29.0,6453
2008-10-07,386.0,385.0,387.0,4.1,29.0,6453
2008-10-08,384.0,383.0,384.0,4.0,29.0,6453
2008-10-09,382.0,382.0,382.0,4.3,29.0,6453
2008-10-10,382.0,381.0,382.0,4.4,29.0,6453
2008-10-11,381.0,380.0,382.0,3.8,29.0,6453
2008-10-12,382.0,381.0,382.0,3.2,29.0,6453
2008-10-13,381.0,381.0,381.0,2.6,29.0,6453
2008-10-14,380.0,379.0,380.0,1.9,29.0,6453
2008-10-15,378.0,377.0,378.0,1.4,29.0,6453
2008-10-16,375.0,373.0,376.0,1.5,29.0,6453
2008-10-17,372.0,371.0,372.0,0.9,29.0,6453
2008-10-18,370.0,370.0,370.0,0.9,29.0,6453
2008-10-19,370.0,370.0,370.0,1.5,29.0,6453
2008-10-20,372.0,372.0,372.0,1.9,29.0,6453
2008-10-21,372.0,371.0,372.0,1.9,29.0,6453
2008-10-22,369.0,368.0,370.0,1.6,29.0,6453
2008-10-23,367.0,367.0,367.0,2.1,29.0,6453
2008-10-24,367.0,367.0,367.0,2.2,29.0,6453
2008-10-25,369.0,368.0,369.0,1.2,29.0,6453
2008-10-26,369.0,368.0,369.0,0.5,29.0,6453
2008-10-27,367.0,366.0,367.0,0.4,29.0,6453
2008-10-28,363.0,362.0,364.0,0.0,,6453
2008-10-29,359.0,358.0,360.0,0.0,,6453
2008-10-30,358.0,356.0,360.0,0.0,,6453
2008-10-31,359.0,359.0,359.0,0.0,,6453
2008-11-01,359.0,359.0,359.0,0.0,,6453
2008-11-02,359.0,358.0,360.0,0.0,,6453
2008-11-03,359.0,357.0,360.0,0.0,,6453
2008-11-04,350.0,350.0,350.0,0.0,,6453
2008-11-05,348.0,347.0,349.0,0.0,,6453
2008-11-06,354.0,352.0,355.0,0.0,,6453
2008-11-07,353.0,350.0,355.0,0.0,,6453
2008-11-08,371.0,362.0,380.0,0.0,,6453
2008-11-09,395.0,395.0,395.0,0.0,5.15,6453
2008-11-10,394.0,392.0,395.0,0.0,15.0,6453
2008-11-11,395.0,391.0,399.0,0.0,15.0,6453
2008-11-12,405.0,403.0,406.0,0.0,15.0,6453
2008-11-13,408.0,407.0,409.0,0.0,15.0,6453
2008-11-14,403.0,402.0,403.0,0.0,15.0,6453
2008-11-15,404.0,403.0,405.0,0.0,15.0,6453
2008-11-16,405.0,405.0,405.0,0.0,15.0,6453
2008-11-17,408.0,405.0,411.0,0.0,15.0,6453
2008-11-18,407.0,406.0,407.0,0.0,15.0,6453
2008-11-19,407.0,407.0,407.0,0.0,15.0,6453
2008-11-20,409.0,407.0,410.0,0.0,16.0,6453
2008-11-21,411.0,410.0,412.0,0.0,16.0,6453
2008-11-22,413.0,412.0,414.0,0.0,16.0,6453
2008-11-23,415.0,414.0,416.0,0.0,16.0,6453
2008-11-24,417.0,416.0,417.0,0.0,16.0,6453
2008-11-25,417.0,416.0,418.0,0.0,16.0,6453
2008-11-26,421.0,420.0,421.0,0.0,16.0,6453
2008-11-27,420.0,420.0,420.0,0.0,16.0,6453
2008-11-28,420.0,420.0,420.0,0.0,16.0,6453
2008-11-29,420.0,420.0,420.0,0.0,16.0,6453
2008-11-30,420.0,420.0,420.0,0.0,16.0,6453
2008-12-01,420.0,420.0,420.0,,16.0,6453
2008-12-02,421.0,421.0,421.0,,16.0,6453
2008-12-03,421.0,421.0,421.0,,16.0,6453
2008-12-04,422.0,422.0,422.0,,16.0,6453
2008-12-05,422.0,422.0,422.0,,16.0,6453
2008-12-06,418.0,418.0,418.0,,16.0,6453
2008-12-07,418.0,418.0,418.0,,16.0,6453
2008-12-08,418.0,418.0,418.0,,16.0,6453
2008-12-09,417.0,417.0,417.0,,16.0,6453
2008-12-10,417.0,417.0,417.0,,16.0,6453
2008-12-11,415.0,415.0,415.0,,16.0,6453
2008-12-12,414.0,414.0,414.0,,16.0,6453
2008-12-13,413.0,413.0,413.0,,16.0,6453
2008-12-14,412.0,412.0,412.0,,16.0,6453
2008-12-15,411.0,411.0,411.0,,16.0,6453
2008-12-16,410.0,410.0,410.0,,16.0,6453
2008-12-17,409.0,409.0,409.0,,16.0,6453
2008-12-18,408.0,408.0,408.0,,16.0,6453
2008-12-19,407.0,407.0,407.0,,16.0,6453
2008-12-20,406.0,406.0,406.0,,16.0,6453
2008-12-21,405.0,405.0,405.0,,16.0,6453
2008-12-22,404.0,404.0,404.0,,16.0,6453
2008-12-23,403.0,403.0,403.0,,16.0,6453
2008-12-24,402.0,402.0,402.0,,16.0,6453
2008-12-25,401.0,401.0,401.0,,16.0,6453
2008-12-26,401.0,401.0,401.0,,16.0,6453
2008-12-27,401.0,401.0,401.0,,16.0,6453
2008-12-28,400.0,400.0,400.0,,16.0,6453
2008-12-29,399.0,399.0,399.0,,16.0,6453
2008-12-30,398.0,398.0,398.0,,16.0,6453
2008-12-31,397.0,397.0,397.0,,16.0,6453
2009-01-01,397.0,397.0,397.0,,16.0,6453
2009-01-02,397.0,397.0,397.0,,16.0,6453
2009-01-03,396.0,396.0,396.0,,16.0,6453
2009-01-04,396.0,396.0,396.0,,16.0,6453
2009-01-05,396.0,396.0,396.0,,16.0,6453
2009-01-06,396.0,396.0,396.0,,16.0,6453
2009-01-07,396.0,396.0,396.0,,16.0,6453
2009-01-08,392.0,392.0,392.0,,16.0,6453
2009-01-09,391.0,391.0,391.0,,16.0,6453
2009-01-10,390.0,390.0,390.0,,16.0,6453
2009-01-11,389.0,389.0,389.0,,16.0,6453
2009-01-12,389.0,389.0,389.0,,16.0,6453
2009-01-13,388.0,388.0,388.0,,16.0,6453
2009-01-14,387.0,387.0,387.0,,16.0,6453
2009-01-15,387.0,387.0,387.0,,16.0,6453
2009-01-16,387.0,387.0,387.0,,16.0,6453
2009-01-17,387.0,387.0,387.0,,16.0,6453
2009-01-18,387.0,387.0,387.0,,16.0,6453
2009-01-19,387.0,387.0,387.0,,16.0,6453
2009-01-20,387.0,387.0,387.0,,16.0,6453
2009-01-21,386.0,386.0,386.0,,16.0,6453
2009-01-22,386.0,386.0,386.0,,16.0,6453
2009-01-23,386.0,386.0,386.0,,16.0,6453
2009-01-24,386.0,386.0,386.0,,16.0,6453
2009-01-25,386.0,386.0,386.0,,16.0,6453
2009-01-26,386.0,386.0,386.0,,16.0,6453
2009-01-27,386.0,386.0,386.0,,16.0,6453
2009-01-28,385.0,385.0,385.0,,16.0,6453
2009-01-29,385.0,385.0,385.0,,16.0,6453
2009-01-30,384.0,384.0,384.0,,16.0,6453
2009-01-31,384.0,384.0,384.0,,16.0,6453
2009-02-01,384.0,384.0,384.0,,16.0,6453
2009-02-02,383.0,383.0,383.0,,16.0,6453
2009-02-03,383.0,383.0,383.0,,16.0,6453
2009-02-04,382.0,382.0,382.0,,16.0,6453
2009-02-05,381.0,381.0,381.0,,16.0,6453
2009-02-06,380.0,380.0,380.0,,16.0,6453
2009-02-07,380.0,380.0,380.0,,16.0,6453
2009-02-08,380.0,380.0,380.0,,16.0,6453
2009-02-09,379.0,379.0,379.0,,16.0,6453
2009-02-10,379.0,379.0,379.0,,16.0,6453
2009-02-11,379.0,379.0,379.0,,16.0,6453
2009-02-12,379.0,379.0,379.0,,16.0,6453
2009-02-13,379.0,379.0,379.0,,16.0,6453
2009-02-14,379.0,379.0,379.0,,16.0,6453
2009-02-15,379.0,379.0,379.0,,16.0,6453
2009-02-16,379.0,379.0,379.0,,16.0,6453
2009-02-17,379.0,379.0,379.0,,16.0,6453
2009-02-18,379.0,379.0,379.0,,16.0,6453
2009-02-19,379.0,379.0,379.0,,16.0,6453
2009-02-20,379.0,379.0,379.0,,16.0,6453
2009-02-21,378.0,378.0,378.0,,16.0,6453
2009-02-22,378.0,378.0,378.0,,16.0,6453
2009-02-23,377.0,377.0,377.0,,16.0,6453
2009-02-24,377.0,377.0,377.0,,16.0,6453
2009-02-25,377.0,377.0,377.0,,16.0,6453
2009-02-26,376.0,376.0,376.0,,16.0,6453
2009-02-27,374.0,374.0,374.0,,16.0,6453
2009-02-28,372.0,372.0,372.0,,16.0,6453
2009-03-01,371.0,371.0,371.0,,16.0,6453
2009-03-02,370.0,370.0,370.0,,16.0,6453
2009-03-03,370.0,370.0,370.0,,16.0,6453
2009-03-04,370.0,370.0,370.0,,16.0,6453
2009-03-05,370.0,370.0,370.0,,16.0,6453
2009-03-06,370.0,370.0,370.0,,16.0,6453
2009-03-07,370.0,370.0,370.0,,16.0,6453
2009-03-08,370.0,370.0,370.0,,16.0,6453
2009-03-09,370.0,370.0,370.0,,16.0,6453
2009-03-10,370.0,370.0,370.0,,16.0,6453
2009-03-11,370.0,370.0,370.0,,16.0,6453
2009-03-12,370.0,370.0,370.0,,16.0,6453
2009-03-13,370.0,370.0,370.0,,16.0,6453
2009-03-14,370.0,370.0,370.0,,16.0,6453
2009-03-15,370.0,370.0,370.0,,16.0,6453
2009-03-16,371.0,371.0,371.0,,16.0,6453
2009-03-17,371.0,371.0,371.0,,16.0,6453
2009-03-18,371.0,371.0,371.0,,16.0,6453
2009-03-19,371.0,371.0,371.0,,16.0,6453
2009-03-20,371.0,371.0,371.0,,16.0,6453
2009-03-21,371.0,371.0,371.0,,16.0,6453
2009-03-22,371.0,371.0,371.0,,16.0,6453
2009-03-23,371.0,371.0,371.0,,16.0,6453
2009-03-24,371.0,371.0,371.0,,16.0,6453
2009-03-25,371.0,371.0,371.0,,16.0,6453
2009-03-26,373.0,373.0,373.0,,16.0,6453
2009-03-27,373.0,373.0,373.0,,16.0,6453
2009-03-28,373.0,373.0,373.0,,16.0,6453
2009-03-29,373.0,373.0,373.0,,16.0,6453
2009-03-30,373.0,373.0,373.0,,16.0,6453
2009-03-31,374.0,374.0,374.0,,16.0,6453
2009-04-01,374.0,374.0,374.0,,16.0,6453
2009-04-02,373.0,373.0,373.0,,16.0,6453
2009-04-03,373.0,373.0,373.0,,16.0,6453
2009-04-04,374.0,373.0,374.0,,16.0,6453
2009-04-05,374.0,373.0,374.0,,16.0,6453
2009-04-06,374.0,373.0,375.0,,16.0,6453
2009-04-07,375.0,375.0,375.0,,16.0,6453
2009-04-08,375.0,375.0,375.0,,16.0,6453
2009-04-09,375.0,375.0,375.0,,16.0,6453
2009-04-10,376.0,375.0,377.0,,16.0,6453
2009-04-11,377.0,377.0,377.0,,16.0,6453
2009-04-12,378.0,377.0,378.0,,16.0,6453
2009-04-13,378.0,378.0,378.0,,16.0,6453
2009-04-14,378.0,378.0,378.0,,16.0,6453
2009-04-15,378.0,377.0,378.0,,16.0,6453
2009-04-16,377.0,377.0,377.0,,16.0,6453
2009-04-17,377.0,377.0,377.0,,16.0,6453
2009-04-18,378.0,377.0,378.0,,16.0,6453
2009-04-19,378.0,378.0,378.0,,16.0,6453
2009-04-20,378.0,376.0,379.0,,16.0,6453
2009-04-21,379.0,379.0,379.0,0.0,16.0,6453
2009-04-22,379.0,379.0,379.0,0.0,16.0,6453
2009-04-23,380.0,379.0,380.0,0.0,16.0,6453
2009-04-24,381.0,381.0,381.0,0.0,16.0,6453
2009-04-25,382.0,382.0,382.0,0.0,16.47,6453
2009-04-26,383.0,382.0,383.0,0.0,47.0,6453
2009-04-27,396.0,383.0,408.0,0.0,,6453
2009-04-28,407.0,404.0,410.0,0.0,23.0,6453
2009-04-29,409.0,407.0,411.0,0.0,23.0,6453
2009-04-30,423.0,417.0,428.0,0.0,23.0,6453
2009-05-01,475.0,450.0,500.0,0.6,,6453
2009-05-02,462.0,429.0,495.0,0.6,,6453
2009-05-03,503.0,495.0,510.0,0.4,8.27,6453
2009-05-04,478.0,468.0,487.0,0.8,8.27,6453
2009-05-05,454.0,446.0,461.0,1.9,8.27,6453
2009-05-06,437.0,435.0,439.0,1.8,27.0,6453
2009-05-07,463.0,453.0,473.0,2.3,27.0,6453
2009-05-08,504.0,495.0,512.0,1.9,27.0,6453
2009-05-09,461.0,451.0,471.0,2.4,27.0,6453
2009-05-10,444.0,441.0,446.0,2.6,27.0,6453
2009-05-11,447.0,445.0,448.0,3.8,27.0,6453
2009-05-12,488.0,476.0,499.0,3.0,27.0,6453
2009-05-13,475.0,464.0,485.0,2.1,27.0,6453
2009-05-14,457.0,454.0,459.0,3.1,27.0,6453
2009-05-15,452.0,449.0,455.0,3.5,29.27,6453
2009-05-16,448.0,444.0,451.0,4.4,29.0,6453
2009-05-17,565.0,487.0,596.0,3.0,29.0,6453
2009-05-18,567.0,561.0,573.0,2.5,29.0,6453
2009-05-19,586.0,566.0,601.0,3.1,29.0,6453
2009-05-20,561.0,548.0,574.0,4.1,29.0,6453
2009-05-21,579.0,550.0,599.0,4.7,29.0,6453
2009-05-22,593.0,540.0,622.0,4.0,29.0,6453
2009-05-23,533.0,528.0,538.0,5.1,29.0,6453
2009-05-24,495.0,488.0,502.0,5.0,29.0,6453
2009-05-25,494.0,489.0,499.0,6.3,29.0,6453
2009-05-26,501.0,500.0,502.0,5.9,29.0,6453
2009-05-27,454.0,449.0,459.0,6.2,29.0,6453
2009-05-28,446.0,444.0,448.0,7.1,29.0,6453
2009-05-29,451.0,445.0,457.0,7.2,29.0,6453
2009-05-30,454.0,450.0,458.0,6.8,29.0,6453
2009-05-31,452.0,451.0,452.0,6.3,29.0,6453
2009-06-01,445.0,443.0,447.0,6.8,29.0,6453
2009-06-02,505.0,503.0,506.0,5.6,29.0,6453
2009-06-03,470.0,457.0,483.0,6.6,29.0,6453
2009-06-04,434.0,427.0,441.0,7.3,29.0,6453
2009-06-05,422.0,421.0,423.0,8.6,29.0,6453
2009-06-06,424.0,423.0,425.0,8.9,29.0,6453
2009-06-07,419.0,417.0,420.0,10.2,29.0,6453
2009-06-08,413.0,413.0,413.0,10.2,29.0,6453
2009-06-09,437.0,417.0,456.0,10.9,29.0,6453
2009-06-10,438.0,435.0,440.0,11.0,29.0,6453
2009-06-11,436.0,418.0,454.0,10.7,29.0,6453
2009-06-12,490.0,473.0,506.0,10.3,29.0,6453
2009-06-13,457.0,452.0,462.0,10.7,29.0,6453
2009-06-14,434.0,428.0,440.0,10.6,29.0,6453
2009-06-15,410.0,403.0,416.0,11.5,29.0,6453
2009-06-16,397.0,394.0,400.0,11.5,29.0,6453
2009-06-17,393.0,392.0,393.0,11.8,29.0,6453
2009-06-18,395.0,394.0,395.0,12.3,29.0,6453
2009-06-19,398.0,396.0,399.0,11.4,29.0,6453
2009-06-20,415.0,411.0,419.0,12.4,29.0,6453
2009-06-21,468.0,440.0,495.0,9.4,29.0,6453
2009-06-22,494.0,491.0,497.0,8.2,29.0,6453
2009-06-23,466.0,460.0,472.0,8.8,29.0,6453
2009-06-24,448.0,439.0,456.0,9.4,29.0,6453
2009-06-25,466.0,460.0,472.0,8.9,29.0,6453
2009-06-26,445.0,433.0,457.0,8.6,29.0,6453
2009-06-27,430.0,426.0,433.0,10.1,29.0,6453
2009-06-28,431.0,425.0,436.0,11.3,29.0,6453
2009-06-29,412.0,410.0,414.0,10.0,29.0,6453
2009-06-30,409.0,405.0,412.0,10.5,29.0,6453
2009-07-01,409.0,408.0,410.0,11.1,29.0,6453
2009-07-02,411.0,405.0,416.0,12.0,29.0,6453
2009-07-03,410.0,406.0,413.0,13.3,29.0,6453
2009-07-04,439.0,409.0,468.0,12.4,29.0,6453
2009-07-05,451.0,441.0,461.0,13.0,29.0,6453
2009-07-06,429.0,422.0,435.0,14.2,29.0,6453
2009-07-07,417.0,414.0,420.0,13.1,29.0,6453
2009-07-08,420.0,417.0,422.0,11.4,29.0,6453
2009-07-09,565.0,462.0,607.0,8.0,29.0,6453
2009-07-10,553.0,532.0,574.0,7.3,29.0,6453
2009-07-11,499.0,493.0,505.0,8.4,29.0,6453
2009-07-12,471.0,458.0,484.0,10.0,29.0,6453
2009-07-13,480.0,480.0,480.0,10.5,29.0,6453
2009-07-14,458.0,455.0,461.0,10.3,29.0,6453
2009-07-15,438.0,436.0,440.0,10.4,29.0,6453
2009-07-16,436.0,434.0,437.0,10.9,29.0,6453
2009-07-17,508.0,494.0,522.0,10.0,29.0,6453
2009-07-18,562.0,519.0,578.0,7.4,29.0,6453
2009-07-19,577.0,558.0,585.0,7.0,29.0,6453
2009-07-20,532.0,527.0,537.0,7.7,29.0,6453
2009-07-21,496.0,488.0,503.0,9.1,29.0,6453
2009-07-22,468.0,460.0,475.0,9.9,29.0,6453
2009-07-23,445.0,441.0,448.0,10.7,29.0,6453
2009-07-24,432.0,430.0,433.0,11.7,29.0,6453
2009-07-25,425.0,423.0,426.0,12.4,29.0,6453
2009-07-26,421.0,420.0,422.0,13.4,29.0,6453
2009-07-27,418.0,417.0,419.0,14.5,29.0,6453
2009-07-28,420.0,417.0,422.0,14.4,29.0,6453
2009-07-29,422.0,419.0,424.0,13.6,29.0,6453
2009-07-30,428.0,426.0,430.0,14.5,29.0,6453
2009-07-31,423.0,420.0,425.0,15.4,29.0,6453
2009-08-01,418.0,417.0,419.0,15.6,29.0,6453
2009-08-02,413.0,412.0,414.0,15.8,29.0,6453
2009-08-03,419.0,415.0,423.0,15.2,29.0,6453
2009-08-04,457.0,452.0,462.0,13.1,29.0,6453
2009-08-05,452.0,451.0,452.0,14.7,29.0,6453
2009-08-06,455.0,453.0,456.0,11.8,29.0,6453
2009-08-07,451.0,450.0,452.0,11.4,29.0,6453
2009-08-08,456.0,454.0,457.0,10.7,29.0,6453
2009-08-09,462.0,459.0,465.0,10.7,29.0,6453
2009-08-10,446.0,441.0,451.0,12.3,29.0,6453
2009-08-11,428.0,426.0,430.0,12.7,29.0,6453
2009-08-12,470.0,438.0,502.0,11.5,29.0,6453
2009-08-13,546.0,533.0,559.0,9.0,29.0,6453
2009-08-14,509.0,496.0,522.0,9.0,29.0,6453
2009-08-15,469.0,465.0,473.0,9.4,29.0,6453
2009-08-16,443.0,434.0,452.0,9.8,29.0,6453
2009-08-17,423.0,422.0,424.0,11.1,29.0,6453
2009-08-18,468.0,464.0,472.0,10.4,29.0,6453
2009-08-19,456.0,452.0,460.0,10.5,29.0,6453
2009-08-20,441.0,440.0,441.0,11.0,29.0,6453
2009-08-21,457.0,438.0,475.0,10.9,29.0,6453
2009-08-22,549.0,533.0,565.0,9.8,29.0,6453
2009-08-23,519.0,498.0,540.0,8.2,29.0,6453
2009-08-24,467.0,457.0,476.0,8.6,29.0,6453
2009-08-25,434.0,433.0,434.0,10.3,29.0,6453
2009-08-26,430.0,429.0,430.0,11.0,29.0,6453
2009-08-27,437.0,431.0,443.0,10.3,29.0,6453
2009-08-28,492.0,476.0,508.0,8.2,29.0,6453
2009-08-29,547.0,505.0,588.0,6.2,29.0,6453
2009-08-30,576.0,564.0,588.0,5.9,29.0,6453
2009-08-31,556.0,547.0,564.0,6.5,29.0,6453
2009-09-01,527.0,516.0,537.0,7.5,29.0,6453
2009-09-02,484.0,475.0,493.0,8.2,29.0,6453
2009-09-03,464.0,463.0,464.0,8.6,29.0,6453
2009-09-04,453.0,452.0,453.0,8.9,29.0,6453
2009-09-05,442.0,439.0,444.0,9.2,29.0,6453
2009-09-06,440.0,435.0,445.0,9.3,29.0,6453
2009-09-07,582.0,474.0,669.0,5.9,29.0,6453
2009-09-08,620.0,600.0,640.0,4.8,29.0,6453
2009-09-09,544.0,533.0,555.0,6.0,29.0,6453
2009-09-10,525.0,510.0,539.0,5.6,29.0,6453
2009-09-11,508.0,505.0,511.0,6.2,29.0,6453
2009-09-12,487.0,476.0,497.0,7.1,29.0,6453
2009-09-13,459.0,456.0,462.0,7.3,29.0,6453
2009-09-14,445.0,444.0,446.0,7.7,29.0,6453
2009-09-15,444.0,444.0,444.0,7.4,29.0,6453
2009-09-16,447.0,446.0,448.0,7.2,29.0,6453
2009-09-17,443.0,442.0,443.0,6.6,29.0,6453
2009-09-18,440.0,439.0,440.0,6.5,29.0,6453
2009-09-19,436.0,434.0,438.0,6.3,29.0,6453
2009-09-20,432.0,430.0,433.0,6.1,29.0,6453
2009-09-21,425.0,424.0,426.0,5.8,29.0,6453
2009-09-22,422.0,421.0,422.0,5.9,29.0,6453
2009-09-23,420.0,419.0,420.0,6.3,29.0,6453
2009-09-24,416.0,413.0,418.0,6.5,29.0,6453
2009-09-25,411.0,409.0,412.0,6.1,29.0,6453
2009-09-26,415.0,407.0,423.0,6.2,29.0,6453
2009-09-27,424.0,423.0,424.0,6.2,29.0,6453
2009-09-28,425.0,424.0,426.0,5.5,29.0,6453
2009-09-29,423.0,422.0,423.0,5.7,29.0,6453
2009-09-30,422.0,421.0,422.0,5.7,29.0,6453
2009-10-01,419.0,419.0,419.0,5.6,29.0,6453
2009-10-02,428.0,426.0,430.0,5.5,29.0,6453
2009-10-03,439.0,437.0,440.0,4.9,29.0,6453
2009-10-04,435.0,434.0,436.0,4.6,29.0,6453
2009-10-05,432.0,431.0,432.0,4.5,29.0,6453
2009-10-06,434.0,433.0,435.0,4.4,29.0,6453
2009-10-07,429.0,426.0,431.0,4.4,29.0,6453
2009-10-08,422.0,420.0,423.0,4.2,29.0,6453
2009-10-09,417.0,417.0,417.0,4.0,29.0,6453
2009-10-10,416.0,416.0,416.0,3.2,29.0,6453
2009-10-11,415.0,414.0,415.0,2.7,29.0,6453
2009-10-12,412.0,411.0,413.0,3.0,29.0,6453
2009-10-13,410.0,410.0,410.0,2.7,29.0,6453
2009-10-14,408.0,407.0,408.0,2.6,29.0,6453
2009-10-15,406.0,404.0,407.0,2.4,29.0,6453
2009-10-16,400.0,397.0,402.0,2.0,29.0,6453
2009-10-17,396.0,395.0,396.0,1.5,29.0,6453
2009-10-18,395.0,394.0,395.0,1.8,29.0,6453
2009-10-19,394.0,393.0,394.0,1.9,29.0,6453
2009-10-20,392.0,391.0,393.0,2.1,29.0,6453
2009-10-21,390.0,389.0,390.0,2.0,29.0,6453
2009-10-22,388.0,387.0,389.0,1.6,29.0,6453
2009-10-23,386.0,385.0,387.0,1.7,29.0,6453
2009-10-24,384.0,383.0,384.0,1.3,29.0,6453
2009-10-25,382.0,382.0,382.0,1.4,29.0,6453
2009-10-26,384.0,381.0,386.0,1.4,29.0,6453
2009-10-27,382.0,381.0,382.0,0.9,,6453
2009-10-28,379.0,378.0,380.0,0.4,,6453
2009-10-29,374.0,373.0,375.0,0.0,,6453
2009-10-30,370.0,368.0,371.0,0.0,,6453
2009-10-31,379.0,366.0,391.0,0.0,,6453
2009-11-01,395.0,393.0,396.0,0.0,15.0,6453
2009-11-02,407.0,401.0,412.0,0.0,16.15,6453
2009-11-03,414.0,411.0,416.0,0.0,16.0,6453
2009-11-04,423.0,422.0,423.0,0.0,16.0,6453
2009-11-05,422.0,421.0,422.0,0.0,16.0,6453
2009-11-06,420.0,419.0,420.0,0.0,16.0,6453
2009-11-07,419.0,417.0,420.0,0.0,16.0,6453
2009-11-08,418.0,416.0,420.0,0.0,16.0,6453
2009-11-09,410.0,409.0,410.0,0.0,16.0,6453
2009-11-10,409.0,407.0,410.0,0.0,16.0,6453
2009-11-11,407.0,407.0,407.0,0.0,16.0,6453
2009-11-12,408.0,406.0,410.0,0.0,16.0,6453
2009-11-13,411.0,408.0,413.0,0.0,16.0,6453
2009-11-14,420.0,419.0,421.0,0.0,16.0,6453
2009-11-15,426.0,426.0,426.0,0.0,16.0,6453
2009-11-16,424.0,424.0,424.0,0.0,16.0,6453
2009-11-17,418.0,418.0,418.0,0.0,16.0,6453
2009-11-18,420.0,420.0,420.0,0.0,16.0,6453
2009-11-19,419.0,419.0,419.0,0.0,16.0,6453
2009-11-20,418.0,418.0,418.0,0.0,16.0,6453
2009-11-21,417.0,417.0,417.0,0.0,16.0,6453
2009-11-22,417.0,417.0,417.0,0.0,16.0,6453
2009-11-23,415.0,415.0,415.0,0.0,16.0,6453
2009-11-24,414.0,414.0,414.0,0.0,16.0,6453
2009-11-25,413.0,413.0,413.0,0.0,16.0,6453
2009-11-26,413.0,413.0,413.0,0.0,16.0,6453
2009-11-27,413.0,413.0,413.0,0.0,16.0,6453
2009-11-28,413.0,413.0,413.0,0.0,16.0,6453
2009-11-29,411.0,411.0,411.0,0.0,16.0,6453
2009-11-30,410.0,410.0,410.0,0.0,16.0,6453
2009-12-01,408.0,408.0,408.0,,16.0,6453
2009-12-02,407.0,407.0,407.0,,16.0,6453
2009-12-03,406.0,406.0,406.0,,16.0,6453
2009-12-04,405.0,405.0,405.0,,16.0,6453
2009-12-05,404.0,404.0,404.0,,16.0,6453
2009-12-06,404.0,404.0,404.0,,16.0,6453
2009-12-07,403.0,403.0,403.0,,16.0,6453
2009-12-08,403.0,403.0,403.0,,16.0,6453
2009-12-09,402.0,402.0,402.0,,16.0,6453
2009-12-10,402.0,402.0,402.0,,16.0,6453
2009-12-11,401.0,401.0,401.0,,16.0,6453
2009-12-12,400.0,400.0,400.0,,16.0,6453
2009-12-13,399.0,399.0,399.0,,16.0,6453
2009-12-14,398.0,398.0,398.0,,16.0,6453
2009-12-15,397.0,397.0,397.0,,16.0,6453
2009-12-16,396.0,396.0,396.0,,16.0,6453
2009-12-17,396.0,396.0,396.0,,16.0,6453
2009-12-18,394.0,394.0,394.0,,16.0,6453
2009-12-19,394.0,394.0,394.0,,16.0,6453
2009-12-20,393.0,393.0,393.0,,16.0,6453
2009-12-21,393.0,393.0,393.0,,16.0,6453
2009-12-22,393.0,393.0,393.0,,16.0,6453
2009-12-23,393.0,393.0,393.0,,16.0,6453
2009-12-24,392.0,392.0,392.0,,16.0,6453
2009-12-25,392.0,392.0,392.0,,16.0,6453
2009-12-26,391.0,391.0,391.0,,16.0,6453
2009-12-27,389.0,389.0,389.0,,16.0,6453
2009-12-28,388.0,388.0,388.0,,16.0,6453
2009-12-29,387.0,387.0,387.0,,16.0,6453
2009-12-30,387.0,387.0,387.0,,16.0,6453
2009-12-31,386.0,386.0,386.0,,16.0,6453
2010-01-01,386.0,386.0,386.0,,16.0,6453
2010-01-02,386.0,386.0,386.0,,16.0,6453
2010-01-03,387.0,387.0,387.0,,16.0,6453
2010-01-04,388.0,388.0,388.0,,16.0,6453
2010-01-05,389.0,389.0,389.0,,16.0,6453
2010-01-06,389.0,389.0,389.0,,16.0,6453
2010-01-07,389.0,389.0,389.0,,16.0,6453
2010-01-08,389.0,389.0,389.0,,16.0,6453
2010-01-09,388.0,388.0,388.0,,16.0,6453
2010-01-10,388.0,388.0,388.0,,16.0,6453
2010-01-11,386.0,386.0,386.0,,16.0,6453
2010-01-12,386.0,386.0,386.0,,16.0,6453
2010-01-13,385.0,385.0,385.0,,16.0,6453
2010-01-14,384.0,384.0,384.0,,16.0,6453
2010-01-15,383.0,383.0,383.0,,16.0,6453
2010-01-16,382.0,382.0,382.0,,16.0,6453
2010-01-17,381.0,381.0,381.0,,16.0,6453
2010-01-18,379.0,379.0,379.0,,16.0,6453
2010-01-19,379.0,379.0,379.0,,16.0,6453
2010-01-20,378.0,378.0,378.0,,16.0,6453
2010-01-21,378.0,378.0,378.0,,16.0,6453
2010-01-22,380.0,380.0,380.0,,16.0,6453
2010-01-23,381.0,381.0,381.0,,16.0,6453
2010-01-24,381.0,381.0,381.0,,16.0,6453
2010-01-25,382.0,382.0,382.0,,16.0,6453
2010-01-26,382.0,382.0,382.0,,16.0,6453
2010-01-27,382.0,382.0,382.0,,16.0,6453
2010-01-28,382.0,382.0,382.0,,16.0,6453
2010-01-29,382.0,382.0,382.0,,16.0,6453
2010-01-30,382.0,382.0,382.0,,16.0,6453
2010-01-31,382.0,382.0,382.0,,16.0,6453
2010-02-01,382.0,382.0,382.0,,16.0,6453
2010-02-02,380.0,380.0,380.0,,16.0,6453
2010-02-03,379.0,379.0,379.0,,16.0,6453
2010-02-04,378.0,378.0,378.0,,16.0,6453
2010-02-05,377.0,377.0,377.0,,16.0,6453
2010-02-06,376.0,376.0,376.0,,16.0,6453
2010-02-07,379.0,379.0,379.0,,16.0,6453
2010-02-08,381.0,381.0,381.0,,16.0,6453
2010-02-09,382.0,382.0,382.0,,16.0,6453
2010-02-10,383.0,383.0,383.0,,16.0,6453
2010-02-11,383.0,383.0,383.0,,16.0,6453
2010-02-12,381.0,381.0,381.0,,16.0,6453
2010-02-13,379.0,379.0,379.0,,16.0,6453
2010-02-14,378.0,378.0,378.0,,16.0,6453
2010-02-15,378.0,378.0,378.0,,16.0,6453
2010-02-16,376.0,376.0,376.0,,16.0,6453
2010-02-17,375.0,375.0,375.0,,16.0,6453
2010-02-18,373.0,373.0,373.0,,16.0,6453
2010-02-19,372.0,372.0,372.0,,16.0,6453
2010-02-20,371.0,371.0,371.0,,16.0,6453
2010-02-21,374.0,374.0,374.0,,16.0,6453
2010-02-22,378.0,378.0,378.0,,16.0,6453
2010-02-23,382.0,382.0,382.0,,16.0,6453
2010-02-24,384.0,384.0,384.0,,16.0,6453
2010-02-25,384.0,384.0,384.0,,16.0,6453
2010-02-26,384.0,384.0,384.0,,16.0,6453
2010-02-27,384.0,384.0,384.0,,16.0,6453
2010-02-28,384.0,384.0,384.0,,16.0,6453
2010-03-01,384.0,384.0,384.0,,16.0,6453
2010-03-02,381.0,381.0,381.0,,16.0,6453
2010-03-03,378.0,378.0,378.0,,16.0,6453
2010-03-04,377.0,377.0,377.0,,16.0,6453
2010-03-05,376.0,376.0,376.0,,16.0,6453
2010-03-06,375.0,375.0,375.0,,16.0,6453
2010-03-07,375.0,375.0,375.0,,16.0,6453
2010-03-08,376.0,376.0,376.0,,16.0,6453
2010-03-09,376.0,376.0,376.0,,16.0,6453
2010-03-10,377.0,377.0,377.0,,16.0,6453
2010-03-11,380.0,380.0,380.0,,16.0,6453
2010-03-12,383.0,383.0,383.0,,16.0,6453
2010-03-13,384.0,384.0,384.0,,16.0,6453
2010-03-14,386.0,386.0,386.0,,16.0,6453
2010-03-15,386.0,386.0,386.0,,16.0,6453
2010-03-16,386.0,386.0,386.0,,16.0,6453
2010-03-17,385.0,385.0,385.0,,16.0,6453
2010-03-18,380.0,380.0,380.0,,16.0,6453
2010-03-19,379.0,379.0,379.0,,16.0,6453
2010-03-20,375.0,375.0,375.0,,16.0,6453
2010-03-21,375.0,375.0,375.0,,16.0,6453
2010-03-22,375.0,375.0,375.0,,16.0,6453
2010-03-23,375.0,375.0,375.0,,16.0,6453
2010-03-24,375.0,375.0,375.0,,16.0,6453
2010-03-25,376.0,376.0,376.0,,16.0,6453
2010-03-26,378.0,378.0,378.0,,16.0,6453
2010-03-27,379.0,379.0,379.0,,16.0,6453
2010-03-28,379.0,379.0,379.0,,16.0,6453
2010-03-29,380.0,380.0,380.0,,16.0,6453
2010-03-30,378.0,378.0,378.0,,16.0,6453
2010-03-31,377.0,377.0,377.0,,16.0,6453
2010-04-01,378.0,377.0,378.0,,16.0,6453
2010-04-02,379.0,378.0,379.0,,16.0,6453
2010-04-03,379.0,379.0,379.0,,16.0,6453
2010-04-04,380.0,379.0,380.0,,16.0,6453
2010-04-05,380.0,379.0,380.0,,16.0,6453
2010-04-06,379.0,379.0,379.0,,16.0,6453
2010-04-07,378.0,377.0,379.0,,16.0,6453
2010-04-08,377.0,377.0,377.0,,16.0,6453
2010-04-09,379.0,377.0,381.0,,16.0,6453
2010-04-10,385.0,384.0,385.0,,16.0,6453
2010-04-11,386.0,385.0,387.0,,16.0,6453
2010-04-12,388.0,387.0,388.0,,16.0,6453
2010-04-13,388.0,388.0,388.0,,16.0,6453
2010-04-14,388.0,388.0,388.0,,16.0,6453
2010-04-15,389.0,388.0,389.0,,16.0,6453
2010-04-16,391.0,390.0,391.0,,16.0,6453
2010-04-17,392.0,391.0,392.0,,16.0,6453
2010-04-18,394.0,391.0,397.0,,16.0,6453
2010-04-19,397.0,396.0,397.0,,16.0,6453
2010-04-20,395.0,393.0,397.0,,16.0,6453
2010-04-21,393.0,392.0,393.0,0.0,16.0,6453
2010-04-22,393.0,393.0,393.0,0.0,16.0,6453
2010-04-23,393.0,393.0,393.0,0.0,16.0,6453
2010-04-24,393.0,393.0,393.0,0.0,16.0,6453
2010-04-25,394.0,393.0,394.0,0.0,16.0,6453
2010-04-26,396.0,394.0,398.0,0.0,16.0,6453
2010-04-27,401.0,398.0,404.0,0.0,16.0,6453
2010-04-28,410.0,408.0,411.0,0.0,16.0,6453
2010-04-29,414.0,412.0,415.0,0.0,15.0,6453
2010-04-30,419.0,416.0,421.0,0.0,15.0,6453
2010-05-01,417.0,415.0,418.0,0.0,,6453
2010-05-02,415.0,410.0,420.0,0.3,26.25,6453
2010-05-03,422.0,414.0,430.0,0.3,26.25,6453
2010-05-04,512.0,491.0,532.0,0.2,,6453
2010-05-05,413.0,400.0,425.0,0.5,27.0,6453
2010-05-06,395.0,393.0,396.0,0.5,27.0,6453
2010-05-07,391.0,390.0,391.0,0.7,27.0,6453
2010-05-08,382.0,375.0,388.0,1.3,27.0,6453
2010-05-09,372.0,371.0,373.0,1.3,27.0,6453
2010-05-10,369.0,368.0,370.0,1.5,27.0,6453
2010-05-11,364.0,363.0,365.0,3.6,27.0,6453
2010-05-12,362.0,361.0,363.0,5.1,27.0,6453
2010-05-13,364.0,363.0,365.0,6.3,27.0,6453
2010-05-14,384.0,374.0,393.0,7.1,27.0,6453
2010-05-15,415.0,406.0,423.0,6.8,27.0,6453
2010-05-16,465.0,453.0,477.0,4.4,29.27,6453
2010-05-17,466.0,461.0,471.0,5.3,29.0,6453
2010-05-18,460.0,452.0,467.0,4.6,29.0,6453
2010-05-19,475.0,452.0,498.0,4.7,29.0,6453
2010-05-20,524.0,483.0,566.0,3.9,29.0,6453
2010-05-21,528.0,507.0,549.0,3.9,29.0,6453
2010-05-22,509.0,489.0,528.0,4.5,29.0,6453
2010-05-23,565.0,530.0,593.0,3.6,29.0,6453
2010-05-24,494.0,493.0,494.0,6.4,29.0,6453
2010-05-25,483.0,479.0,487.0,7.4,29.0,6453
2010-05-26,457.0,452.0,462.0,8.3,29.0,6453
2010-05-27,445.0,441.0,448.0,8.6,29.0,6453
2010-05-28,453.0,451.0,454.0,8.8,29.0,6453
2010-05-29,430.0,427.0,432.0,10.1,29.0,6453
2010-05-30,435.0,432.0,437.0,10.2,29.0,6453
2010-05-31,430.0,428.0,431.0,10.2,29.0,6453
2010-06-01,443.0,440.0,446.0,9.8,29.0,6453
2010-06-02,429.0,429.0,429.0,9.5,29.0,6453
2010-06-03,445.0,435.0,455.0,9.8,29.0,6453
2010-06-04,421.0,417.0,425.0,10.8,29.0,6453
2010-06-05,416.0,413.0,418.0,11.7,29.0,6453
2010-06-06,426.0,423.0,429.0,11.6,29.0,6453
2010-06-07,420.0,415.0,424.0,11.7,29.0,6453
2010-06-08,408.0,405.0,410.0,11.8,29.0,6453
2010-06-09,410.0,405.0,414.0,12.0,29.0,6453
2010-06-10,408.0,404.0,412.0,12.7,29.0,6453
2010-06-11,399.0,397.0,401.0,14.5,29.0,6453
2010-06-12,398.0,397.0,399.0,15.1,29.0,6453
2010-06-13,396.0,395.0,397.0,15.7,29.0,6453
2010-06-14,436.0,393.0,478.0,15.0,29.0,6453
2010-06-15,471.0,463.0,478.0,14.3,29.0,6453
2010-06-16,453.0,449.0,456.0,12.5,29.0,6453
2010-06-17,459.0,457.0,460.0,11.2,29.0,6453
2010-06-18,472.0,462.0,482.0,11.2,29.0,6453
2010-06-19,487.0,485.0,489.0,11.3,29.0,6453
2010-06-20,477.0,475.0,478.0,11.1,29.0,6453
2010-06-21,603.0,491.0,709.0,7.2,29.0,6453
2010-06-22,630.0,555.0,690.0,6.7,29.0,6453
2010-06-23,537.0,529.0,545.0,8.6,29.0,6453
2010-06-24,502.0,490.0,514.0,9.7,29.0,6453
2010-06-25,467.0,461.0,473.0,11.8,29.0,6453
2010-06-26,460.0,450.0,469.0,13.9,29.0,6453
2010-06-27,460.0,448.0,471.0,14.7,29.0,6453
2010-06-28,438.0,436.0,440.0,14.9,29.0,6453
2010-06-29,433.0,432.0,434.0,15.8,29.0,6453
2010-06-30,438.0,434.0,441.0,16.4,29.0,6453
2010-07-01,429.0,428.0,430.0,14.5,29.0,6453
2010-07-02,532.0,480.0,583.0,11.4,29.0,6453
2010-07-03,613.0,595.0,630.0,8.1,29.0,6453
2010-07-04,604.0,553.0,634.0,7.7,29.0,6453
2010-07-05,508.0,493.0,523.0,9.3,29.0,6453
2010-07-06,473.0,468.0,478.0,10.1,29.0,6453
2010-07-07,452.0,448.0,456.0,10.2,29.0,6453
2010-07-08,437.0,435.0,438.0,11.4,29.0,6453
2010-07-09,432.0,428.0,435.0,12.8,29.0,6453
2010-07-10,422.0,421.0,422.0,14.1,29.0,6453
2010-07-11,423.0,421.0,425.0,14.2,29.0,6453
2010-07-12,428.0,421.0,434.0,14.2,29.0,6453
2010-07-13,436.0,431.0,440.0,14.1,29.0,6453
2010-07-14,443.0,440.0,445.0,13.3,29.0,6453
2010-07-15,439.0,438.0,439.0,12.5,29.0,6453
2010-07-16,466.0,448.0,484.0,10.6,29.0,6453
2010-07-17,500.0,492.0,506.0,9.9,29.0,6453
2010-07-18,534.0,511.0,557.0,9.6,29.0,6453
2010-07-19,546.0,543.0,548.0,8.3,29.0,6453
2010-07-20,557.0,550.0,563.0,8.2,29.0,6453
2010-07-21,517.0,504.0,529.0,9.6,29.0,6453
2010-07-22,480.0,474.0,486.0,10.2,29.0,6453
2010-07-23,463.0,460.0,466.0,11.6,29.0,6453
2010-07-24,455.0,453.0,456.0,12.2,29.0,6453
2010-07-25,468.0,450.0,485.0,12.8,29.0,6453
2010-07-26,468.0,465.0,470.0,12.2,29.0,6453
2010-07-27,455.0,452.0,457.0,12.5,29.0,6453
2010-07-28,493.0,463.0,522.0,10.9,29.0,6453
2010-07-29,500.0,491.0,508.0,10.5,29.0,6453
2010-07-30,510.0,506.0,514.0,10.1,29.0,6453
2010-07-31,484.0,479.0,488.0,10.0,29.0,6453
2010-08-01,518.0,507.0,529.0,9.1,29.0,6453
2010-08-02,547.0,534.0,560.0,9.3,29.0,6453
2010-08-03,497.0,490.0,504.0,8.9,29.0,6453
2010-08-04,478.0,472.0,484.0,8.9,29.0,6453
2010-08-05,479.0,470.0,488.0,9.0,29.0,6453
2010-08-06,506.0,503.0,508.0,9.0,29.0,6453
2010-08-07,486.0,484.0,488.0,9.7,29.0,6453
2010-08-08,476.0,474.0,478.0,10.2,29.0,6453
2010-08-09,461.0,453.0,468.0,11.3,29.0,6453
2010-08-10,446.0,444.0,448.0,12.1,29.0,6453
2010-08-11,429.0,428.0,430.0,12.3,29.0,6453
2010-08-12,429.0,427.0,431.0,11.9,29.0,6453
2010-08-13,448.0,431.0,465.0,11.0,29.0,6453
2010-08-14,466.0,462.0,470.0,10.5,29.0,6453
2010-08-15,452.0,450.0,454.0,10.0,29.0,6453
2010-08-16,457.0,450.0,463.0,10.0,29.0,6453
2010-08-17,506.0,485.0,526.0,10.0,29.0,6453
2010-08-18,526.0,521.0,531.0,9.9,29.0,6453
2010-08-19,495.0,487.0,502.0,10.0,29.0,6453
2010-08-20,473.0,469.0,476.0,11.1,29.0,6453
2010-08-21,473.0,463.0,482.0,9.6,29.0,6453
2010-08-22,471.0,468.0,474.0,9.7,29.0,6453
2010-08-23,458.0,452.0,464.0,10.1,29.0,6453
2010-08-24,443.0,438.0,448.0,11.5,29.0,6453
2010-08-25,440.0,439.0,441.0,12.2,29.0,6453
2010-08-26,437.0,436.0,438.0,12.8,29.0,6453
2010-08-27,431.0,430.0,432.0,13.1,29.0,6453
2010-08-28,427.0,425.0,428.0,13.2,29.0,6453
2010-08-29,423.0,423.0,423.0,11.8,29.0,6453
2010-08-30,472.0,423.0,521.0,11.7,29.0,6453
2010-08-31,622.0,560.0,650.0,7.7,29.0,6453
2010-09-01,560.0,543.0,577.0,8.0,29.0,6453
2010-09-02,519.0,507.0,531.0,8.3,29.0,6453
2010-09-03,485.0,479.0,490.0,9.1,29.0,6453
2010-09-04,468.0,465.0,471.0,10.3,29.0,6453
2010-09-05,457.0,454.0,459.0,10.7,29.0,6453
2010-09-06,448.0,446.0,450.0,10.0,29.0,6453
2010-09-07,446.0,445.0,447.0,9.3,29.0,6453
2010-09-08,444.0,442.0,445.0,9.0,29.0,6453
2010-09-09,439.0,437.0,441.0,9.3,29.0,6453
2010-09-10,434.0,433.0,435.0,9.6,29.0,6453
2010-09-11,429.0,427.0,430.0,10.2,29.0,6453
2010-09-12,425.0,423.0,426.0,10.3,29.0,6453
2010-09-13,423.0,422.0,423.0,10.6,29.0,6453
2010-09-14,422.0,420.0,424.0,10.9,29.0,6453
2010-09-15,420.0,420.0,420.0,10.9,29.0,6453
2010-09-16,419.0,418.0,419.0,10.2,29.0,6453
2010-09-17,420.0,418.0,421.0,9.5,29.0,6453
2010-09-18,419.0,418.0,419.0,9.5,29.0,6453
2010-09-19,417.0,416.0,417.0,8.5,29.0,6453
2010-09-20,416.0,415.0,416.0,7.8,29.0,6453
2010-09-21,420.0,417.0,423.0,6.7,29.0,6453
2010-09-22,422.0,421.0,422.0,4.8,29.0,6453
2010-09-23,421.0,420.0,421.0,4.9,29.0,6453
2010-09-24,419.0,416.0,421.0,4.9,29.0,6453
2010-09-25,414.0,413.0,415.0,5.6,29.0,6453
2010-09-26,412.0,411.0,412.0,5.3,29.0,6453
2010-09-27,409.0,408.0,410.0,5.7,29.0,6453
2010-09-28,407.0,406.0,407.0,5.0,29.0,6453
2010-09-29,405.0,405.0,405.0,4.8,29.0,6453
2010-09-30,406.0,404.0,407.0,4.8,29.0,6453
2010-10-01,407.0,407.0,407.0,4.8,29.0,6453
2010-10-02,407.0,407.0,407.0,4.3,29.0,6453
2010-10-03,406.0,405.0,406.0,4.6,29.0,6453
2010-10-04,404.0,403.0,404.0,4.0,29.0,6453
2010-10-05,402.0,401.0,402.0,4.0,29.0,6453
2010-10-06,400.0,400.0,400.0,3.8,29.0,6453
2010-10-07,399.0,399.0,399.0,3.9,29.0,6453
2010-10-08,399.0,398.0,399.0,4.4,29.0,6453
2010-10-09,407.0,398.0,415.0,5.3,29.0,6453
2010-10-10,447.0,436.0,458.0,5.3,29.0,6453
2010-10-11,459.0,455.0,463.0,3.7,29.0,6453
2010-10-12,454.0,450.0,458.0,3.9,29.0,6453
2010-10-13,454.0,447.0,460.0,3.6,29.0,6453
2010-10-14,437.0,433.0,440.0,3.3,29.0,6453
2010-10-15,429.0,427.0,430.0,2.6,29.0,6453
2010-10-16,422.0,420.0,424.0,1.7,29.0,6453
2010-10-17,415.0,413.0,417.0,2.2,29.0,6453
2010-10-18,410.0,410.0,410.0,1.8,29.0,6453
2010-10-19,409.0,408.0,409.0,1.8,29.0,6453
2010-10-20,404.0,402.0,405.0,1.1,29.0,6453
2010-10-21,399.0,398.0,400.0,0.8,,6453
2010-10-22,397.0,397.0,397.0,0.7,,6453
2010-10-23,395.0,395.0,395.0,0.5,29.0,6453
2010-10-24,398.0,397.0,399.0,0.2,,6453
2010-10-25,396.0,395.0,397.0,0.1,,6453
2010-10-26,389.0,388.0,389.0,0.0,,6453
2010-10-27,383.0,376.0,390.0,0.0,,6453
2010-10-28,375.0,374.0,376.0,0.0,,6453
2010-10-29,377.0,376.0,377.0,0.0,,6453
2010-10-30,376.0,375.0,376.0,0.0,,6453
2010-10-31,378.0,377.0,379.0,0.0,,6453
2010-11-01,384.0,383.0,384.0,0.0,,6453
2010-11-02,380.0,377.0,383.0,0.0,,6453
2010-11-03,377.0,375.0,378.0,0.0,,6453
2010-11-04,372.0,370.0,373.0,0.0,,6453
2010-11-05,372.0,371.0,372.0,0.0,,6453
2010-11-06,372.0,371.0,372.0,0.0,,6453
2010-11-07,369.0,366.0,371.0,0.0,,6453
2010-11-08,361.0,361.0,361.0,0.0,5.0,6453
2010-11-09,368.0,360.0,376.0,0.0,5.0,6453
2010-11-10,393.0,393.0,393.0,0.0,15.0,6453
2010-11-11,399.0,394.0,403.0,0.0,15.0,6453
2010-11-12,409.0,408.0,409.0,0.0,16.0,6453
2010-11-13,408.0,406.0,410.0,0.0,16.0,6453
2010-11-14,404.0,403.0,404.0,0.0,16.0,6453
2010-11-15,403.0,403.0,403.0,0.0,16.0,6453
2010-11-16,404.0,402.0,405.0,0.0,16.0,6453
2010-11-17,414.0,408.0,419.0,0.0,16.0,6453
2010-11-18,419.0,417.0,421.0,0.0,16.0,6453
2010-11-19,414.0,414.0,414.0,0.0,16.0,6453
2010-11-20,414.0,413.0,414.0,0.0,16.0,6453
2010-11-21,415.0,415.0,415.0,0.0,16.0,6453
2010-11-22,416.0,415.0,417.0,0.0,16.0,6453
2010-11-23,416.0,416.0,416.0,0.0,16.0,6453
2010-11-24,415.0,415.0,415.0,0.0,16.0,6453
2010-11-25,415.0,415.0,415.0,0.0,16.0,6453
2010-11-26,415.0,414.0,415.0,0.0,16.0,6453
2010-11-27,416.0,416.0,416.0,0.0,16.0,6453
2010-11-28,417.0,416.0,417.0,0.0,16.0,6453
2010-11-29,418.0,417.0,419.0,0.0,16.0,6453
2010-11-30,419.0,418.0,419.0,0.0,16.0,6453
2010-12-01,418.0,418.0,418.0,,16.0,6453
2010-12-02,423.0,423.0,423.0,,16.0,6453
2010-12-03,426.0,426.0,426.0,,16.0,6453
2010-12-04,425.0,425.0,425.0,,16.0,6453
2010-12-05,425.0,425.0,425.0,,16.0,6453
2010-12-06,424.0,424.0,424.0,,16.0,6453
2010-12-07,424.0,424.0,424.0,,16.0,6453
2010-12-08,423.0,423.0,423.0,,16.0,6453
2010-12-09,423.0,423.0,423.0,,16.0,6453
2010-12-10,422.0,422.0,422.0,,16.0,6453
2010-12-11,420.0,420.0,420.0,,16.0,6453
2010-12-12,417.0,417.0,417.0,,16.0,6453
2010-12-13,416.0,416.0,416.0,,16.0,6453
2010-12-14,416.0,416.0,416.0,,16.0,6453
2010-12-15,415.0,415.0,415.0,,16.0,6453
2010-12-16,413.0,413.0,413.0,,16.0,6453
2010-12-17,412.0,412.0,412.0,,16.0,6453
2010-12-18,411.0,411.0,411.0,,16.0,6453
2010-12-19,409.0,409.0,409.0,,16.0,6453
2010-12-20,408.0,408.0,408.0,,16.0,6453
2010-12-21,407.0,407.0,407.0,,16.0,6453
2010-12-22,406.0,406.0,406.0,,16.0,6453
2010-12-23,405.0,405.0,405.0,,16.0,6453
2010-12-24,405.0,405.0,405.0,,16.0,6453
2010-12-25,404.0,404.0,404.0,,16.0,6453
2010-12-26,404.0,404.0,404.0,,16.0,6453
2010-12-27,404.0,404.0,404.0,,16.0,6453
2010-12-28,404.0,404.0,404.0,,16.0,6453
2010-12-29,403.0,403.0,403.0,,16.0,6453
2010-12-30,403.0,403.0,403.0,,16.0,6453
2010-12-31,403.0,403.0,403.0,,16.0,6453
2011-01-01,403.0,403.0,403.0,,16.0,6453
2011-01-02,402.0,402.0,402.0,,16.0,6453
2011-01-03,402.0,402.0,402.0,,16.0,6453
2011-01-04,402.0,402.0,402.0,,16.0,6453
2011-01-05,402.0,402.0,402.0,,16.0,6453
2011-01-06,401.0,401.0,401.0,,16.0,6453
2011-01-07,401.0,401.0,401.0,,16.0,6453
2011-01-08,400.0,400.0,400.0,,16.0,6453
2011-01-09,399.0,399.0,399.0,,16.0,6453
2011-01-10,397.0,397.0,397.0,,16.0,6453
2011-01-11,395.0,395.0,395.0,,16.0,6453
2011-01-12,394.0,394.0,394.0,,16.0,6453
2011-01-13,393.0,393.0,393.0,,16.0,6453
2011-01-14,392.0,392.0,392.0,,16.0,6453
2011-01-15,391.0,391.0,391.0,,16.0,6453
2011-01-16,390.0,390.0,390.0,,16.0,6453
2011-01-17,390.0,390.0,390.0,,16.0,6453
2011-01-18,389.0,389.0,389.0,,16.0,6453
2011-01-19,389.0,389.0,389.0,,16.0,6453
2011-01-20,389.0,389.0,389.0,,16.0,6453
2011-01-21,390.0,390.0,390.0,,16.0,6453
2011-01-22,390.0,390.0,390.0,,16.0,6453
2011-01-23,391.0,391.0,391.0,,16.0,6453
2011-01-24,391.0,391.0,391.0,,16.0,6453
2011-01-25,391.0,391.0,391.0,,16.0,6453
2011-01-26,391.0,391.0,391.0,,16.0,6453
2011-01-27,392.0,392.0,392.0,,16.0,6453
2011-01-28,392.0,392.0,392.0,,16.0,6453
2011-01-29,391.0,391.0,391.0,,16.0,6453
2011-01-30,391.0,391.0,391.0,,16.0,6453
2011-01-31,392.0,392.0,392.0,,16.0,6453
2011-02-01,392.0,392.0,392.0,,16.0,6453
2011-02-02,390.0,390.0,390.0,,16.0,6453
2011-02-03,390.0,390.0,390.0,,16.0,6453
2011-02-04,389.0,389.0,389.0,,16.0,6453
2011-02-05,387.0,387.0,387.0,,16.0,6453
2011-02-06,387.0,387.0,387.0,,16.0,6453
2011-02-07,387.0,387.0,387.0,,16.0,6453
2011-02-08,387.0,387.0,387.0,,16.0,6453
2011-02-09,387.0,387.0,387.0,,16.0,6453
2011-02-10,388.0,388.0,388.0,,16.0,6453
2011-02-11,389.0,389.0,389.0,,16.0,6453
2011-02-12,390.0,390.0,390.0,,16.0,6453
2011-02-13,390.0,390.0,390.0,,16.0,6453
2011-02-14,391.0,391.0,391.0,,16.0,6453
2011-02-15,391.0,391.0,391.0,,16.0,6453
2011-02-16,389.0,389.0,389.0,,16.0,6453
2011-02-17,388.0,388.0,388.0,,16.0,6453
2011-02-18,386.0,386.0,386.0,,16.0,6453
2011-02-19,387.0,387.0,387.0,,16.0,6453
2011-02-20,387.0,387.0,387.0,,16.0,6453
2011-02-21,386.0,386.0,386.0,,16.0,6453
2011-02-22,386.0,386.0,386.0,,16.0,6453
2011-02-23,385.0,385.0,385.0,,16.0,6453
2011-02-24,384.0,384.0,384.0,,16.0,6453
2011-02-25,383.0,383.0,383.0,,16.0,6453
2011-02-26,383.0,383.0,383.0,,16.0,6453
2011-02-27,384.0,384.0,384.0,,16.0,6453
2011-02-28,384.0,384.0,384.0,,16.0,6453
2011-03-01,384.0,384.0,384.0,,16.0,6453
2011-03-02,385.0,385.0,385.0,,16.0,6453
2011-03-03,385.0,385.0,385.0,,16.0,6453
2011-03-04,386.0,386.0,386.0,,16.0,6453
2011-03-05,387.0,387.0,387.0,,16.0,6453
2011-03-06,387.0,387.0,387.0,,16.0,6453
2011-03-07,388.0,388.0,388.0,,16.0,6453
2011-03-08,388.0,388.0,388.0,,16.0,6453
2011-03-09,389.0,389.0,389.0,,16.0,6453
2011-03-10,390.0,390.0,390.0,,16.0,6453
2011-03-11,390.0,390.0,390.0,,16.0,6453
2011-03-12,390.0,390.0,390.0,,16.0,6453
2011-03-13,391.0,391.0,391.0,,16.0,6453
2011-03-14,391.0,391.0,391.0,,16.0,6453
2011-03-15,391.0,391.0,391.0,,16.0,6453
2011-03-16,392.0,392.0,392.0,,16.0,6453
2011-03-17,392.0,392.0,392.0,,16.0,6453
2011-03-18,392.0,392.0,392.0,,16.0,6453
2011-03-19,391.0,391.0,391.0,,16.0,6453
2011-03-20,390.0,390.0,390.0,,16.0,6453
2011-03-21,390.0,390.0,390.0,,16.0,6453
2011-03-22,389.0,389.0,389.0,,16.0,6453
2011-03-23,387.0,387.0,387.0,,16.0,6453
2011-03-24,385.0,385.0,385.0,,16.0,6453
2011-03-25,383.0,383.0,383.0,,16.0,6453
2011-03-26,382.0,382.0,382.0,,16.0,6453
2011-03-27,382.0,382.0,382.0,,16.0,6453
2011-03-28,389.0,389.0,389.0,,16.0,6453
2011-03-29,392.0,392.0,392.0,,16.0,6453
2011-03-30,393.0,393.0,393.0,,16.0,6453
2011-03-31,394.0,394.0,394.0,,16.0,6453
2011-04-01,398.0,397.0,398.0,,16.0,6453
2011-04-02,398.0,398.0,398.0,,16.0,6453
2011-04-03,398.0,398.0,398.0,,16.0,6453
2011-04-04,397.0,396.0,398.0,,16.0,6453
2011-04-05,399.0,395.0,402.0,,16.0,6453
2011-04-06,402.0,400.0,404.0,,16.0,6453
2011-04-07,405.0,404.0,406.0,,16.0,6453
2011-04-08,404.0,402.0,405.0,,16.0,6453
2011-04-09,403.0,401.0,404.0,,16.0,6453
2011-04-10,403.0,402.0,403.0,,16.0,6453
2011-04-11,401.0,401.0,401.0,,16.0,6453
2011-04-12,401.0,401.0,401.0,,16.0,6453
2011-04-13,400.0,400.0,400.0,,16.0,6453
2011-04-14,401.0,399.0,402.0,,16.0,6453
2011-04-15,402.0,402.0,402.0,,16.0,6453
2011-04-16,402.0,402.0,402.0,,16.0,6453
2011-04-17,402.0,402.0,402.0,,16.0,6453
2011-04-18,402.0,401.0,402.0,,16.0,6453
2011-04-19,401.0,401.0,401.0,,16.0,6453
2011-04-20,402.0,401.0,402.0,,16.0,6453
2011-04-21,402.0,402.0,402.0,0.0,16.0,6453
2011-04-22,405.0,402.0,408.0,0.0,16.0,6453
2011-04-23,407.0,406.0,408.0,0.0,16.0,6453
2011-04-24,407.0,406.0,408.0,0.0,16.0,6453
2011-04-25,408.0,407.0,408.0,0.0,16.0,6453
2011-04-26,407.0,405.0,408.0,0.0,16.0,6453
2011-04-27,403.0,403.0,403.0,0.0,16.0,6453
2011-04-28,403.0,402.0,403.0,0.0,16.0,6453
2011-04-29,400.0,399.0,401.0,0.0,,6453
2011-04-30,403.0,399.0,406.0,0.0,26.25,6453
2011-05-01,407.0,400.0,413.0,0.4,26.25,6453
2011-05-02,393.0,387.0,398.0,0.6,,6453
2011-05-03,378.0,372.0,383.0,0.7,8.0,6453
2011-05-04,381.0,380.0,381.0,1.2,8.0,6453
2011-05-05,395.0,383.0,407.0,0.9,8.0,6453
2011-05-06,422.0,413.0,431.0,1.0,29.0,6453
2011-05-07,444.0,442.0,446.0,1.2,29.0,6453
2011-05-08,426.0,421.0,431.0,2.2,29.0,6453
2011-05-09,411.0,408.0,414.0,3.5,29.0,6453
2011-05-10,406.0,405.0,406.0,4.9,29.0,6453
2011-05-11,407.0,404.0,409.0,5.9,29.0,6453
2011-05-12,418.0,411.0,425.0,7.0,29.0,6453
2011-05-13,439.0,431.0,446.0,6.4,29.0,6453
2011-05-14,447.0,444.0,450.0,6.8,29.0,6453
2011-05-15,443.0,442.0,443.0,6.2,29.0,6453
2011-05-16,452.0,443.0,461.0,6.3,29.0,6453
2011-05-17,462.0,454.0,470.0,6.2,29.0,6453
2011-05-18,473.0,463.0,482.0,5.9,29.0,6453
2011-05-19,481.0,470.0,492.0,6.2,29.0,6453
2011-05-20,505.0,481.0,528.0,6.4,29.0,6453
2011-05-21,491.0,488.0,493.0,6.1,29.0,6453
2011-05-22,473.0,471.0,475.0,6.6,29.0,6453
2011-05-23,468.0,462.0,474.0,7.0,29.0,6453
2011-05-24,464.0,462.0,465.0,7.4,29.0,6453
2011-05-25,471.0,462.0,479.0,7.7,29.0,6453
2011-05-26,480.0,470.0,489.0,8.1,29.0,6453
2011-05-27,481.0,472.0,489.0,8.7,29.0,6453
2011-05-28,509.0,495.0,523.0,7.9,29.0,6453
2011-05-29,505.0,498.0,512.0,7.4,29.0,6453
2011-05-30,527.0,495.0,582.0,6.7,29.0,6453
2011-05-31,565.0,522.0,596.0,4.9,29.0,6453
2011-06-01,499.0,497.0,501.0,6.9,29.0,6453
2011-06-02,475.0,472.0,478.0,8.5,29.0,6453
2011-06-03,462.0,462.0,462.0,8.8,29.0,6453
2011-06-04,466.0,461.0,471.0,9.0,29.0,6453
2011-06-05,466.0,462.0,470.0,9.3,29.0,6453
2011-06-06,468.0,459.0,477.0,8.9,29.0,6453
2011-06-07,485.0,481.0,489.0,7.7,29.0,6453
2011-06-08,478.0,477.0,479.0,7.8,29.0,6453
2011-06-09,463.0,457.0,469.0,7.3,29.0,6453
2011-06-10,449.0,445.0,453.0,8.0,29.0,6453
2011-06-11,453.0,450.0,455.0,8.8,29.0,6453
2011-06-12,449.0,446.0,452.0,8.7,29.0,6453
2011-06-13,438.0,435.0,441.0,9.6,29.0,6453
2011-06-14,428.0,425.0,431.0,11.1,29.0,6453
2011-06-15,423.0,421.0,424.0,13.3,29.0,6453
2011-06-16,420.0,419.0,421.0,12.6,29.0,6453
2011-06-17,427.0,425.0,428.0,13.5,29.0,6453
2011-06-18,438.0,438.0,438.0,14.0,29.0,6453
2011-06-19,436.0,433.0,439.0,13.1,29.0,6453
2011-06-20,434.0,433.0,435.0,13.3,29.0,6453
2011-06-21,438.0,434.0,441.0,12.2,29.0,6453
2011-06-22,509.0,504.0,513.0,9.7,29.0,6453
2011-06-23,487.0,479.0,495.0,9.7,29.0,6453
2011-06-24,459.0,456.0,461.0,10.1,29.0,6453
2011-06-25,448.0,443.0,452.0,12.3,29.0,6453
2011-06-26,437.0,434.0,440.0,13.7,29.0,6453
2011-06-27,428.0,425.0,430.0,15.0,29.0,6453
2011-06-28,421.0,419.0,422.0,14.2,29.0,6453
2011-06-29,418.0,417.0,418.0,15.2,29.0,6453
2011-06-30,416.0,415.0,416.0,15.4,29.0,6453
2011-07-01,415.0,415.0,415.0,15.8,29.0,6453
2011-07-02,417.0,413.0,420.0,16.5,29.0,6453
2011-07-03,423.0,421.0,424.0,15.3,29.0,6453
2011-07-04,471.0,450.0,491.0,13.2,29.0,6453
2011-07-05,487.0,478.0,495.0,12.3,29.0,6453
2011-07-06,461.0,456.0,465.0,13.7,29.0,6453
2011-07-07,447.0,446.0,448.0,14.0,29.0,6453
2011-07-08,463.0,462.0,463.0,13.4,29.0,6453
2011-07-09,465.0,459.0,471.0,12.7,29.0,6453
2011-07-10,465.0,462.0,468.0,12.3,29.0,6453
2011-07-11,464.0,455.0,472.0,11.6,29.0,6453
2011-07-12,497.0,495.0,499.0,10.8,29.0,6453
2011-07-13,471.0,465.0,477.0,12.4,29.0,6453
2011-07-14,454.0,449.0,458.0,14.0,29.0,6453
2011-07-15,441.0,438.0,443.0,14.9,29.0,6453
2011-07-16,433.0,432.0,433.0,15.9,29.0,6453
2011-07-17,429.0,427.0,431.0,16.8,29.0,6453
2011-07-18,424.0,423.0,425.0,16.6,29.0,6453
2011-07-19,420.0,419.0,421.0,17.1,29.0,6453
2011-07-20,417.0,415.0,418.0,17.6,29.0,6453
2011-07-21,414.0,414.0,414.0,17.9,29.0,6453
2011-07-22,414.0,414.0,414.0,18.3,29.0,6453
2011-07-23,414.0,414.0,414.0,18.5,29.0,6453
2011-07-24,414.0,414.0,414.0,19.2,29.0,6453
2011-07-25,412.0,410.0,413.0,20.3,29.0,6453
2011-07-26,407.0,405.0,408.0,21.1,29.0,6453
2011-07-27,403.0,402.0,403.0,21.6,29.0,6453
2011-07-28,401.0,401.0,401.0,22.0,29.0,6453
2011-07-29,405.0,404.0,406.0,21.6,29.0,6453
2011-07-30,420.0,405.0,435.0,20.8,29.0,6453
2011-07-31,428.0,427.0,429.0,20.2,29.0,6453
2011-08-01,422.0,420.0,423.0,19.7,29.0,6453
2011-08-02,417.0,416.0,417.0,19.6,29.0,6453
2011-08-03,414.0,412.0,415.0,19.6,29.0,6453
2011-08-04,410.0,410.0,410.0,19.1,29.0,6453
2011-08-05,415.0,414.0,415.0,17.9,29.0,6453
2011-08-06,433.0,419.0,447.0,17.5,29.0,6453
2011-08-07,444.0,443.0,445.0,17.8,29.0,6453
2011-08-08,440.0,438.0,441.0,18.3,29.0,6453
2011-08-09,441.0,436.0,446.0,17.5,29.0,6453
2011-08-10,445.0,445.0,445.0,16.0,29.0,6453
2011-08-11,532.0,455.0,666.0,14.3,29.0,6453
2011-08-12,657.0,581.0,695.0,8.9,29.0,6453
2011-08-13,539.0,521.0,556.0,10.3,29.0,6453
2011-08-14,496.0,491.0,500.0,10.1,29.0,6453
2011-08-15,477.0,473.0,480.0,12.0,29.0,6453
2011-08-16,465.0,463.0,467.0,11.8,29.0,6453
2011-08-17,459.0,457.0,460.0,12.4,29.0,6453
2011-08-18,453.0,452.0,454.0,12.8,29.0,6453
2011-08-19,449.0,449.0,449.0,12.4,29.0,6453
2011-08-20,448.0,447.0,448.0,12.2,29.0,6453
2011-08-21,452.0,450.0,453.0,12.6,29.0,6453
2011-08-22,448.0,446.0,449.0,12.9,29.0,6453
2011-08-23,442.0,440.0,443.0,13.0,29.0,6453
2011-08-24,437.0,436.0,438.0,13.3,29.0,6453
2011-08-25,437.0,437.0,437.0,14.0,29.0,6453
2011-08-26,436.0,435.0,436.0,14.6,29.0,6453
2011-08-27,438.0,435.0,440.0,14.9,29.0,6453
2011-08-28,448.0,446.0,449.0,15.1,29.0,6453
2011-08-29,447.0,446.0,448.0,14.5,29.0,6453
2011-08-30,442.0,441.0,443.0,14.0,29.0,6453
2011-08-31,447.0,440.0,453.0,12.8,29.0,6453
2011-09-01,556.0,474.0,607.0,8.0,29.0,6453
2011-09-02,572.0,558.0,586.0,7.4,29.0,6453
2011-09-03,522.0,516.0,528.0,7.9,29.0,6453
2011-09-04,501.0,499.0,503.0,8.2,29.0,6453
2011-09-05,487.0,483.0,491.0,8.7,29.0,6453
2011-09-06,472.0,468.0,475.0,8.9,29.0,6453
2011-09-07,463.0,462.0,464.0,8.7,29.0,6453
2011-09-08,485.0,473.0,497.0,8.4,29.0,6453
2011-09-09,547.0,543.0,550.0,7.6,29.0,6453
2011-09-10,521.0,516.0,526.0,7.5,29.0,6453
2011-09-11,495.0,489.0,500.0,7.7,29.0,6453
2011-09-12,475.0,470.0,479.0,8.3,29.0,6453
2011-09-13,464.0,461.0,466.0,9.2,29.0,6453
2011-09-14,456.0,454.0,458.0,9.2,29.0,6453
2011-09-15,452.0,450.0,453.0,8.7,29.0,6453
2011-09-16,451.0,450.0,452.0,7.3,29.0,6453
2011-09-17,446.0,444.0,448.0,7.9,29.0,6453
2011-09-18,440.0,439.0,441.0,7.1,29.0,6453
2011-09-19,436.0,435.0,437.0,7.1,29.0,6453
2011-09-20,433.0,431.0,434.0,7.1,29.0,6453
2011-09-21,429.0,428.0,429.0,6.4,29.0,6453
2011-09-22,427.0,427.0,427.0,6.6,29.0,6453
2011-09-23,427.0,427.0,427.0,7.1,29.0,6453
2011-09-24,427.0,427.0,427.0,6.9,29.0,6453
2011-09-25,428.0,426.0,430.0,7.3,29.0,6453
2011-09-26,443.0,434.0,452.0,6.7,29.0,6453
2011-09-27,467.0,457.0,477.0,5.8,29.0,6453
2011-09-28,470.0,468.0,472.0,5.3,29.0,6453
2011-09-29,459.0,456.0,462.0,4.6,29.0,6453
2011-09-30,451.0,448.0,453.0,4.3,29.0,6453
2011-10-01,441.0,439.0,443.0,3.9,29.0,6453
2011-10-02,433.0,432.0,434.0,3.8,29.0,6453
2011-10-03,428.0,427.0,428.0,3.7,29.0,6453
2011-10-04,425.0,425.0,425.0,3.8,29.0,6453
2011-10-05,423.0,422.0,424.0,3.9,29.0,6453
2011-10-06,420.0,419.0,421.0,4.1,29.0,6453
2011-10-07,417.0,416.0,418.0,4.2,29.0,6453
2011-10-08,414.0,412.0,415.0,4.1,29.0,6453
2011-10-09,409.0,407.0,411.0,3.5,29.0,6453
2011-10-10,410.0,407.0,412.0,3.5,29.0,6453
2011-10-11,412.0,411.0,412.0,3.6,29.0,6453
2011-10-12,410.0,409.0,410.0,3.9,29.0,6453
2011-10-13,407.0,406.0,408.0,3.6,29.0,6453
2011-10-14,403.0,402.0,404.0,3.2,29.0,6453
2011-10-15,400.0,400.0,400.0,3.0,29.0,6453
2011-10-16,402.0,400.0,403.0,3.1,29.0,6453
2011-10-17,409.0,407.0,411.0,2.6,29.0,6453
2011-10-18,412.0,409.0,414.0,1.7,29.0,6453
2011-10-19,411.0,409.0,412.0,1.0,29.0,6453
2011-10-20,407.0,406.0,407.0,1.3,29.0,6453
2011-10-21,407.0,404.0,409.0,1.6,29.0,6453
2011-10-22,409.0,408.0,409.0,2.0,29.0,6453
2011-10-23,410.0,407.0,413.0,1.9,29.0,6453
2011-10-24,421.0,420.0,422.0,1.9,29.0,6453
2011-10-25,419.0,418.0,419.0,1.4,29.0,6453
2011-10-26,415.0,414.0,416.0,0.8,2.29,6453
2011-10-27,411.0,410.0,412.0,0.5,2.29,6453
2011-10-28,411.0,409.0,412.0,0.0,,6453
2011-10-29,411.0,410.0,412.0,0.4,,6453
2011-10-30,411.0,409.0,413.0,0.3,,6453
2011-10-31,410.0,409.0,410.0,1.0,29.0,6453
2011-11-01,407.0,407.0,407.0,0.5,29.0,6453
2011-11-02,405.0,405.0,405.0,0.3,7.0,6453
2011-11-03,403.0,402.0,404.0,0.2,,6453
2011-11-04,402.0,401.0,402.0,0.2,,6453
2011-11-05,399.0,396.0,401.0,0.1,,6453
2011-11-06,392.0,390.0,393.0,0.0,,6453
2011-11-07,386.0,384.0,387.0,0.0,,6453
2011-11-08,384.0,382.0,386.0,0.0,,6453
2011-11-09,388.0,387.0,388.0,0.0,,6453
2011-11-10,390.0,390.0,390.0,0.0,,6453
2011-11-11,391.0,390.0,392.0,0.0,,6453
2011-11-12,389.0,388.0,390.0,0.0,,6453
2011-11-13,391.0,390.0,391.0,0.0,,6453
2011-11-14,389.0,387.0,390.0,0.0,,6453
2011-11-15,384.0,383.0,385.0,0.0,,6453
2011-11-16,379.0,378.0,379.0,0.0,,6453
2011-11-17,371.0,370.0,371.0,0.0,,6453
2011-11-18,376.0,374.0,378.0,0.0,,6453
2011-11-19,383.0,381.0,385.0,0.0,,6453
2011-11-20,391.0,391.0,391.0,0.0,,6453
2011-11-21,398.0,395.0,400.0,0.0,5.15,6453
2011-11-22,425.0,424.0,425.0,0.0,15.0,6453
2011-11-23,423.0,421.0,424.0,0.0,15.0,6453
2011-11-24,434.0,432.0,435.0,0.0,15.0,6453
2011-11-25,434.0,430.0,438.0,0.0,15.0,6453
2011-11-26,439.0,437.0,440.0,0.0,15.0,6453
2011-11-27,442.0,441.0,443.0,0.0,15.0,6453
2011-11-28,444.0,441.0,446.0,0.0,15.0,6453
2011-11-29,448.0,446.0,449.0,0.0,16.15,6453
2011-11-30,450.0,449.0,450.0,0.0,16.0,6453
2011-12-01,452.0,452.0,452.0,,16.0,6453
2011-12-02,453.0,453.0,453.0,,16.0,6453
2011-12-03,455.0,455.0,455.0,,16.0,6453
2011-12-04,456.0,456.0,456.0,,16.0,6453
2011-12-05,457.0,457.0,457.0,,16.0,6453
2011-12-06,455.0,455.0,455.0,,16.0,6453
2011-12-07,452.0,452.0,452.0,,16.0,6453
2011-12-08,451.0,451.0,451.0,,16.0,6453
2011-12-09,449.0,449.0,449.0,,16.0,6453
2011-12-10,448.0,448.0,448.0,,16.0,6453
2011-12-11,447.0,447.0,447.0,,16.0,6453
2011-12-12,446.0,446.0,446.0,,16.0,6453
2011-12-13,445.0,445.0,445.0,,16.0,6453
2011-12-14,443.0,443.0,443.0,,16.0,6453
2011-12-15,442.0,442.0,442.0,,16.0,6453
2011-12-16,441.0,441.0,441.0,,16.0,6453
2011-12-17,440.0,440.0,440.0,,16.0,6453
2011-12-18,438.0,438.0,438.0,,16.0,6453
2011-12-19,437.0,437.0,437.0,,16.0,6453
2011-12-20,436.0,436.0,436.0,,16.0,6453
2011-12-21,436.0,436.0,436.0,,16.0,6453
2011-12-22,436.0,436.0,436.0,,16.0,6453
2011-12-23,435.0,435.0,435.0,,16.0,6453
2011-12-24,435.0,435.0,435.0,,16.0,6453
2011-12-25,434.0,434.0,434.0,,16.0,6453
2011-12-26,434.0,434.0,434.0,,16.0,6453
2011-12-27,433.0,433.0,433.0,,16.0,6453
2011-12-28,433.0,433.0,433.0,,16.0,6453
2011-12-29,433.0,433.0,433.0,,16.0,6453
2011-12-30,432.0,432.0,432.0,,16.0,6453
2011-12-31,432.0,432.0,432.0,,16.0,6453
2012-01-01,430.0,430.0,430.0,,16.0,6453
2012-01-02,429.0,429.0,429.0,,16.0,6453
2012-01-03,429.0,429.0,429.0,,16.0,6453
2012-01-04,429.0,429.0,429.0,,16.0,6453
2012-01-05,429.0,429.0,429.0,,16.0,6453
2012-01-06,428.0,428.0,428.0,,16.0,6453
2012-01-07,428.0,428.0,428.0,,16.0,6453
2012-01-08,428.0,428.0,428.0,,16.0,6453
2012-01-09,428.0,428.0,428.0,,16.0,6453
2012-01-10,427.0,427.0,427.0,,16.0,6453
2012-01-11,425.0,425.0,425.0,,16.0,6453
2012-01-12,425.0,425.0,425.0,,16.0,6453
2012-01-13,424.0,424.0,424.0,,16.0,6453
2012-01-14,424.0,424.0,424.0,,16.0,6453
2012-01-15,424.0,424.0,424.0,,16.0,6453
2012-01-16,424.0,424.0,424.0,,16.0,6453
2012-01-17,423.0,423.0,423.0,,16.0,6453
2012-01-18,423.0,423.0,423.0,,16.0,6453
2012-01-19,423.0,423.0,423.0,,16.0,6453
2012-01-20,423.0,423.0,423.0,,16.0,6453
2012-01-21,422.0,422.0,422.0,,16.0,6453
2012-01-22,421.0,421.0,421.0,,16.0,6453
2012-01-23,421.0,421.0,421.0,,16.0,6453
2012-01-24,420.0,420.0,420.0,,16.0,6453
2012-01-25,419.0,419.0,419.0,,16.0,6453
2012-01-26,419.0,419.0,419.0,,16.0,6453
2012-01-27,419.0,419.0,419.0,,16.0,6453
2012-01-28,418.0,418.0,418.0,,16.0,6453
2012-01-29,418.0,418.0,418.0,,16.0,6453
2012-01-30,418.0,418.0,418.0,,16.0,6453
2012-01-31,417.0,417.0,417.0,,16.0,6453
2012-02-01,417.0,417.0,417.0,,16.0,6453
2012-02-02,417.0,417.0,417.0,,16.0,6453
2012-02-03,418.0,418.0,418.0,,16.0,6453
2012-02-04,418.0,418.0,418.0,,16.0,6453
2012-02-05,418.0,418.0,418.0,,16.0,6453
2012-02-06,417.0,417.0,417.0,,16.0,6453
2012-02-07,417.0,417.0,417.0,,16.0,6453
2012-02-08,417.0,417.0,417.0,,16.0,6453
2012-02-09,416.0,416.0,416.0,,16.0,6453
2012-02-10,416.0,416.0,416.0,,16.0,6453
2012-02-11,416.0,416.0,416.0,,16.0,6453
2012-02-12,416.0,416.0,416.0,,16.0,6453
2012-02-13,416.0,416.0,416.0,,16.0,6453
2012-02-14,416.0,416.0,416.0,,16.0,6453
2012-02-15,416.0,416.0,416.0,,16.0,6453
2012-02-16,414.0,414.0,414.0,,16.0,6453
2012-02-17,413.0,413.0,413.0,,16.0,6453
2012-02-18,412.0,412.0,412.0,,16.0,6453
2012-02-19,411.0,411.0,411.0,,16.0,6453
2012-02-20,411.0,411.0,411.0,,16.0,6453
2012-02-21,410.0,410.0,410.0,,16.0,6453
2012-02-22,408.0,408.0,408.0,,16.0,6453
2012-02-23,408.0,408.0,408.0,,16.0,6453
2012-02-24,407.0,407.0,407.0,,16.0,6453
2012-02-25,406.0,406.0,406.0,,16.0,6453
2012-02-26,408.0,408.0,408.0,,16.0,6453
2012-02-27,411.0,411.0,411.0,,16.0,6453
2012-02-28,413.0,413.0,413.0,,16.0,6453
2012-02-29,413.0,413.0,413.0,,16.0,6453
2012-03-01,413.0,413.0,413.0,,16.0,6453
2012-03-02,411.0,411.0,411.0,,16.0,6453
2012-03-03,411.0,411.0,411.0,,16.0,6453
2012-03-04,410.0,410.0,410.0,,16.0,6453
2012-03-05,410.0,410.0,410.0,,16.0,6453
2012-03-06,412.0,412.0,412.0,,16.0,6453
2012-03-07,413.0,413.0,413.0,,16.0,6453
2012-03-08,413.0,413.0,413.0,,16.0,6453
2012-03-09,414.0,414.0,414.0,,16.0,6453
2012-03-10,416.0,416.0,416.0,,16.0,6453
2012-03-11,416.0,416.0,416.0,,16.0,6453
2012-03-12,416.0,416.0,416.0,,16.0,6453
2012-03-13,416.0,416.0,416.0,,16.0,6453
2012-03-14,416.0,416.0,416.0,,16.0,6453
2012-03-15,416.0,416.0,416.0,,16.0,6453
2012-03-16,416.0,416.0,416.0,,16.0,6453
2012-03-17,416.0,416.0,416.0,,16.0,6453
2012-03-18,415.0,415.0,415.0,,16.0,6453
2012-03-19,415.0,415.0,415.0,,16.0,6453
2012-03-20,411.0,411.0,411.0,,16.0,6453
2012-03-21,408.0,408.0,408.0,,16.0,6453
2012-03-22,406.0,406.0,406.0,,16.0,6453
2012-03-23,408.0,408.0,408.0,,16.0,6453
2012-03-24,408.0,408.0,408.0,,16.0,6453
2012-03-25,415.0,415.0,415.0,,16.0,6453
2012-03-26,413.0,413.0,413.0,,16.0,6453
2012-03-27,412.0,412.0,412.0,,16.0,6453
2012-03-28,444.0,444.0,444.0,,16.0,6453
2012-03-29,446.0,446.0,446.0,,16.0,6453
2012-03-30,450.0,450.0,450.0,,16.0,6453
2012-03-31,452.0,452.0,452.0,,16.0,6453
2012-04-01,435.0,417.0,453.0,0.0,16.0,6453
2012-04-02,415.0,414.0,416.0,0.0,16.0,6453
2012-04-03,413.0,412.0,414.0,0.0,16.0,6453
2012-04-04,411.0,411.0,411.0,0.0,16.0,6453
2012-04-05,410.0,410.0,410.0,0.0,16.0,6453
2012-04-06,410.0,409.0,410.0,0.0,16.0,6453
2012-04-07,409.0,408.0,409.0,0.0,16.0,6453
2012-04-08,409.0,408.0,409.0,0.0,16.0,6453
2012-04-09,408.0,407.0,409.0,0.0,16.0,6453
2012-04-10,410.0,409.0,410.0,0.0,16.0,6453
2012-04-11,411.0,410.0,411.0,0.0,16.0,6453
2012-04-12,411.0,411.0,411.0,0.0,16.0,6453
2012-04-13,411.0,410.0,411.0,0.0,16.0,6453
2012-04-14,409.0,408.0,409.0,0.0,16.0,6453
2012-04-15,407.0,407.0,407.0,0.0,16.0,6453
2012-04-16,408.0,407.0,408.0,0.0,16.0,6453
2012-04-17,409.0,408.0,410.0,0.0,16.0,6453
2012-04-18,416.0,411.0,421.0,0.1,16.47,6453
2012-04-19,428.0,422.0,434.0,0.1,47.0,6453
2012-04-20,438.0,434.0,441.0,0.1,47.0,6453
2012-04-21,445.0,443.0,447.0,0.1,47.0,6453
2012-04-22,446.0,444.0,448.0,0.1,24.47,6453
2012-04-23,453.0,448.0,457.0,0.2,24.0,6453
2012-04-24,461.0,455.0,467.0,0.2,24.0,6453
2012-04-25,490.0,479.0,500.0,0.2,24.0,6453
2012-04-26,564.0,507.0,753.0,0.2,,6453
2012-04-27,554.0,535.0,572.0,0.3,9.27,6453
2012-04-28,501.0,491.0,511.0,0.3,,6453
2012-04-29,473.0,466.0,480.0,0.3,27.0,6453
2012-04-30,448.0,442.0,454.0,0.3,27.0,6453
2012-05-01,424.0,421.0,426.0,0.4,,6453
2012-05-02,412.0,411.0,413.0,0.4,,6453
2012-05-03,412.0,409.0,415.0,0.4,27.0,6453
2012-05-04,452.0,421.0,482.0,0.5,27.0,6453
2012-05-05,469.0,464.0,473.0,0.7,27.0,6453
2012-05-06,453.0,452.0,453.0,1.0,27.0,6453
2012-05-07,442.0,441.0,442.0,1.2,27.0,6453
2012-05-08,429.0,426.0,431.0,1.7,27.0,6453
2012-05-09,418.0,416.0,419.0,2.9,27.0,6453
2012-05-10,420.0,415.0,425.0,4.2,27.0,6453
2012-05-11,432.0,426.0,438.0,4.8,27.0,6453
2012-05-12,456.0,448.0,464.0,4.9,27.0,6453
2012-05-13,473.0,464.0,482.0,4.8,27.0,6453
2012-05-14,472.0,463.0,481.0,4.6,27.0,6453
2012-05-15,467.0,461.0,473.0,4.3,27.0,6453
2012-05-16,458.0,457.0,459.0,4.7,27.0,6453
2012-05-17,463.0,456.0,469.0,6.0,29.0,6453
2012-05-18,454.0,452.0,456.0,6.8,29.0,6453
2012-05-19,455.0,449.0,461.0,7.5,29.0,6453
2012-05-20,461.0,454.0,468.0,8.5,29.0,6453
2012-05-21,464.0,461.0,466.0,9.1,29.0,6453
2012-05-22,447.0,430.0,463.0,9.9,29.0,6453
2012-05-23,445.0,437.0,453.0,9.1,29.0,6453
2012-05-24,442.0,440.0,443.0,9.0,29.0,6453
2012-05-25,455.0,447.0,463.0,8.1,29.0,6453
2012-05-26,526.0,479.0,553.0,4.8,29.0,6453
2012-05-27,464.0,460.0,468.0,5.8,29.0,6453
2012-05-28,444.0,438.0,450.0,7.5,29.0,6453
2012-05-29,429.0,425.0,432.0,9.4,29.0,6453
2012-05-30,419.0,418.0,420.0,11.3,29.0,6453
2012-05-31,416.0,415.0,416.0,12.7,29.0,6453
2012-06-01,415.0,414.0,415.0,13.8,29.0,6453
2012-06-02,415.0,414.0,416.0,13.7,29.0,6453
2012-06-03,417.0,416.0,418.0,13.6,29.0,6453
2012-06-04,417.0,416.0,417.0,13.2,29.0,6453
2012-06-05,420.0,416.0,424.0,12.3,29.0,6453
2012-06-06,428.0,427.0,428.0,12.2,29.0,6453
2012-06-07,421.0,418.0,424.0,12.6,29.0,6453
2012-06-08,412.0,411.0,413.0,12.5,29.0,6453
2012-06-09,413.0,408.0,418.0,12.0,29.0,6453
2012-06-10,438.0,430.0,446.0,11.2,29.0,6453
2012-06-11,424.0,422.0,426.0,11.7,29.0,6453
2012-06-12,416.0,415.0,417.0,12.0,29.0,6453
2012-06-13,408.0,405.0,410.0,13.0,29.0,6453
2012-06-14,400.0,398.0,402.0,13.4,29.0,6453
2012-06-15,396.0,396.0,396.0,14.8,29.0,6453
2012-06-16,396.0,396.0,396.0,15.7,29.0,6453
2012-06-17,406.0,396.0,416.0,15.4,29.0,6453
2012-06-18,410.0,408.0,411.0,15.1,29.0,6453
2012-06-19,412.0,407.0,416.0,16.0,29.0,6453
2012-06-20,414.0,412.0,415.0,16.2,29.0,6453
2012-06-21,410.0,407.0,412.0,16.8,29.0,6453
2012-06-22,404.0,403.0,405.0,18.0,29.0,6453
2012-06-23,401.0,400.0,401.0,18.9,29.0,6453
2012-06-24,409.0,398.0,419.0,19.1,29.0,6453
2012-06-25,422.0,422.0,422.0,19.2,29.0,6453
2012-06-26,418.0,416.0,420.0,19.7,29.0,6453
2012-06-27,417.0,414.0,420.0,19.0,29.0,6453
2012-06-28,411.0,409.0,413.0,18.5,29.0,6453
2012-06-29,406.0,405.0,407.0,18.4,29.0,6453
2012-06-30,403.0,402.0,404.0,18.8,29.0,6453
2012-07-01,403.0,402.0,403.0,16.2,29.0,6453
2012-07-02,403.0,402.0,403.0,16.6,29.0,6453
2012-07-03,402.0,402.0,402.0,17.9,29.0,6453
2012-07-04,405.0,402.0,408.0,17.1,29.0,6453
2012-07-05,424.0,411.0,437.0,16.8,29.0,6453
2012-07-06,424.0,420.0,428.0,16.6,29.0,6453
2012-07-07,418.0,417.0,418.0,17.8,29.0,6453
2012-07-08,415.0,413.0,416.0,18.5,29.0,6453
2012-07-09,416.0,411.0,420.0,17.5,29.0,6453
2012-07-10,421.0,418.0,423.0,19.0,29.0,6453
2012-07-11,448.0,446.0,449.0,16.0,29.0,6453
2012-07-12,434.0,430.0,438.0,15.5,29.0,6453
2012-07-13,424.0,422.0,426.0,15.7,29.0,6453
2012-07-14,418.0,416.0,420.0,15.0,29.0,6453
2012-07-15,413.0,410.0,415.0,16.7,29.0,6453
2012-07-16,407.0,406.0,408.0,17.6,29.0,6453
2012-07-17,404.0,403.0,405.0,17.9,29.0,6453
2012-07-18,402.0,401.0,402.0,18.9,29.0,6453
2012-07-19,401.0,401.0,401.0,19.0,29.0,6453
2012-07-20,455.0,432.0,478.0,14.9,29.0,6453
2012-07-21,525.0,503.0,546.0,8.3,29.0,6453
2012-07-22,483.0,474.0,492.0,10.1,29.0,6453
2012-07-23,460.0,457.0,462.0,11.1,29.0,6453
2012-07-24,451.0,448.0,453.0,13.5,29.0,6453
2012-07-25,447.0,445.0,448.0,14.3,29.0,6453
2012-07-26,454.0,451.0,456.0,14.4,29.0,6453
2012-07-27,492.0,461.0,522.0,12.7,29.0,6453
2012-07-28,680.0,580.0,725.0,7.1,29.0,6453
2012-07-29,597.0,571.0,623.0,8.4,29.0,6453
2012-07-30,526.0,514.0,538.0,9.7,29.0,6453
2012-07-31,489.0,482.0,495.0,11.1,29.0,6453
2012-08-01,469.0,466.0,472.0,11.5,29.0,6453
2012-08-02,458.0,456.0,459.0,12.5,29.0,6453
2012-08-03,448.0,446.0,450.0,13.4,29.0,6453
2012-08-04,441.0,440.0,442.0,14.4,29.0,6453
2012-08-05,437.0,435.0,438.0,15.3,29.0,6453
2012-08-06,431.0,431.0,431.0,15.7,29.0,6453
2012-08-07,434.0,431.0,437.0,16.5,29.0,6453
2012-08-08,448.0,447.0,449.0,16.4,29.0,6453
2012-08-09,452.0,448.0,455.0,16.5,29.0,6453
2012-08-10,459.0,458.0,460.0,13.4,29.0,6453
2012-08-11,453.0,450.0,456.0,12.9,29.0,6453
2012-08-12,448.0,447.0,449.0,12.4,29.0,6453
2012-08-13,447.0,445.0,449.0,11.6,29.0,6453
2012-08-14,457.0,442.0,471.0,11.6,29.0,6453
2012-08-15,478.0,474.0,481.0,11.9,29.0,6453
2012-08-16,476.0,475.0,477.0,10.1,29.0,6453
2012-08-17,482.0,474.0,489.0,10.7,29.0,6453
2012-08-18,464.0,463.0,464.0,9.7,29.0,6453
2012-08-19,492.0,484.0,500.0,9.6,29.0,6453
2012-08-20,494.0,488.0,499.0,10.1,29.0,6453
2012-08-21,480.0,472.0,487.0,10.4,29.0,6453
2012-08-22,463.0,462.0,464.0,10.7,29.0,6453
2012-08-23,456.0,453.0,458.0,10.6,29.0,6453
2012-08-24,447.0,447.0,447.0,10.3,29.0,6453
2012-08-25,444.0,444.0,444.0,12.0,29.0,6453
2012-08-26,441.0,440.0,442.0,12.2,29.0,6453
2012-08-27,438.0,436.0,439.0,12.6,29.0,6453
2012-08-28,434.0,433.0,434.0,11.6,29.0,6453
2012-08-29,433.0,432.0,433.0,11.0,29.0,6453
2012-08-30,517.0,454.0,580.0,9.8,29.0,6453
2012-08-31,670.0,608.0,707.0,6.7,29.0,6453
2012-09-01,582.0,559.0,605.0,8.0,29.0,6453
2012-09-02,525.0,520.0,529.0,8.6,29.0,6453
2012-09-03,536.0,512.0,559.0,7.8,29.0,6453
2012-09-04,609.0,584.0,620.0,5.9,29.0,6453
2012-09-05,580.0,575.0,584.0,6.1,29.0,6453
2012-09-06,636.0,612.0,660.0,6.1,29.0,6453
2012-09-07,606.0,586.0,625.0,6.0,29.0,6453
2012-09-08,558.0,552.0,564.0,6.5,29.0,6453
2012-09-09,532.0,526.0,537.0,6.2,29.0,6453
2012-09-10,511.0,508.0,514.0,6.4,29.0,6453
2012-09-11,498.0,496.0,499.0,7.0,29.0,6453
2012-09-12,483.0,479.0,487.0,6.3,29.0,6453
2012-09-13,477.0,476.0,477.0,8.1,29.0,6453
2012-09-14,501.0,481.0,521.0,7.1,29.0,6453
2012-09-15,555.0,550.0,560.0,5.8,29.0,6453
2012-09-16,540.0,531.0,548.0,5.8,29.0,6453
2012-09-17,514.0,509.0,518.0,5.7,29.0,6453
2012-09-18,494.0,490.0,497.0,5.9,29.0,6453
2012-09-19,489.0,483.0,495.0,6.7,29.0,6453
2012-09-20,530.0,529.0,531.0,6.4,29.0,6453
2012-09-21,550.0,547.0,552.0,6.2,29.0,6453
2012-09-22,555.0,552.0,557.0,6.1,29.0,6453
2012-09-23,544.0,539.0,549.0,5.7,29.0,6453
2012-09-24,517.0,512.0,522.0,5.5,29.0,6453
2012-09-25,499.0,493.0,504.0,5.8,29.0,6453
2012-09-26,483.0,480.0,486.0,5.3,29.0,6453
2012-09-27,471.0,470.0,472.0,5.8,29.0,6453
2012-09-28,463.0,461.0,464.0,5.1,29.0,6453
2012-09-29,456.0,455.0,456.0,5.1,29.0,6453
2012-09-30,453.0,453.0,453.0,5.1,29.0,6453
2012-10-01,450.0,449.0,450.0,4.8,29.0,6453
2012-10-02,445.0,444.0,445.0,5.1,29.0,6453
2012-10-03,443.0,443.0,443.0,5.3,29.0,6453
2012-10-04,442.0,442.0,442.0,5.2,29.0,6453
2012-10-05,437.0,433.0,441.0,5.2,29.0,6453
2012-10-06,432.0,431.0,432.0,4.2,29.0,6453
2012-10-07,432.0,431.0,432.0,4.5,29.0,6453
2012-10-08,429.0,428.0,429.0,2.9,29.0,6453
2012-10-09,427.0,426.0,427.0,3.0,29.0,6453
2012-10-10,425.0,424.0,425.0,3.3,29.0,6453
2012-10-11,423.0,423.0,423.0,4.2,29.0,6453
2012-10-12,422.0,421.0,422.0,5.1,29.0,6453
2012-10-13,421.0,420.0,421.0,4.4,29.0,6453
2012-10-14,419.0,418.0,419.0,4.4,29.0,6453
2012-10-15,416.0,415.0,417.0,3.9,29.0,6453
2012-10-16,414.0,414.0,414.0,3.6,29.0,6453
2012-10-17,413.0,413.0,413.0,2.7,29.0,6453
2012-10-18,413.0,413.0,413.0,2.1,29.0,6453
2012-10-19,412.0,411.0,413.0,1.4,29.0,6453
2012-10-20,409.0,407.0,410.0,0.1,,6453
2012-10-21,407.0,406.0,407.0,0.0,,6453
2012-10-22,406.0,405.0,406.0,0.3,,6453
2012-10-23,403.0,401.0,404.0,0.0,,6453
2012-10-24,397.0,396.0,397.0,0.0,,6453
2012-10-25,398.0,395.0,401.0,0.2,,6453
2012-10-26,405.0,404.0,406.0,0.4,2.0,6453
2012-10-27,404.0,404.0,404.0,0.5,2.0,6453
2012-10-28,405.0,404.0,405.0,0.4,29.0,6453
2012-10-29,405.0,404.0,405.0,0.0,,6453
2012-10-30,399.0,396.0,401.0,0.0,,6453
2012-10-31,394.0,394.0,394.0,0.0,,6453
2012-11-01,391.0,390.0,392.0,0.0,,6453
2012-11-02,389.0,389.0,389.0,0.0,,6453
2012-11-03,388.0,388.0,388.0,0.0,,6453
2012-11-04,393.0,388.0,398.0,0.0,,6453
2012-11-05,399.0,398.0,399.0,0.0,,6453
2012-11-06,395.0,393.0,397.0,0.0,,6453
2012-11-07,390.0,387.0,392.0,0.0,,6453
2012-11-08,386.0,386.0,386.0,0.0,,6453
2012-11-09,387.0,386.0,387.0,0.0,,6453
2012-11-10,387.0,386.0,388.0,0.0,,6453
2012-11-11,390.0,389.0,390.0,0.0,,6453
2012-11-12,390.0,389.0,390.0,0.0,,6453
2012-11-13,388.0,386.0,389.0,0.0,,6453
2012-11-14,385.0,383.0,386.0,0.0,,6453
2012-11-15,379.0,378.0,379.0,0.0,,6453
2012-11-16,377.0,376.0,378.0,0.0,,6453
2012-11-17,377.0,376.0,377.0,0.0,,6453
2012-11-18,373.0,372.0,374.0,0.0,,6453
2012-11-19,373.0,372.0,374.0,0.0,,6453
2012-11-20,384.0,373.0,394.0,0.0,,6453
2012-11-21,411.0,408.0,413.0,0.0,15.0,6453
2012-11-22,417.0,414.0,419.0,0.0,15.0,6453
2012-11-23,422.0,421.0,422.0,0.0,15.0,6453
2012-11-24,425.0,423.0,426.0,0.0,16.0,6453
2012-11-25,427.0,426.0,427.0,0.0,16.0,6453
2012-11-26,427.0,427.0,427.0,0.0,16.0,6453
2012-11-27,426.0,425.0,427.0,0.0,16.0,6453
2012-11-28,423.0,422.0,423.0,0.0,16.0,6453
2012-11-29,423.0,422.0,423.0,0.0,16.0,6453
2012-11-30,423.0,423.0,423.0,0.0,16.0,6453
2012-12-01,423.0,423.0,423.0,,16.0,6453
2012-12-02,420.0,420.0,420.0,,16.0,6453
2012-12-03,416.0,416.0,416.0,,16.0,6453
2012-12-04,412.0,412.0,412.0,,16.0,6453
2012-12-05,409.0,409.0,409.0,,16.0,6453
2012-12-06,407.0,407.0,407.0,,16.0,6453
2012-12-07,409.0,409.0,409.0,,16.0,6453
2012-12-08,411.0,411.0,411.0,,16.0,6453
2012-12-09,412.0,412.0,412.0,,16.0,6453
2012-12-10,413.0,413.0,413.0,,16.0,6453
2012-12-11,413.0,413.0,413.0,,16.0,6453
2012-12-12,414.0,414.0,414.0,,16.0,6453
2012-12-13,416.0,416.0,416.0,,16.0,6453
2012-12-14,417.0,417.0,417.0,,16.0,6453
2012-12-15,417.0,417.0,417.0,,16.0,6453
2012-12-16,417.0,417.0,417.0,,16.0,6453
2012-12-17,417.0,417.0,417.0,,16.0,6453
2012-12-18,417.0,417.0,417.0,,16.0,6453
2012-12-19,417.0,417.0,417.0,,16.0,6453
2012-12-20,417.0,417.0,417.0,,16.0,6453
2012-12-21,417.0,417.0,417.0,,16.0,6453
2012-12-22,415.0,415.0,415.0,,16.0,6453
2012-12-23,413.0,413.0,413.0,,16.0,6453
2012-12-24,412.0,412.0,412.0,,16.0,6453
2012-12-25,410.0,410.0,410.0,,16.0,6453
2012-12-26,409.0,409.0,409.0,,16.0,6453
2012-12-27,408.0,408.0,408.0,,16.0,6453
2012-12-28,407.0,407.0,407.0,,16.0,6453
2012-12-29,407.0,407.0,407.0,,16.0,6453
2012-12-30,406.0,406.0,406.0,,16.0,6453
2012-12-31,405.0,405.0,405.0,,16.0,6453
2013-01-01,405.0,405.0,405.0,,16.0,6453
2013-01-02,404.0,404.0,404.0,,16.0,6453
2013-01-03,404.0,404.0,404.0,,16.0,6453
2013-01-04,405.0,405.0,405.0,,16.0,6453
2013-01-05,406.0,406.0,406.0,,16.0,6453
2013-01-06,406.0,406.0,406.0,,16.0,6453
2013-01-07,406.0,406.0,406.0,,16.0,6453
2013-01-08,405.0,405.0,405.0,,16.0,6453
2013-01-09,405.0,405.0,405.0,,16.0,6453
2013-01-10,405.0,405.0,405.0,,16.0,6453
2013-01-11,406.0,406.0,406.0,,16.0,6453
2013-01-12,407.0,407.0,407.0,,16.0,6453
2013-01-13,407.0,407.0,407.0,,16.0,6453
2013-01-14,409.0,409.0,409.0,,16.0,6453
2013-01-15,409.0,409.0,409.0,,16.0,6453
2013-01-16,408.0,408.0,408.0,,16.0,6453
2013-01-17,408.0,408.0,408.0,,16.0,6453
2013-01-18,407.0,407.0,407.0,,16.0,6453
2013-01-19,404.0,404.0,404.0,,16.0,6453
2013-01-20,402.0,402.0,402.0,,16.0,6453
2013-01-21,402.0,402.0,402.0,,16.0,6453
2013-01-22,402.0,402.0,402.0,,16.0,6453
2013-01-23,402.0,402.0,402.0,,16.0,6453
2013-01-24,402.0,402.0,402.0,,16.0,6453
2013-01-25,401.0,401.0,401.0,,16.0,6453
2013-01-26,401.0,401.0,401.0,,16.0,6453
2013-01-27,403.0,403.0,403.0,,16.0,6453
2013-01-28,404.0,404.0,404.0,,16.0,6453
2013-01-29,404.0,404.0,404.0,,16.0,6453
2013-01-30,405.0,405.0,405.0,,16.0,6453
2013-01-31,405.0,405.0,405.0,,16.0,6453
2013-02-01,405.0,405.0,405.0,,16.0,6453
2013-02-02,405.0,405.0,405.0,,16.0,6453
2013-02-03,405.0,405.0,405.0,,16.0,6453
2013-02-04,405.0,405.0,405.0,,16.0,6453
2013-02-05,405.0,405.0,405.0,,16.0,6453
2013-02-06,406.0,406.0,406.0,,16.0,6453
2013-02-07,406.0,406.0,406.0,,16.0,6453
2013-02-08,407.0,407.0,407.0,,16.0,6453
2013-02-09,407.0,407.0,407.0,,16.0,6453
2013-02-10,408.0,408.0,408.0,,16.0,6453
2013-02-11,406.0,406.0,406.0,,16.0,6453
2013-02-12,406.0,406.0,406.0,,16.0,6453
2013-02-13,405.0,405.0,405.0,,16.0,6453
2013-02-14,403.0,403.0,403.0,,16.0,6453
2013-02-15,403.0,403.0,403.0,,16.0,6453
2013-02-16,397.0,397.0,397.0,,16.0,6453
2013-02-17,391.0,391.0,391.0,,16.0,6453
2013-02-18,386.0,386.0,386.0,,16.0,6453
2013-02-19,385.0,385.0,385.0,,16.0,6453
2013-02-20,384.0,384.0,384.0,,16.0,6453
2013-02-21,382.0,382.0,382.0,,16.0,6453
2013-02-22,384.0,384.0,384.0,,16.0,6453
2013-02-23,386.0,386.0,386.0,,16.0,6453
2013-02-24,388.0,388.0,388.0,,16.0,6453
2013-02-25,389.0,389.0,389.0,,16.0,6453
2013-02-26,389.0,389.0,389.0,,16.0,6453
2013-02-27,391.0,391.0,391.0,,16.0,6453
2013-02-28,391.0,391.0,391.0,,16.0,6453
2013-03-01,392.0,392.0,392.0,,16.0,6453
2013-03-02,390.0,390.0,390.0,,16.0,6453
2013-03-03,378.0,378.0,378.0,,16.0,6453
2013-03-04,376.0,376.0,376.0,,16.0,6453
2013-03-05,376.0,376.0,376.0,,16.0,6453
2013-03-06,378.0,378.0,378.0,,16.0,6453
2013-03-07,380.0,380.0,380.0,,16.0,6453
2013-03-08,381.0,381.0,381.0,,16.0,6453
2013-03-09,381.0,381.0,381.0,,16.0,6453
2013-03-10,382.0,382.0,382.0,,16.0,6453
2013-03-11,383.0,383.0,383.0,,16.0,6453
2013-03-12,385.0,385.0,385.0,,16.0,6453
2013-03-13,385.0,385.0,385.0,,16.0,6453
2013-03-14,386.0,386.0,386.0,,16.0,6453
2013-03-15,386.0,386.0,386.0,,16.0,6453
2013-03-16,387.0,387.0,387.0,,16.0,6453
2013-03-17,387.0,387.0,387.0,,16.0,6453
2013-03-18,389.0,389.0,389.0,,16.0,6453
2013-03-19,392.0,392.0,392.0,,16.0,6453
2013-03-20,393.0,393.0,393.0,,16.0,6453
2013-03-21,393.0,393.0,393.0,,16.0,6453
2013-03-22,395.0,395.0,395.0,,16.0,6453
2013-03-23,395.0,395.0,395.0,,16.0,6453
2013-03-24,393.0,393.0,393.0,,16.0,6453
2013-03-25,393.0,393.0,393.0,,16.0,6453
2013-03-26,393.0,393.0,393.0,,16.0,6453
2013-03-27,394.0,394.0,394.0,,16.0,6453
2013-03-28,394.0,394.0,394.0,,16.0,6453
2013-03-29,388.0,388.0,388.0,,16.0,6453
2013-03-30,384.0,384.0,384.0,,16.0,6453
2013-03-31,380.0,380.0,380.0,,16.0,6453
2013-04-01,393.0,378.0,407.0,,16.0,6453
2013-04-02,410.0,408.0,411.0,,16.0,6453
2013-04-03,413.0,412.0,413.0,,16.0,6453
2013-04-04,411.0,408.0,414.0,,16.0,6453
2013-04-05,400.0,394.0,406.0,,16.0,6453
2013-04-06,383.0,380.0,386.0,,16.0,6453
2013-04-07,382.0,378.0,386.0,,16.0,6453
2013-04-08,390.0,390.0,390.0,,16.0,6453
2013-04-09,389.0,389.0,389.0,,16.0,6453
2013-04-10,389.0,388.0,389.0,,16.0,6453
2013-04-11,390.0,388.0,391.0,,16.0,6453
2013-04-12,393.0,392.0,393.0,,16.0,6453
2013-04-13,394.0,394.0,394.0,,16.0,6453
2013-04-14,396.0,396.0,396.0,,16.0,6453
2013-04-15,398.0,397.0,398.0,,16.0,6453
2013-04-16,399.0,398.0,400.0,,16.0,6453
2013-04-17,401.0,400.0,401.0,,16.0,6453
2013-04-18,403.0,402.0,404.0,,16.0,6453
2013-04-19,407.0,405.0,408.0,,16.0,6453
2013-04-20,414.0,409.0,418.0,,16.47,6453
2013-04-21,420.0,419.0,420.0,0.0,47.0,6453
2013-04-22,414.0,406.0,421.0,0.0,47.0,6453
2013-04-23,402.0,401.0,402.0,0.0,47.0,6453
2013-04-24,401.0,400.0,401.0,0.0,47.0,6453
2013-04-25,401.0,399.0,402.0,0.0,47.0,6453
2013-04-26,404.0,401.0,407.0,0.0,47.0,6453
2013-04-27,414.0,408.0,419.0,0.0,47.0,6453
2013-04-28,420.0,420.0,420.0,0.0,47.0,6453
2013-04-29,419.0,417.0,421.0,0.0,47.0,6453
2013-04-30,419.0,414.0,424.0,0.0,15.47,6453
2013-05-01,426.0,423.0,429.0,0.0,15.0,6453
2013-05-02,429.0,427.0,431.0,0.0,15.0,6453
2013-05-03,423.0,417.0,429.0,0.1,26.25,6453
2013-05-04,412.0,405.0,419.0,0.1,26.25,6453
2013-05-05,411.0,408.0,414.0,0.1,26.25,6453
2013-05-06,418.0,410.0,425.0,0.1,26.25,6453
2013-05-07,415.0,409.0,421.0,0.2,26.25,6453
2013-05-08,429.0,420.0,437.0,0.9,8.0,6453
2013-05-09,504.0,473.0,534.0,0.8,9.27,6453
2013-05-10,480.0,470.0,489.0,1.1,27.0,6453
2013-05-11,500.0,493.0,506.0,1.3,29.27,6453
2013-05-12,473.0,465.0,480.0,2.6,29.0,6453
2013-05-13,447.0,441.0,452.0,3.6,29.0,6453
2013-05-14,437.0,437.0,437.0,4.2,29.0,6453
2013-05-15,435.0,435.0,435.0,4.7,29.0,6453
2013-05-16,447.0,442.0,452.0,4.5,29.0,6453
2013-05-17,480.0,462.0,498.0,4.2,29.0,6453
2013-05-18,522.0,500.0,541.0,3.1,29.0,6453
2013-05-19,520.0,514.0,525.0,2.8,29.0,6453
2013-05-20,534.0,510.0,558.0,4.0,29.0,6453
2013-05-21,570.0,553.0,595.0,4.5,29.0,6453
2013-05-22,528.0,523.0,533.0,4.5,29.0,6453
2013-05-23,503.0,491.0,515.0,6.0,29.0,6453
2013-05-24,479.0,471.0,487.0,5.7,29.0,6453
2013-05-25,514.0,490.0,538.0,4.6,29.0,6453
2013-05-26,507.0,506.0,507.0,5.3,29.0,6453
2013-05-27,555.0,523.0,577.0,4.2,29.0,6453
2013-05-28,613.0,510.0,750.0,3.4,29.0,6453
2013-05-29,685.0,663.0,711.0,3.1,29.0,6453
2013-05-30,670.0,618.0,697.0,2.5,29.0,6453
2013-05-31,577.0,571.0,582.0,3.9,29.0,6453
2013-06-01,535.0,528.0,541.0,4.8,29.0,6453
2013-06-02,658.0,564.0,711.0,4.1,29.0,6453
2013-06-03,641.0,581.0,680.0,4.7,29.0,6453
2013-06-04,539.0,521.0,556.0,6.0,29.0,6453
2013-06-05,506.0,504.0,507.0,7.6,29.0,6453
2013-06-06,484.0,483.0,485.0,9.3,29.0,6453
2013-06-07,480.0,473.0,487.0,9.4,29.0,6453
2013-06-08,477.0,473.0,480.0,10.7,29.0,6453
2013-06-09,482.0,479.0,484.0,9.8,29.0,6453
2013-06-10,464.0,459.0,468.0,9.0,29.0,6453
2013-06-11,468.0,468.0,468.0,8.5,29.0,6453
2013-06-12,460.0,457.0,463.0,8.6,29.0,6453
2013-06-13,474.0,456.0,492.0,8.3,29.0,6453
2013-06-14,621.0,550.0,655.0,5.1,29.0,6453
2013-06-15,569.0,567.0,571.0,5.6,29.0,6453
2013-06-16,619.0,579.0,640.0,5.0,29.0,6453
2013-06-17,608.0,592.0,624.0,5.1,29.0,6453
2013-06-18,541.0,526.0,555.0,6.3,29.0,6453
2013-06-19,498.0,489.0,506.0,7.2,29.0,6453
2013-06-20,477.0,474.0,480.0,8.2,29.0,6453
2013-06-21,466.0,464.0,467.0,10.2,29.0,6453
2013-06-22,463.0,462.0,464.0,10.8,29.0,6453
2013-06-23,460.0,455.0,464.0,11.8,29.0,6453
2013-06-24,450.0,446.0,454.0,11.7,29.0,6453
2013-06-25,447.0,444.0,449.0,11.5,29.0,6453
2013-06-26,447.0,446.0,447.0,12.0,29.0,6453
2013-06-27,443.0,441.0,444.0,12.7,29.0,6453
2013-06-28,438.0,438.0,438.0,13.2,29.0,6453
2013-06-29,436.0,434.0,438.0,14.4,29.0,6453
2013-06-30,431.0,430.0,432.0,15.4,29.0,6453
2013-07-01,432.0,429.0,434.0,16.0,29.0,6453
2013-07-02,432.0,431.0,432.0,15.1,29.0,6453
2013-07-03,434.0,432.0,435.0,14.9,29.0,6453
2013-07-04,430.0,429.0,430.0,15.1,29.0,6453
2013-07-05,429.0,429.0,429.0,15.1,29.0,6453
2013-07-06,436.0,431.0,440.0,14.7,29.0,6453
2013-07-07,452.0,436.0,468.0,13.9,29.0,6453
2013-07-08,516.0,456.0,576.0,10.2,29.0,6453
2013-07-09,563.0,521.0,589.0,10.0,29.0,6453
2013-07-10,491.0,473.0,508.0,10.0,29.0,6453
2013-07-11,472.0,468.0,476.0,10.2,29.0,6453
2013-07-12,474.0,471.0,476.0,10.8,29.0,6453
2013-07-13,473.0,468.0,478.0,10.7,29.0,6453
2013-07-14,482.0,479.0,485.0,11.0,29.0,6453
2013-07-15,472.0,469.0,475.0,11.9,29.0,6453
2013-07-16,463.0,461.0,465.0,12.6,29.0,6453
2013-07-17,456.0,453.0,458.0,11.9,29.0,6453
2013-07-18,450.0,449.0,451.0,12.2,29.0,6453
2013-07-19,450.0,447.0,453.0,12.4,29.0,6453
2013-07-20,454.0,451.0,456.0,13.9,29.0,6453
2013-07-21,457.0,455.0,458.0,13.9,29.0,6453
2013-07-22,481.0,459.0,503.0,13.4,29.0,6453
2013-07-23,526.0,521.0,531.0,13.0,29.0,6453
2013-07-24,511.0,506.0,515.0,12.8,29.0,6453
2013-07-25,501.0,496.0,506.0,12.1,29.0,6453
2013-07-26,499.0,491.0,506.0,11.9,29.0,6453
2013-07-27,499.0,495.0,502.0,12.1,29.0,6453
2013-07-28,484.0,482.0,485.0,12.1,29.0,6453
2013-07-29,475.0,472.0,477.0,11.7,29.0,6453
2013-07-30,523.0,506.0,540.0,11.3,29.0,6453
2013-07-31,601.0,568.0,618.0,10.0,29.0,6453
2013-08-01,566.0,564.0,568.0,9.1,29.0,6453
2013-08-02,563.0,559.0,566.0,10.1,29.0,6453
2013-08-03,537.0,537.0,537.0,10.8,29.0,6453
2013-08-04,526.0,523.0,529.0,10.3,29.0,6453
2013-08-05,509.0,504.0,513.0,10.3,29.0,6453
2013-08-06,500.0,498.0,502.0,10.6,29.0,6453
2013-08-07,495.0,491.0,498.0,11.0,29.0,6453
2013-08-08,490.0,485.0,494.0,11.7,29.0,6453
2013-08-09,502.0,499.0,504.0,11.1,29.0,6453
2013-08-10,484.0,480.0,487.0,11.1,29.0,6453
2013-08-11,474.0,471.0,477.0,11.7,29.0,6453
2013-08-12,469.0,467.0,470.0,11.5,29.0,6453
2013-08-13,466.0,465.0,467.0,10.5,29.0,6453
2013-08-14,489.0,474.0,503.0,9.8,29.0,6453
2013-08-15,522.0,511.0,525.0,9.5,29.0,6453
2013-08-16,522.0,520.0,523.0,8.8,29.0,6453
2013-08-17,516.0,511.0,520.0,9.2,29.0,6453
2013-08-18,505.0,502.0,507.0,9.3,29.0,6453
2013-08-19,491.0,481.0,500.0,9.6,29.0,6453
2013-08-20,475.0,471.0,478.0,10.5,29.0,6453
2013-08-21,462.0,458.0,465.0,11.2,29.0,6453
2013-08-22,451.0,450.0,452.0,11.8,29.0,6453
2013-08-23,450.0,449.0,450.0,12.2,29.0,6453
2013-08-24,447.0,447.0,447.0,12.0,29.0,6453
2013-08-25,449.0,449.0,449.0,10.7,29.0,6453
2013-08-26,452.0,450.0,454.0,9.6,29.0,6453
2013-08-27,448.0,448.0,448.0,9.4,29.0,6453
2013-08-28,448.0,448.0,448.0,9.3,29.0,6453
2013-08-29,448.0,448.0,448.0,8.6,29.0,6453
2013-08-30,446.0,445.0,447.0,8.0,29.0,6453
2013-08-31,445.0,444.0,445.0,8.8,29.0,6453
2013-09-01,445.0,444.0,445.0,9.2,29.0,6453
2013-09-02,444.0,443.0,445.0,10.3,29.0,6453
2013-09-03,441.0,440.0,442.0,10.8,29.0,6453
2013-09-04,438.0,437.0,438.0,11.0,29.0,6453
2013-09-05,437.0,436.0,437.0,11.4,29.0,6453
2013-09-06,434.0,433.0,435.0,11.8,29.0,6453
2013-09-07,432.0,431.0,432.0,11.7,29.0,6453
2013-09-08,431.0,430.0,431.0,11.8,29.0,6453
2013-09-09,430.0,429.0,430.0,12.0,29.0,6453
2013-09-10,428.0,428.0,428.0,12.1,29.0,6453
2013-09-11,430.0,430.0,430.0,11.4,29.0,6453
2013-09-12,430.0,430.0,430.0,11.1,29.0,6453
2013-09-13,430.0,430.0,430.0,10.0,29.0,6453
2013-09-14,430.0,430.0,430.0,10.0,29.0,6453
2013-09-15,439.0,436.0,442.0,9.6,29.0,6453
2013-09-16,446.0,445.0,447.0,8.2,29.0,6453
2013-09-17,448.0,447.0,448.0,8.4,29.0,6453
2013-09-18,446.0,445.0,446.0,8.2,29.0,6453
2013-09-19,445.0,444.0,445.0,7.2,29.0,6453
2013-09-20,445.0,444.0,445.0,6.6,29.0,6453
2013-09-21,449.0,447.0,450.0,6.8,29.0,6453
2013-09-22,449.0,448.0,450.0,6.3,29.0,6453
2013-09-23,447.0,446.0,447.0,6.2,29.0,6453
2013-09-24,484.0,462.0,505.0,5.2,29.0,6453
2013-09-25,511.0,504.0,518.0,4.1,29.0,6453
2013-09-26,487.0,481.0,492.0,4.1,29.0,6453
2013-09-27,470.0,467.0,473.0,4.5,29.0,6453
2013-09-28,461.0,459.0,462.0,4.6,29.0,6453
2013-09-29,454.0,453.0,455.0,4.6,29.0,6453
2013-09-30,449.0,448.0,450.0,4.4,29.0,6453
2013-10-01,447.0,446.0,447.0,3.2,29.0,6453
2013-10-02,446.0,445.0,446.0,3.0,29.0,6453
2013-10-03,446.0,445.0,446.0,2.6,29.0,6453
2013-10-04,444.0,441.0,446.0,2.7,29.0,6453
2013-10-05,439.0,437.0,440.0,2.3,29.0,6453
2013-10-06,435.0,434.0,435.0,2.9,29.0,6453
2013-10-07,432.0,431.0,432.0,2.4,29.0,6453
2013-10-08,438.0,430.0,445.0,2.7,29.0,6453
2013-10-09,454.0,453.0,455.0,2.5,29.0,6453
2013-10-10,453.0,452.0,454.0,2.6,29.0,6453
2013-10-11,453.0,451.0,454.0,2.6,29.0,6453
2013-10-12,467.0,465.0,469.0,2.6,29.0,6453
2013-10-13,463.0,461.0,464.0,2.2,29.0,6453
2013-10-14,458.0,456.0,459.0,2.0,29.0,6453
2013-10-15,454.0,453.0,454.0,1.5,29.0,6453
2013-10-16,447.0,446.0,448.0,0.6,29.0,6453
2013-10-17,442.0,441.0,443.0,0.3,,6453
2013-10-18,436.0,433.0,439.0,0.3,,6453
2013-10-19,435.0,433.0,436.0,0.5,,6453
2013-10-20,433.0,431.0,435.0,0.4,,6453
2013-10-21,431.0,429.0,432.0,0.9,29.0,6453
2013-10-22,428.0,427.0,428.0,0.8,29.0,6453
2013-10-23,424.0,423.0,425.0,1.1,29.0,6453
2013-10-24,422.0,421.0,422.0,1.0,29.0,6453
2013-10-25,420.0,420.0,420.0,0.7,29.0,6453
2013-10-26,419.0,418.0,419.0,0.4,29.0,6453
2013-10-27,417.0,416.0,417.0,0.1,,6453
2013-10-28,415.0,413.0,416.0,0.1,,6453
2013-10-29,413.0,411.0,414.0,0.0,,6453
2013-10-30,407.0,405.0,409.0,0.0,,6453
2013-10-31,403.0,403.0,403.0,0.0,,6453
2013-11-01,401.0,399.0,402.0,0.0,,6453
2013-11-02,401.0,397.0,404.0,0.0,,6453
2013-11-03,405.0,402.0,408.0,0.0,,6453
2013-11-04,410.0,408.0,412.0,0.0,,6453
2013-11-05,405.0,404.0,406.0,0.0,,6453
2013-11-06,403.0,402.0,403.0,0.0,,6453
2013-11-07,401.0,400.0,401.0,0.0,,6453
2013-11-08,398.0,397.0,399.0,0.0,,6453
2013-11-09,394.0,392.0,396.0,0.0,5.15,6453
2013-11-10,387.0,384.0,390.0,0.0,5.15,6453
2013-11-11,389.0,387.0,390.0,0.0,5.15,6453
2013-11-12,435.0,426.0,444.0,0.0,14.15,6453
2013-11-13,448.0,448.0,448.0,0.0,14.15,6453
2013-11-14,449.0,448.0,450.0,0.0,14.15,6453
2013-11-15,458.0,452.0,464.0,0.0,14.15,6453
2013-11-16,467.0,464.0,469.0,0.0,14.15,6453
2013-11-17,463.0,462.0,464.0,0.0,14.15,6453
2013-11-18,460.0,459.0,461.0,0.0,14.15,6453
2013-11-19,458.0,458.0,458.0,0.0,14.15,6453
2013-11-20,458.0,457.0,458.0,0.0,14.15,6453
2013-11-21,456.0,454.0,457.0,0.0,14.15,6453
2013-11-22,452.0,451.0,453.0,0.0,14.15,6453
2013-11-23,450.0,450.0,450.0,0.0,14.15,6453
2013-11-24,450.0,449.0,450.0,0.0,14.0,6453
2013-11-25,454.0,454.0,454.0,0.0,14.0,6453
2013-11-26,453.0,453.0,453.0,0.0,14.0,6453
2013-11-27,453.0,453.0,453.0,0.0,14.0,6453
2013-11-28,452.0,451.0,453.0,0.0,14.0,6453
2013-11-29,450.0,450.0,450.0,0.0,14.0,6453
2013-11-30,450.0,450.0,450.0,0.0,14.0,6453
2013-12-01,450.0,450.0,450.0,,14.0,6453
2013-12-02,451.0,451.0,451.0,,14.0,6453
2013-12-03,452.0,452.0,452.0,,14.0,6453
2013-12-04,455.0,455.0,455.0,,14.0,6453
2013-12-05,456.0,456.0,456.0,,14.0,6453
2013-12-06,456.0,456.0,456.0,,14.0,6453
2013-12-07,454.0,454.0,454.0,,14.0,6453
2013-12-08,453.0,453.0,453.0,,14.0,6453
2013-12-09,453.0,453.0,453.0,,14.0,6453
2013-12-10,452.0,452.0,452.0,,14.0,6453
2013-12-11,451.0,451.0,451.0,,14.0,6453
2013-12-12,450.0,450.0,450.0,,14.0,6453
2013-12-13,449.0,449.0,449.0,,14.0,6453
2013-12-14,449.0,449.0,449.0,,14.0,6453
2013-12-15,448.0,448.0,448.0,,14.0,6453
2013-12-16,448.0,448.0,448.0,,14.0,6453
2013-12-17,447.0,447.0,447.0,,14.0,6453
2013-12-18,447.0,447.0,447.0,,14.0,6453
2013-12-19,446.0,446.0,446.0,,14.0,6453
2013-12-20,445.0,445.0,445.0,,14.0,6453
2013-12-21,444.0,444.0,444.0,,14.0,6453
2013-12-22,443.0,443.0,443.0,,14.0,6453
2013-12-23,443.0,443.0,443.0,,14.0,6453
2013-12-24,442.0,442.0,442.0,,14.0,6453
2013-12-25,442.0,442.0,442.0,,14.0,6453
2013-12-26,440.0,440.0,440.0,,14.0,6453
2013-12-27,439.0,439.0,439.0,,14.0,6453
2013-12-28,439.0,439.0,439.0,,14.0,6453
2013-12-29,437.0,437.0,437.0,,14.0,6453
2013-12-30,437.0,437.0,437.0,,14.0,6453
2013-12-31,436.0,436.0,436.0,,14.0,6453
2014-01-01,435.0,435.0,435.0,,14.0,6453
2014-01-02,434.0,434.0,434.0,,14.0,6453
2014-01-03,432.0,432.0,432.0,,14.0,6453
2014-01-04,432.0,432.0,432.0,,14.0,6453
2014-01-05,431.0,431.0,431.0,,14.0,6453
2014-01-06,431.0,431.0,431.0,,14.0,6453
2014-01-07,430.0,430.0,430.0,,14.0,6453
2014-01-08,429.0,429.0,429.0,,14.0,6453
2014-01-09,428.0,428.0,428.0,,14.0,6453
2014-01-10,428.0,428.0,428.0,,16.0,6453
2014-01-11,427.0,427.0,427.0,,16.0,6453
2014-01-12,427.0,427.0,427.0,,16.0,6453
2014-01-13,426.0,426.0,426.0,,16.0,6453
2014-01-14,426.0,426.0,426.0,,16.0,6453
2014-01-15,425.0,425.0,425.0,,16.0,6453
2014-01-16,423.0,423.0,423.0,,16.0,6453
2014-01-17,421.0,421.0,421.0,,16.0,6453
2014-01-18,418.0,418.0,418.0,,16.0,6453
2014-01-19,417.0,417.0,417.0,,16.0,6453
2014-01-20,415.0,415.0,415.0,,16.0,6453
2014-01-21,414.0,414.0,414.0,,16.0,6453
2014-01-22,414.0,414.0,414.0,,16.0,6453
2014-01-23,413.0,413.0,413.0,,16.0,6453
2014-01-24,413.0,413.0,413.0,,16.0,6453
2014-01-25,413.0,413.0,413.0,,16.0,6453
2014-01-26,413.0,413.0,413.0,,16.0,6453
2014-01-27,413.0,413.0,413.0,,16.0,6453
2014-01-28,413.0,413.0,413.0,,16.0,6453
2014-01-29,414.0,414.0,414.0,,16.0,6453
2014-01-30,414.0,414.0,414.0,,16.0,6453
2014-01-31,413.0,413.0,413.0,,16.0,6453
2014-02-01,413.0,413.0,413.0,,16.0,6453
2014-02-02,413.0,413.0,413.0,,16.0,6453
2014-02-03,413.0,413.0,413.0,,16.0,6453
2014-02-04,413.0,413.0,413.0,,16.0,6453
2014-02-05,413.0,413.0,413.0,,16.0,6453
2014-02-06,413.0,413.0,413.0,,16.0,6453
2014-02-07,413.0,413.0,413.0,,16.0,6453
2014-02-08,413.0,413.0,413.0,,16.0,6453
2014-02-09,413.0,413.0,413.0,,16.0,6453
2014-02-10,413.0,413.0,413.0,,16.0,6453
2014-02-11,411.0,411.0,411.0,,16.0,6453
2014-02-12,409.0,409.0,409.0,,16.0,6453
2014-02-13,408.0,408.0,408.0,,16.0,6453
2014-02-14,408.0,408.0,408.0,,16.0,6453
2014-02-15,407.0,407.0,407.0,,16.0,6453
2014-02-16,406.0,406.0,406.0,,16.0,6453
2014-02-17,405.0,405.0,405.0,,16.0,6453
2014-02-18,404.0,404.0,404.0,,16.0,6453
2014-02-19,404.0,404.0,404.0,,16.0,6453
2014-02-20,403.0,403.0,403.0,,16.0,6453
2014-02-21,401.0,401.0,401.0,,16.0,6453
2014-02-22,400.0,400.0,400.0,,16.0,6453
2014-02-23,399.0,399.0,399.0,,16.0,6453
2014-02-24,399.0,399.0,399.0,,16.0,6453
2014-02-25,398.0,398.0,398.0,,16.0,6453
2014-02-26,397.0,397.0,397.0,,16.0,6453
2014-02-27,396.0,396.0,396.0,,16.0,6453
2014-02-28,396.0,396.0,396.0,,16.0,6453
2014-03-01,398.0,398.0,398.0,,16.0,6453
2014-03-02,399.0,399.0,399.0,,16.0,6453
2014-03-03,401.0,401.0,401.0,,16.0,6453
2014-03-04,403.0,403.0,403.0,,16.0,6453
2014-03-05,405.0,405.0,405.0,,16.0,6453
2014-03-06,404.0,404.0,404.0,,16.0,6453
2014-03-07,402.0,402.0,402.0,,16.0,6453
2014-03-08,401.0,401.0,401.0,,16.0,6453
2014-03-09,400.0,400.0,400.0,,16.0,6453
2014-03-10,399.0,399.0,399.0,,16.0,6453
2014-03-11,399.0,399.0,399.0,,16.0,6453
2014-03-12,400.0,400.0,400.0,,16.0,6453
2014-03-13,400.0,400.0,400.0,,16.0,6453
2014-03-14,401.0,401.0,401.0,,16.0,6453
2014-03-15,401.0,401.0,401.0,,16.0,6453
2014-03-16,401.0,401.0,401.0,,16.0,6453
2014-03-17,402.0,402.0,402.0,,16.0,6453
2014-03-18,406.0,406.0,406.0,,16.0,6453
2014-03-19,407.0,407.0,407.0,,16.0,6453
2014-03-20,409.0,409.0,409.0,,16.0,6453
2014-03-21,410.0,410.0,410.0,,16.0,6453
2014-03-22,411.0,411.0,411.0,,16.0,6453
2014-03-23,412.0,412.0,412.0,,16.0,6453
2014-03-24,413.0,413.0,413.0,,16.0,6453
2014-03-25,421.0,421.0,421.0,,16.0,6453
2014-03-26,426.0,426.0,426.0,,16.0,6453
2014-03-27,422.0,422.0,422.0,,16.0,6453
2014-03-28,416.0,416.0,416.0,,16.0,6453
2014-03-29,414.0,414.0,414.0,,16.0,6453
2014-03-30,406.0,406.0,406.0,,16.0,6453
2014-03-31,405.0,405.0,405.0,,16.0,6453
2014-04-01,406.0,405.0,406.0,0.0,16.0,6453
2014-04-02,406.0,405.0,406.0,0.0,16.0,6453
2014-04-03,406.0,405.0,406.0,0.0,16.0,6453
2014-04-04,405.0,404.0,406.0,0.0,16.0,6453
2014-04-05,403.0,402.0,404.0,0.0,16.0,6453
2014-04-06,401.0,400.0,402.0,0.0,16.0,6453
2014-04-07,403.0,402.0,403.0,0.0,16.0,6453
2014-04-08,404.0,403.0,404.0,0.0,16.0,6453
2014-04-09,403.0,401.0,404.0,0.0,16.0,6453
2014-04-10,401.0,400.0,402.0,0.0,16.0,6453
2014-04-11,409.0,401.0,417.0,0.0,16.0,6453
2014-04-12,416.0,414.0,417.0,0.0,16.0,6453
2014-04-13,415.0,414.0,416.0,0.0,16.0,6453
2014-04-14,415.0,415.0,415.0,0.0,16.0,6453
2014-04-15,416.0,415.0,417.0,0.0,16.0,6453
2014-04-16,416.0,415.0,417.0,0.0,16.0,6453
2014-04-17,414.0,414.0,414.0,0.0,16.0,6453
2014-04-18,413.0,412.0,414.0,0.0,16.0,6453
2014-04-19,413.0,410.0,415.0,0.0,16.0,6453
2014-04-20,415.0,413.0,417.0,0.0,16.0,6453
2014-04-21,421.0,415.0,426.0,0.0,16.0,6453
2014-04-22,425.0,425.0,425.0,0.0,15.16,6453
2014-04-23,429.0,426.0,432.0,0.0,23.15,6453
2014-04-24,473.0,436.0,509.0,0.0,,6453
2014-04-25,486.0,451.0,521.0,0.0,,6453
2014-04-26,476.0,464.0,488.0,0.3,9.27,6453
2014-04-27,500.0,493.0,507.0,0.2,9.27,6453
2014-04-28,478.0,477.0,478.0,0.4,9.27,6453
2014-04-29,470.0,468.0,472.0,1.3,27.0,6453
2014-04-30,487.0,466.0,508.0,2.2,29.27,6453
2014-05-01,532.0,529.0,534.0,2.0,29.0,6453
2014-05-02,507.0,499.0,514.0,2.4,29.0,6453
2014-05-03,473.0,453.0,493.0,1.3,29.0,6453
2014-05-04,440.0,430.0,449.0,1.3,29.0,6453
2014-05-05,422.0,417.0,426.0,3.0,29.0,6453
2014-05-06,416.0,415.0,416.0,3.5,29.0,6453
2014-05-07,412.0,409.0,414.0,4.4,29.0,6453
2014-05-08,406.0,404.0,407.0,6.0,29.0,6453
2014-05-09,404.0,404.0,404.0,6.8,29.0,6453
2014-05-10,419.0,410.0,427.0,7.6,29.0,6453
2014-05-11,440.0,424.0,456.0,6.2,29.0,6453
2014-05-12,467.0,462.0,472.0,5.5,29.0,6453
2014-05-13,509.0,499.0,519.0,4.8,29.0,6453
2014-05-14,530.0,511.0,549.0,3.6,29.0,6453
2014-05-15,470.0,461.0,478.0,5.4,29.0,6453
2014-05-16,446.0,440.0,451.0,6.1,29.0,6453
2014-05-17,431.0,426.0,435.0,7.2,29.0,6453
2014-05-18,421.0,419.0,422.0,8.5,29.0,6453
2014-05-19,422.0,416.0,428.0,9.8,29.0,6453
2014-05-20,431.0,430.0,432.0,10.5,29.0,6453
2014-05-21,435.0,434.0,436.0,10.1,29.0,6453
2014-05-22,434.0,430.0,438.0,10.3,29.0,6453
2014-05-23,443.0,443.0,443.0,9.0,29.0,6453
2014-05-24,525.0,454.0,596.0,6.2,29.0,6453
2014-05-25,527.0,508.0,545.0,5.2,29.0,6453
2014-05-26,484.0,472.0,496.0,5.6,29.0,6453
2014-05-27,466.0,466.0,466.0,6.0,29.0,6453
2014-05-28,488.0,476.0,499.0,6.4,29.0,6453
2014-05-29,505.0,497.0,512.0,6.7,29.0,6453
2014-05-30,559.0,531.0,571.0,5.2,29.0,6453
2014-05-31,586.0,550.0,639.0,5.5,29.0,6453
2014-06-01,548.0,526.0,570.0,6.9,29.0,6453
2014-06-02,500.0,487.0,512.0,9.4,29.0,6453
2014-06-03,501.0,482.0,520.0,10.9,29.0,6453
2014-06-04,518.0,505.0,531.0,9.7,29.0,6453
2014-06-05,479.0,475.0,482.0,9.9,29.0,6453
2014-06-06,583.0,483.0,690.0,7.4,29.0,6453
2014-06-07,624.0,565.0,675.0,6.3,29.0,6453
2014-06-08,526.0,512.0,539.0,8.1,29.0,6453
2014-06-09,490.0,483.0,497.0,9.9,29.0,6453
2014-06-10,473.0,470.0,475.0,11.3,29.0,6453
2014-06-11,464.0,462.0,466.0,12.7,29.0,6453
2014-06-12,458.0,456.0,460.0,12.6,29.0,6453
2014-06-13,453.0,451.0,454.0,12.2,29.0,6453
2014-06-14,445.0,443.0,447.0,12.2,29.0,6453
2014-06-15,440.0,439.0,441.0,12.4,29.0,6453
2014-06-16,440.0,437.0,442.0,11.8,29.0,6453
2014-06-17,439.0,439.0,439.0,12.4,29.0,6453
2014-06-18,440.0,439.0,440.0,11.3,29.0,6453
2014-06-19,440.0,439.0,440.0,11.6,29.0,6453
2014-06-20,438.0,437.0,438.0,11.8,29.0,6453
2014-06-21,435.0,433.0,436.0,12.6,29.0,6453
2014-06-22,431.0,430.0,432.0,15.0,29.0,6453
2014-06-23,429.0,429.0,429.0,15.1,29.0,6453
2014-06-24,436.0,430.0,441.0,11.4,29.0,6453
2014-06-25,464.0,443.0,484.0,10.6,29.0,6453
2014-06-26,501.0,486.0,516.0,10.9,29.0,6453
2014-06-27,506.0,499.0,513.0,11.3,29.0,6453
2014-06-28,483.0,479.0,487.0,12.7,29.0,6453
2014-06-29,465.0,463.0,467.0,13.6,29.0,6453
2014-06-30,504.0,470.0,538.0,11.3,29.0,6453
2014-07-01,502.0,490.0,513.0,11.4,29.0,6453
2014-07-02,475.0,471.0,478.0,12.2,29.0,6453
2014-07-03,469.0,469.0,469.0,12.3,29.0,6453
2014-07-04,465.0,463.0,466.0,13.6,29.0,6453
2014-07-05,458.0,455.0,460.0,14.8,29.0,6453
2014-07-06,453.0,452.0,454.0,12.2,29.0,6453
2014-07-07,507.0,465.0,548.0,9.4,29.0,6453
2014-07-08,545.0,532.0,557.0,8.8,29.0,6453
2014-07-09,504.0,497.0,510.0,10.4,29.0,6453
2014-07-10,499.0,499.0,499.0,11.2,29.0,6453
2014-07-11,496.0,491.0,500.0,11.5,29.0,6453
2014-07-12,489.0,486.0,491.0,11.9,29.0,6453
2014-07-13,479.0,476.0,481.0,10.8,29.0,6453
2014-07-14,469.0,467.0,471.0,11.5,29.0,6453
2014-07-15,462.0,460.0,463.0,12.8,29.0,6453
2014-07-16,455.0,453.0,456.0,13.2,29.0,6453
2014-07-17,457.0,450.0,463.0,13.2,29.0,6453
2014-07-18,465.0,464.0,466.0,13.2,29.0,6453
2014-07-19,467.0,466.0,468.0,13.5,29.0,6453
2014-07-20,472.0,464.0,480.0,13.5,29.0,6453
2014-07-21,582.0,500.0,675.0,9.1,29.0,6453
2014-07-22,732.0,705.0,751.0,7.5,29.0,6453
2014-07-23,666.0,638.0,693.0,7.0,29.0,6453
2014-07-24,577.0,563.0,590.0,7.3,29.0,6453
2014-07-25,535.0,531.0,538.0,8.3,29.0,6453
2014-07-26,516.0,508.0,523.0,9.1,29.0,6453
2014-07-27,499.0,495.0,502.0,9.6,29.0,6453
2014-07-28,486.0,483.0,489.0,10.3,29.0,6453
2014-07-29,477.0,476.0,478.0,11.3,29.0,6453
2014-07-30,523.0,484.0,562.0,10.6,29.0,6453
2014-07-31,630.0,565.0,705.0,8.2,29.0,6453
2014-08-01,650.0,616.0,696.0,7.0,29.0,6453
2014-08-02,700.0,670.0,725.0,6.3,29.0,6453
2014-08-03,608.0,591.0,624.0,7.3,29.0,6453
2014-08-04,578.0,573.0,582.0,7.0,29.0,6453
2014-08-05,602.0,599.0,604.0,9.4,29.0,6453
2014-08-06,571.0,566.0,576.0,10.2,29.0,6453
2014-08-07,544.0,535.0,552.0,8.9,29.0,6453
2014-08-08,520.0,515.0,525.0,8.5,29.0,6453
2014-08-09,505.0,501.0,508.0,9.7,29.0,6453
2014-08-10,493.0,490.0,495.0,10.4,29.0,6453
2014-08-11,482.0,479.0,485.0,10.9,29.0,6453
2014-08-12,471.0,470.0,472.0,11.6,29.0,6453
2014-08-13,468.0,467.0,468.0,12.1,29.0,6453
2014-08-14,465.0,464.0,466.0,12.2,29.0,6453
2014-08-15,461.0,460.0,462.0,12.4,29.0,6453
2014-08-16,457.0,456.0,458.0,13.2,29.0,6453
2014-08-17,454.0,453.0,455.0,13.5,29.0,6453
2014-08-18,452.0,451.0,452.0,13.5,29.0,6453
2014-08-19,453.0,450.0,455.0,13.5,29.0,6453
2014-08-20,456.0,455.0,456.0,13.7,29.0,6453
2014-08-21,456.0,455.0,456.0,14.3,29.0,6453
2014-08-22,455.0,455.0,455.0,14.7,29.0,6453
2014-08-23,453.0,452.0,454.0,15.2,29.0,6453
2014-08-24,450.0,449.0,450.0,15.6,29.0,6453
2014-08-25,448.0,447.0,448.0,15.3,29.0,6453
2014-08-26,444.0,443.0,445.0,15.1,29.0,6453
2014-08-27,442.0,441.0,442.0,14.8,29.0,6453
2014-08-28,441.0,440.0,441.0,15.0,29.0,6453
2014-08-29,439.0,438.0,439.0,15.1,29.0,6453
2014-08-30,437.0,436.0,437.0,15.1,29.0,6453
2014-08-31,435.0,434.0,435.0,15.2,29.0,6453
2014-09-01,434.0,433.0,434.0,15.3,29.0,6453
2014-09-02,436.0,433.0,438.0,15.3,29.0,6453
2014-09-03,440.0,440.0,440.0,15.3,29.0,6453
2014-09-04,437.0,436.0,438.0,15.0,29.0,6453
2014-09-05,435.0,434.0,435.0,13.7,29.0,6453
2014-09-06,436.0,435.0,436.0,13.8,29.0,6453
2014-09-07,434.0,434.0,434.0,13.8,29.0,6453
2014-09-08,433.0,433.0,433.0,13.5,29.0,6453
2014-09-09,434.0,433.0,434.0,13.6,29.0,6453
2014-09-10,435.0,434.0,435.0,13.6,29.0,6453
2014-09-11,435.0,434.0,435.0,13.3,29.0,6453
2014-09-12,432.0,431.0,433.0,12.6,29.0,6453
2014-09-13,431.0,430.0,431.0,12.2,29.0,6453
2014-09-14,430.0,430.0,430.0,11.6,29.0,6453
2014-09-15,430.0,430.0,430.0,10.8,29.0,6453
2014-09-16,430.0,429.0,431.0,10.4,29.0,6453
2014-09-17,429.0,428.0,429.0,10.4,29.0,6453
2014-09-18,427.0,426.0,427.0,10.5,29.0,6453
2014-09-19,426.0,425.0,426.0,10.7,29.0,6453
2014-09-20,425.0,424.0,425.0,10.6,29.0,6453
2014-09-21,424.0,423.0,424.0,10.4,29.0,6453
2014-09-22,422.0,421.0,422.0,10.2,29.0,6453
2014-09-23,420.0,420.0,420.0,10.2,29.0,6453
2014-09-24,420.0,420.0,420.0,9.3,29.0,6453
2014-09-25,420.0,419.0,420.0,9.0,29.0,6453
2014-09-26,418.0,418.0,418.0,8.2,29.0,6453
2014-09-27,418.0,418.0,418.0,8.1,29.0,6453
2014-09-28,421.0,420.0,421.0,7.2,29.0,6453
2014-09-29,422.0,421.0,422.0,6.5,29.0,6453
2014-09-30,420.0,420.0,420.0,6.0,29.0,6453
2014-10-01,420.0,419.0,420.0,5.6,29.0,6453
2014-10-02,419.0,418.0,419.0,5.1,29.0,6453
2014-10-03,417.0,416.0,418.0,3.9,29.0,6453
2014-10-04,415.0,414.0,416.0,3.1,29.0,6453
2014-10-05,414.0,414.0,414.0,3.3,29.0,6453
2014-10-06,413.0,413.0,413.0,3.6,29.0,6453
2014-10-07,412.0,411.0,413.0,3.3,29.0,6453
2014-10-08,411.0,410.0,411.0,3.1,29.0,6453
2014-10-09,410.0,409.0,411.0,3.5,29.0,6453
2014-10-10,409.0,408.0,409.0,3.3,29.0,6453
2014-10-11,407.0,406.0,407.0,3.1,29.0,6453
2014-10-12,408.0,406.0,409.0,2.1,29.0,6453
2014-10-13,410.0,408.0,411.0,1.5,29.0,6453
2014-10-14,409.0,408.0,409.0,0.7,,6453
2014-10-15,407.0,407.0,407.0,0.9,,6453
2014-10-16,405.0,404.0,406.0,1.2,,6453
2014-10-17,403.0,402.0,403.0,1.6,29.0,6453
2014-10-18,400.0,399.0,400.0,1.4,,6453
2014-10-19,400.0,397.0,403.0,2.1,29.0,6453
2014-10-20,402.0,402.0,402.0,1.0,29.0,6453
2014-10-21,404.0,402.0,405.0,0.2,,6453
2014-10-22,390.0,388.0,391.0,0.1,,6453
2014-10-23,395.0,393.0,397.0,0.0,,6453
2014-10-24,400.0,398.0,402.0,0.0,,6453
2014-10-25,401.0,400.0,401.0,0.0,,6453
2014-10-26,399.0,399.0,399.0,0.0,29.0,6453
2014-10-27,398.0,396.0,400.0,0.0,2.0,6453
2014-10-28,394.0,394.0,394.0,0.0,,6453
2014-10-29,391.0,390.0,392.0,0.0,,6453
2014-10-30,390.0,389.0,390.0,0.0,,6453
2014-10-31,386.0,384.0,387.0,0.0,,6453
2014-11-01,394.0,392.0,396.0,0.0,,6453
2014-11-02,394.0,393.0,395.0,0.0,5.15,6453
2014-11-03,410.0,407.0,413.0,0.0,5.15,6453
2014-11-04,428.0,425.0,431.0,0.0,14.15,6453
2014-11-05,430.0,430.0,430.0,0.0,14.15,6453
2014-11-06,430.0,429.0,430.0,0.0,14.15,6453
2014-11-07,427.0,426.0,428.0,0.0,14.15,6453
2014-11-08,428.0,425.0,430.0,0.0,14.15,6453
2014-11-09,428.0,427.0,429.0,0.0,14.15,6453
2014-11-10,434.0,427.0,440.0,0.0,14.15,6453
2014-11-11,440.0,438.0,441.0,0.0,14.0,6453
2014-11-12,444.0,440.0,447.0,0.0,14.0,6453
2014-11-13,450.0,449.0,451.0,0.0,14.0,6453
2014-11-14,452.0,451.0,453.0,0.0,14.0,6453
2014-11-15,450.0,449.0,451.0,0.0,14.0,6453
2014-11-16,448.0,447.0,448.0,0.0,14.0,6453
2014-11-17,445.0,444.0,446.0,0.0,14.0,6453
2014-11-18,443.0,442.0,443.0,0.0,14.0,6453
2014-11-19,443.0,442.0,443.0,0.0,14.0,6453
2014-11-20,443.0,442.0,443.0,0.0,14.0,6453
2014-11-21,444.0,443.0,444.0,0.0,14.0,6453
2014-11-22,445.0,444.0,445.0,0.0,14.0,6453
2014-11-23,445.0,444.0,445.0,0.0,14.0,6453
2014-11-24,443.0,442.0,444.0,0.0,14.0,6453
2014-11-25,442.0,442.0,442.0,0.0,14.0,6453
2014-11-26,442.0,442.0,442.0,0.0,14.0,6453
2014-11-27,441.0,441.0,441.0,0.0,14.0,6453
2014-11-28,441.0,441.0,441.0,0.0,14.0,6453
2014-11-29,440.0,440.0,440.0,0.0,14.0,6453
2014-11-30,440.0,440.0,440.0,0.0,14.0,6453
2014-12-01,439.0,439.0,439.0,,14.0,6453
2014-12-02,439.0,439.0,439.0,,14.0,6453
2014-12-03,439.0,439.0,439.0,,14.0,6453
2014-12-04,439.0,439.0,439.0,,14.0,6453
2014-12-05,438.0,438.0,438.0,,14.0,6453
2014-12-06,438.0,438.0,438.0,,14.0,6453
2014-12-07,437.0,437.0,437.0,,14.0,6453
2014-12-08,437.0,437.0,437.0,,14.0,6453
2014-12-09,437.0,437.0,437.0,,14.0,6453
2014-12-10,436.0,436.0,436.0,,16.0,6453
2014-12-11,436.0,436.0,436.0,,16.0,6453
2014-12-12,435.0,435.0,435.0,,16.0,6453
2014-12-13,435.0,435.0,435.0,,16.0,6453
2014-12-14,434.0,434.0,434.0,,16.0,6453
2014-12-15,434.0,434.0,434.0,,16.0,6453
2014-12-16,434.0,434.0,434.0,,16.0,6453
2014-12-17,434.0,434.0,434.0,,16.0,6453
2014-12-18,434.0,434.0,434.0,,16.0,6453
2014-12-19,434.0,434.0,434.0,,16.0,6453
2014-12-20,434.0,434.0,434.0,,16.0,6453
2014-12-21,433.0,433.0,433.0,,16.0,6453
2014-12-22,431.0,431.0,431.0,,16.0,6453
2014-12-23,431.0,431.0,431.0,,16.0,6453
2014-12-24,430.0,430.0,430.0,,16.0,6453
2014-12-25,430.0,430.0,430.0,,16.0,6453
2014-12-26,430.0,430.0,430.0,,16.0,6453
2014-12-27,430.0,430.0,430.0,,16.0,6453
2014-12-28,430.0,430.0,430.0,,16.0,6453
2014-12-29,429.0,429.0,429.0,,16.0,6453
2014-12-30,429.0,429.0,429.0,,16.0,6453
2014-12-31,429.0,429.0,429.0,,16.0,6453
2015-01-01,429.0,429.0,429.0,,16.0,6453
2015-01-02,429.0,429.0,429.0,,16.0,6453
2015-01-03,428.0,428.0,428.0,,16.0,6453
2015-01-04,428.0,428.0,428.0,,16.0,6453
2015-01-05,428.0,428.0,428.0,,16.0,6453
2015-01-06,428.0,428.0,428.0,,16.0,6453
2015-01-07,429.0,429.0,429.0,,16.0,6453
2015-01-08,429.0,429.0,429.0,,16.0,6453
2015-01-09,429.0,429.0,429.0,,16.0,6453
2015-01-10,429.0,429.0,429.0,,16.0,6453
2015-01-11,430.0,430.0,430.0,,16.0,6453
2015-01-12,430.0,430.0,430.0,,16.0,6453
2015-01-13,430.0,430.0,430.0,,16.0,6453
2015-01-14,431.0,431.0,431.0,,16.0,6453
2015-01-15,431.0,431.0,431.0,,16.0,6453
2015-01-16,431.0,431.0,431.0,,16.0,6453
2015-01-17,431.0,431.0,431.0,,16.0,6453
2015-01-18,431.0,431.0,431.0,,16.0,6453
2015-01-19,431.0,431.0,431.0,,16.0,6453
2015-01-20,431.0,431.0,431.0,,16.0,6453
2015-01-21,431.0,431.0,431.0,,16.0,6453
2015-01-22,431.0,431.0,431.0,,16.0,6453
2015-01-23,431.0,431.0,431.0,,16.0,6453
2015-01-24,431.0,431.0,431.0,,16.0,6453
2015-01-25,431.0,431.0,431.0,,16.0,6453
2015-01-26,431.0,431.0,431.0,,16.0,6453
2015-01-27,432.0,432.0,432.0,,16.0,6453
2015-01-28,432.0,432.0,432.0,,16.0,6453
2015-01-29,432.0,432.0,432.0,,16.0,6453
2015-01-30,432.0,432.0,432.0,,16.0,6453
2015-01-31,432.0,432.0,432.0,,16.0,6453
2015-02-01,432.0,432.0,432.0,,16.0,6453
2015-02-02,432.0,432.0,432.0,,16.0,6453
2015-02-03,432.0,432.0,432.0,,16.0,6453
2015-02-04,432.0,432.0,432.0,,16.0,6453
2015-02-05,432.0,432.0,432.0,,16.0,6453
2015-02-06,432.0,432.0,432.0,,16.0,6453
2015-02-07,431.0,431.0,431.0,,16.0,6453
2015-02-08,431.0,431.0,431.0,,16.0,6453
2015-02-09,431.0,431.0,431.0,,16.0,6453
2015-02-10,431.0,431.0,431.0,,16.0,6453
2015-02-11,429.0,429.0,429.0,,16.0,6453
2015-02-12,428.0,428.0,428.0,,16.0,6453
2015-02-13,427.0,427.0,427.0,,16.0,6453
2015-02-14,426.0,426.0,426.0,,16.0,6453
2015-02-15,425.0,425.0,425.0,,16.0,6453
2015-02-16,425.0,425.0,425.0,,16.0,6453
2015-02-17,425.0,425.0,425.0,,16.0,6453
2015-02-18,426.0,426.0,426.0,,16.0,6453
2015-02-19,429.0,429.0,429.0,,16.0,6453
2015-02-20,431.0,431.0,431.0,,16.0,6453
2015-02-21,432.0,432.0,432.0,,16.0,6453
2015-02-22,433.0,433.0,433.0,,16.0,6453
2015-02-23,433.0,433.0,433.0,,16.0,6453
2015-02-24,433.0,433.0,433.0,,16.0,6453
2015-02-25,433.0,433.0,433.0,,16.0,6453
2015-02-26,433.0,433.0,433.0,,16.0,6453
2015-02-27,433.0,433.0,433.0,,16.0,6453
2015-02-28,433.0,433.0,433.0,,16.0,6453
2015-03-01,433.0,433.0,433.0,,16.0,6453
2015-03-02,433.0,433.0,433.0,,16.0,6453
2015-03-03,432.0,432.0,432.0,,16.0,6453
2015-03-04,432.0,432.0,432.0,,16.0,6453
2015-03-05,432.0,432.0,432.0,,16.0,6453
2015-03-06,433.0,433.0,433.0,,16.0,6453
2015-03-07,433.0,433.0,433.0,,16.0,6453
2015-03-08,434.0,434.0,434.0,,16.0,6453
2015-03-09,434.0,434.0,434.0,,16.0,6453
2015-03-10,434.0,434.0,434.0,,16.0,6453
2015-03-11,434.0,434.0,434.0,,16.0,6453
2015-03-12,435.0,435.0,435.0,,16.0,6453
2015-03-13,435.0,435.0,435.0,,16.0,6453
2015-03-14,436.0,436.0,436.0,,16.0,6453
2015-03-15,435.0,435.0,435.0,,16.0,6453
2015-03-16,435.0,435.0,435.0,,16.0,6453
2015-03-17,435.0,435.0,435.0,,16.0,6453
2015-03-18,434.0,434.0,434.0,,16.0,6453
2015-03-19,434.0,434.0,434.0,,16.0,6453
2015-03-20,434.0,434.0,434.0,,16.0,6453
2015-03-21,433.0,433.0,433.0,,16.0,6453
2015-03-22,434.0,434.0,434.0,,16.0,6453
2015-03-23,434.0,434.0,434.0,,16.0,6453
2015-03-24,434.0,434.0,434.0,,16.0,6453
2015-03-25,434.0,434.0,434.0,,16.0,6453
2015-03-26,435.0,435.0,435.0,,16.0,6453
2015-03-27,437.0,437.0,437.0,,16.0,6453
2015-03-28,436.0,436.0,436.0,,16.0,6453
2015-03-29,436.0,436.0,436.0,,16.0,6453
2015-03-30,435.0,435.0,435.0,,16.0,6453
2015-03-31,436.0,436.0,436.0,,16.0,6453
2015-04-01,435.0,435.0,435.0,,16.0,6453
2015-04-02,435.0,435.0,435.0,,16.0,6453
2015-04-03,435.0,435.0,435.0,,16.0,6453
2015-04-04,435.0,434.0,435.0,,16.0,6453
2015-04-05,434.0,434.0,434.0,,16.0,6453
2015-04-06,433.0,432.0,434.0,,16.0,6453
2015-04-07,431.0,430.0,431.0,,16.0,6453
2015-04-08,430.0,430.0,430.0,,16.0,6453
2015-04-09,429.0,429.0,429.0,,16.0,6453
2015-04-10,430.0,430.0,430.0,,16.0,6453
2015-04-11,430.0,429.0,430.0,0.0,47.0,6453
2015-04-12,428.0,428.0,428.0,0.0,47.0,6453
2015-04-13,427.0,426.0,427.0,0.0,47.0,6453
2015-04-14,426.0,426.0,426.0,0.0,47.0,6453
2015-04-15,426.0,426.0,426.0,0.0,47.0,6453
2015-04-16,427.0,426.0,428.0,0.0,47.0,6453
2015-04-17,429.0,429.0,429.0,0.0,47.0,6453
2015-04-18,429.0,428.0,429.0,0.0,47.0,6453
2015-04-19,430.0,429.0,430.0,0.0,47.0,6453
2015-04-20,434.0,430.0,437.0,0.0,47.0,6453
2015-04-21,437.0,437.0,437.0,0.0,47.0,6453
2015-04-22,438.0,436.0,440.0,0.0,47.0,6453
2015-04-23,439.0,439.0,439.0,0.0,47.0,6453
2015-04-24,439.0,439.0,439.0,0.0,23.47,6453
2015-04-25,439.0,438.0,439.0,0.0,23.0,6453
2015-04-26,439.0,438.0,440.0,0.1,23.0,6453
2015-04-27,440.0,440.0,440.0,0.1,23.0,6453
2015-04-28,446.0,444.0,447.0,0.1,23.0,6453
2015-04-29,452.0,452.0,452.0,0.1,23.0,6453
2015-04-30,453.0,452.0,453.0,0.1,,6453
2015-05-01,468.0,463.0,473.0,0.3,26.25,6453
2015-05-02,564.0,559.0,568.0,0.3,25.0,6453
2015-05-03,497.0,440.0,553.0,0.2,,6453
2015-05-04,440.0,430.0,450.0,0.2,8.27,6453
2015-05-05,446.0,435.0,456.0,0.1,8.27,6453
2015-05-06,423.0,415.0,431.0,0.1,27.0,6453
2015-05-07,409.0,408.0,410.0,1.2,27.0,6453
2015-05-08,402.0,401.0,402.0,1.3,9.27,6453
2015-05-09,403.0,400.0,406.0,2.6,8.27,6453
2015-05-10,419.0,406.0,432.0,3.3,8.27,6453
2015-05-11,449.0,440.0,457.0,3.7,27.0,6453
2015-05-12,476.0,463.0,489.0,3.1,27.0,6453
2015-05-13,498.0,489.0,506.0,2.6,29.27,6453
2015-05-14,487.0,479.0,494.0,3.0,29.0,6453
2015-05-15,463.0,462.0,463.0,3.7,29.0,6453
2015-05-16,500.0,472.0,527.0,3.0,29.0,6453
2015-05-17,531.0,524.0,537.0,2.4,29.0,6453
2015-05-18,505.0,503.0,506.0,3.7,29.0,6453
2015-05-19,515.0,503.0,526.0,4.5,29.0,6453
2015-05-20,542.0,530.0,553.0,4.7,29.0,6453
2015-05-21,517.0,514.0,519.0,4.6,29.0,6453
2015-05-22,519.0,505.0,533.0,4.0,29.0,6453
2015-05-23,551.0,547.0,554.0,2.7,29.0,6453
2015-05-24,509.0,501.0,517.0,3.6,29.0,6453
2015-05-25,488.0,487.0,489.0,5.3,29.0,6453
2015-05-26,495.0,485.0,505.0,6.3,29.0,6453
2015-05-27,528.0,513.0,543.0,5.9,29.0,6453
2015-05-28,537.0,519.0,547.0,5.4,29.0,6453
2015-05-29,573.0,551.0,592.0,5.0,29.0,6453
2015-05-30,657.0,605.0,706.0,4.0,29.0,6453
2015-05-31,628.0,585.0,629.0,4.0,29.0,6453
2015-06-01,538.0,536.0,539.0,5.4,29.0,6453
2015-06-02,528.0,520.0,536.0,5.9,29.0,6453
2015-06-03,530.0,527.0,532.0,5.2,29.0,6453
2015-06-04,519.0,516.0,522.0,7.1,29.0,6453
2015-06-05,515.0,505.0,524.0,7.9,29.0,6453
2015-06-06,510.0,503.0,516.0,8.6,29.0,6453
2015-06-07,512.0,507.0,516.0,8.2,29.0,6453
2015-06-08,505.0,499.0,510.0,8.5,29.0,6453
2015-06-09,497.0,495.0,499.0,8.6,29.0,6453
2015-06-10,499.0,494.0,503.0,7.6,29.0,6453
2015-06-11,497.0,486.0,508.0,9.5,29.0,6453
2015-06-12,497.0,493.0,501.0,10.5,29.0,6453
2015-06-13,494.0,489.0,498.0,10.6,29.0,6453
2015-06-14,497.0,493.0,501.0,10.3,29.0,6453
2015-06-15,494.0,490.0,498.0,11.1,29.0,6453
2015-06-16,491.0,488.0,493.0,10.7,29.0,6453
2015-06-17,503.0,494.0,512.0,10.5,29.0,6453
2015-06-18,497.0,493.0,500.0,10.2,29.0,6453
2015-06-19,481.0,478.0,483.0,11.1,29.0,6453
2015-06-20,469.0,467.0,470.0,11.9,29.0,6453
2015-06-21,475.0,465.0,485.0,10.9,29.0,6453
2015-06-22,480.0,475.0,484.0,11.9,29.0,6453
2015-06-23,466.0,463.0,468.0,13.3,29.0,6453
2015-06-24,458.0,457.0,459.0,13.8,29.0,6453
2015-06-25,466.0,463.0,469.0,14.8,29.0,6453
2015-06-26,552.0,480.0,592.0,12.2,29.0,6453
2015-06-27,593.0,544.0,629.0,10.2,29.0,6453
2015-06-28,520.0,500.0,522.0,10.6,29.0,6453
2015-06-29,487.0,477.0,488.0,10.8,29.0,6453
2015-06-30,579.0,510.0,617.0,10.4,29.0,6453
2015-07-01,604.0,573.0,624.0,6.5,29.0,6453
2015-07-02,546.0,522.0,550.0,7.8,29.0,6453
2015-07-03,500.0,495.0,505.0,8.8,29.0,6453
2015-07-04,482.0,478.0,485.0,10.2,29.0,6453
2015-07-05,474.0,473.0,475.0,10.2,29.0,6453
2015-07-06,467.0,464.0,469.0,10.2,29.0,6453
2015-07-07,470.0,466.0,474.0,10.3,29.0,6453
2015-07-08,475.0,474.0,475.0,11.9,29.0,6453
2015-07-09,463.0,461.0,465.0,13.8,29.0,6453
2015-07-10,458.0,456.0,459.0,15.2,29.0,6453
2015-07-11,453.0,452.0,453.0,16.5,29.0,6453
2015-07-12,450.0,449.0,450.0,16.0,29.0,6453
2015-07-13,450.0,449.0,450.0,14.9,29.0,6453
2015-07-14,451.0,450.0,451.0,14.7,29.0,6453
2015-07-15,450.0,449.0,450.0,13.7,29.0,6453
2015-07-16,448.0,448.0,448.0,14.2,29.0,6453
2015-07-17,447.0,445.0,448.0,15.7,29.0,6453
2015-07-18,443.0,442.0,444.0,16.9,29.0,6453
2015-07-19,439.0,438.0,440.0,17.9,29.0,6453
2015-07-20,435.0,434.0,436.0,18.4,29.0,6453
2015-07-21,433.0,432.0,433.0,18.2,29.0,6453
2015-07-22,430.0,429.0,431.0,18.7,29.0,6453
2015-07-23,428.0,427.0,428.0,18.7,29.0,6453
2015-07-24,448.0,446.0,450.0,18.1,29.0,6453
2015-07-25,461.0,460.0,462.0,17.9,29.0,6453
2015-07-26,456.0,453.0,458.0,17.2,29.0,6453
2015-07-27,455.0,454.0,456.0,16.8,29.0,6453
2015-07-28,460.0,455.0,465.0,15.8,29.0,6453
2015-07-29,490.0,482.0,497.0,14.1,29.0,6453
2015-07-30,509.0,498.0,520.0,12.8,29.0,6453
2015-07-31,576.0,568.0,584.0,11.0,29.0,6453
2015-08-01,533.0,521.0,544.0,11.2,29.0,6453
2015-08-02,501.0,496.0,505.0,13.6,29.0,6453
2015-08-03,487.0,483.0,490.0,13.1,29.0,6453
2015-08-04,483.0,476.0,486.0,13.9,29.0,6453
2015-08-05,529.0,495.0,585.0,10.2,29.0,6453
2015-08-06,589.0,568.0,608.0,8.8,29.0,6453
2015-08-07,559.0,555.0,559.0,8.2,29.0,6453
2015-08-08,587.0,555.0,644.0,8.0,29.0,6453
2015-08-09,670.0,640.0,684.0,7.8,29.0,6453
2015-08-10,588.0,558.0,585.0,8.6,29.0,6453
2015-08-11,522.0,522.0,522.0,9.8,29.0,6453
2015-08-12,509.0,505.0,513.0,11.1,29.0,6453
2015-08-13,494.0,491.0,497.0,11.9,29.0,6453
2015-08-14,483.0,481.0,485.0,13.2,29.0,6453
2015-08-15,475.0,474.0,476.0,14.2,29.0,6453
2015-08-16,471.0,469.0,472.0,14.4,29.0,6453
2015-08-17,465.0,463.0,466.0,14.4,29.0,6453
2015-08-18,458.0,456.0,459.0,14.4,29.0,6453
2015-08-19,455.0,453.0,456.0,14.8,29.0,6453
2015-08-20,452.0,452.0,452.0,14.8,29.0,6453
2015-08-21,454.0,452.0,455.0,15.0,29.0,6453
2015-08-22,453.0,452.0,453.0,15.1,29.0,6453
2015-08-23,449.0,448.0,450.0,14.2,29.0,6453
2015-08-24,447.0,447.0,447.0,14.2,29.0,6453
2015-08-25,445.0,444.0,446.0,15.0,29.0,6453
2015-08-26,441.0,440.0,442.0,15.1,29.0,6453
2015-08-27,438.0,437.0,438.0,15.0,29.0,6453
2015-08-28,435.0,435.0,435.0,14.9,29.0,6453
2015-08-29,434.0,434.0,434.0,15.3,29.0,6453
2015-08-30,437.0,436.0,437.0,15.3,29.0,6453
2015-08-31,436.0,436.0,436.0,15.2,29.0,6453
2015-09-01,436.0,435.0,436.0,14.4,29.0,6453
2015-09-02,434.0,434.0,434.0,13.7,29.0,6453
2015-09-03,434.0,433.0,435.0,13.2,29.0,6453
2015-09-04,433.0,433.0,433.0,13.0,29.0,6453
2015-09-05,432.0,432.0,432.0,10.8,29.0,6453
2015-09-06,435.0,432.0,437.0,9.6,29.0,6453
2015-09-07,440.0,440.0,440.0,10.1,29.0,6453
2015-09-08,442.0,438.0,445.0,10.6,29.0,6453
2015-09-09,446.0,443.0,448.0,9.7,29.0,6453
2015-09-10,450.0,449.0,451.0,9.6,29.0,6453
2015-09-11,458.0,455.0,461.0,9.6,29.0,6453
2015-09-12,474.0,474.0,474.0,9.4,29.0,6453
2015-09-13,484.0,478.0,489.0,9.2,29.0,6453
2015-09-14,489.0,487.0,490.0,10.1,29.0,6453
2015-09-15,483.0,480.0,485.0,11.2,29.0,6453
2015-09-16,473.0,469.0,476.0,11.5,29.0,6453
2015-09-17,462.0,459.0,465.0,11.4,29.0,6453
2015-09-18,453.0,452.0,454.0,11.3,29.0,6453
2015-09-19,453.0,452.0,453.0,11.3,29.0,6453
2015-09-20,452.0,452.0,452.0,11.6,29.0,6453
2015-09-21,453.0,452.0,453.0,11.0,29.0,6453
2015-09-22,452.0,452.0,452.0,10.3,29.0,6453
2015-09-23,457.0,453.0,460.0,8.9,29.0,6453
2015-09-24,502.0,487.0,517.0,7.2,29.0,6453
2015-09-25,512.0,512.0,512.0,6.9,29.0,6453
2015-09-26,505.0,503.0,507.0,6.5,29.0,6453
2015-09-27,499.0,498.0,500.0,5.9,29.0,6453
2015-09-28,497.0,494.0,499.0,5.5,29.0,6453
2015-09-29,495.0,492.0,497.0,5.8,29.0,6453
2015-09-30,484.0,482.0,486.0,5.1,29.0,6453
2015-10-01,481.0,479.0,483.0,5.3,29.0,6453
2015-10-02,498.0,496.0,500.0,3.0,29.0,6453
2015-10-03,493.0,490.0,495.0,3.2,29.0,6453
2015-10-04,482.0,480.0,483.0,4.2,29.0,6453
2015-10-05,473.0,471.0,474.0,4.1,29.0,6453
2015-10-06,474.0,470.0,477.0,4.0,29.0,6453
2015-10-07,478.0,475.0,480.0,4.2,29.0,6453
2015-10-08,483.0,481.0,485.0,4.4,29.0,6453
2015-10-09,499.0,492.0,505.0,5.1,29.0,6453
2015-10-10,529.0,525.0,533.0,4.2,29.0,6453
2015-10-11,524.0,521.0,527.0,3.9,29.0,6453
2015-10-12,508.0,505.0,511.0,3.7,29.0,6453
2015-10-13,495.0,492.0,497.0,3.0,29.0,6453
2015-10-14,483.0,481.0,485.0,2.6,29.0,6453
2015-10-15,474.0,472.0,475.0,2.3,29.0,6453
2015-10-16,469.0,468.0,470.0,2.8,29.0,6453
2015-10-17,465.0,464.0,465.0,3.1,29.0,6453
2015-10-18,461.0,460.0,462.0,1.7,29.0,6453
2015-10-19,458.0,457.0,458.0,0.7,29.0,6453
2015-10-20,455.0,454.0,456.0,0.3,,6453
2015-10-21,452.0,451.0,452.0,0.2,,6453
2015-10-22,450.0,449.0,450.0,0.1,,6453
2015-10-23,451.0,450.0,451.0,0.1,,6453
2015-10-24,448.0,447.0,449.0,0.0,2.0,6453
2015-10-25,442.0,439.0,445.0,0.0,,6453
2015-10-26,433.0,432.0,434.0,0.0,,6453
2015-10-27,435.0,433.0,436.0,0.0,,6453
2015-10-28,437.0,436.0,438.0,0.0,,6453
2015-10-29,433.0,431.0,434.0,0.0,,6453
2015-10-30,430.0,429.0,430.0,0.0,,6453
2015-10-31,428.0,427.0,429.0,0.0,,6453
2015-11-01,423.0,421.0,424.0,0.0,,6453
2015-11-02,421.0,421.0,421.0,0.0,,6453
2015-11-03,422.0,420.0,423.0,0.0,,6453
2015-11-04,423.0,423.0,423.0,0.0,,6453
2015-11-05,424.0,424.0,424.0,0.0,,6453
2015-11-06,417.0,410.0,424.0,0.0,,6453
2015-11-07,439.0,435.0,442.0,0.0,,6453
2015-11-08,450.0,442.0,458.0,0.0,15.0,6453
2015-11-09,447.0,443.0,450.0,0.0,15.0,6453
2015-11-10,449.0,449.0,449.0,0.0,15.0,6453
2015-11-11,453.0,448.0,457.0,0.0,15.0,6453
2015-11-12,476.0,474.0,477.0,0.0,15.0,6453
2015-11-13,482.0,481.0,483.0,0.0,16.15,6453
2015-11-14,487.0,486.0,487.0,0.0,16.0,6453
2015-11-15,494.0,489.0,499.0,0.0,16.0,6453
2015-11-16,504.0,502.0,505.0,0.0,16.0,6453
2015-11-17,497.0,496.0,498.0,0.0,16.0,6453
2015-11-18,494.0,494.0,494.0,0.0,16.0,6453
2015-11-19,497.0,495.0,499.0,0.0,16.0,6453
2015-11-20,501.0,499.0,502.0,0.0,16.0,6453
2015-11-21,498.0,497.0,499.0,0.0,16.0,6453
2015-11-22,501.0,500.0,502.0,0.0,16.0,6453
2015-11-23,499.0,499.0,499.0,0.0,16.0,6453
2015-11-24,498.0,498.0,498.0,0.0,16.0,6453
2015-11-25,497.0,496.0,497.0,0.0,16.0,6453
2015-11-26,500.0,499.0,500.0,0.0,16.0,6453
2015-11-27,501.0,499.0,503.0,0.0,16.0,6453
2015-11-28,492.0,489.0,494.0,0.0,16.0,6453
2015-11-29,485.0,485.0,485.0,0.0,16.0,6453
2015-11-30,484.0,484.0,484.0,0.0,16.0,6453
2015-12-01,484.0,484.0,484.0,,16.0,6453
2015-12-02,483.0,483.0,483.0,,16.0,6453
2015-12-03,481.0,481.0,481.0,,16.0,6453
2015-12-04,480.0,480.0,480.0,,16.0,6453
2015-12-05,479.0,479.0,479.0,,16.0,6453
2015-12-06,479.0,479.0,479.0,,16.0,6453
2015-12-07,479.0,479.0,479.0,,16.0,6453
2015-12-08,478.0,478.0,478.0,,16.0,6453
2015-12-09,478.0,478.0,478.0,,16.0,6453
2015-12-10,476.0,476.0,476.0,,16.0,6453
2015-12-11,477.0,477.0,477.0,,16.0,6453
2015-12-12,479.0,479.0,479.0,,16.0,6453
2015-12-13,481.0,481.0,481.0,,16.0,6453
2015-12-14,481.0,481.0,481.0,,16.0,6453
2015-12-15,480.0,480.0,480.0,,16.0,6453
2015-12-16,480.0,480.0,480.0,,16.0,6453
2015-12-17,479.0,479.0,479.0,,16.0,6453
2015-12-18,479.0,479.0,479.0,,16.0,6453
2015-12-19,478.0,478.0,478.0,,16.0,6453
2015-12-20,477.0,477.0,477.0,,16.0,6453
2015-12-21,474.0,474.0,474.0,,16.0,6453
2015-12-22,471.0,471.0,471.0,,16.0,6453
2015-12-23,470.0,470.0,470.0,,16.0,6453
2015-12-24,468.0,468.0,468.0,,16.0,6453
2015-12-25,468.0,468.0,468.0,,16.0,6453
2015-12-26,466.0,466.0,466.0,,16.0,6453
2015-12-27,465.0,465.0,465.0,,16.0,6453
2015-12-28,464.0,464.0,464.0,,16.0,6453
2015-12-29,462.0,462.0,462.0,,16.0,6453
2015-12-30,460.0,460.0,460.0,,16.0,6453
2015-12-31,459.0,459.0,459.0,,16.0,6453
2016-01-01,458.0,458.0,458.0,,16.0,6453
2016-01-02,460.0,460.0,460.0,,16.0,6453
2016-01-03,460.0,460.0,460.0,,16.0,6453
2016-01-04,459.0,459.0,459.0,,16.0,6453
2016-01-05,459.0,459.0,459.0,,16.0,6453
2016-01-06,458.0,458.0,458.0,,16.0,6453
2016-01-07,457.0,457.0,457.0,,16.0,6453
2016-01-08,457.0,457.0,457.0,,16.0,6453
2016-01-09,456.0,456.0,456.0,,16.0,6453
2016-01-10,456.0,456.0,456.0,,16.0,6453
2016-01-11,455.0,455.0,455.0,,16.0,6453
2016-01-12,454.0,454.0,454.0,,16.0,6453
2016-01-13,453.0,453.0,453.0,,16.0,6453
2016-01-14,452.0,452.0,452.0,,16.0,6453
2016-01-15,452.0,452.0,452.0,,16.0,6453
2016-01-16,450.0,450.0,450.0,,16.0,6453
2016-01-17,449.0,449.0,449.0,,16.0,6453
2016-01-18,448.0,448.0,448.0,,16.0,6453
2016-01-19,446.0,446.0,446.0,,16.0,6453
2016-01-20,445.0,445.0,445.0,,16.0,6453
2016-01-21,445.0,445.0,445.0,,16.0,6453
2016-01-22,446.0,446.0,446.0,,16.0,6453
2016-01-23,446.0,446.0,446.0,,16.0,6453
2016-01-24,446.0,446.0,446.0,,16.0,6453
2016-01-25,447.0,447.0,447.0,,16.0,6453
2016-01-26,449.0,449.0,449.0,,16.0,6453
2016-01-27,450.0,450.0,450.0,,16.0,6453
2016-01-28,452.0,452.0,452.0,,16.0,6453
2016-01-29,453.0,453.0,453.0,,16.0,6453
2016-01-30,454.0,454.0,454.0,,16.0,6453
2016-01-31,454.0,454.0,454.0,,16.0,6453
2016-02-01,454.0,454.0,454.0,,16.0,6453
2016-02-02,454.0,454.0,454.0,,16.0,6453
2016-02-03,454.0,454.0,454.0,,16.0,6453
2016-02-04,453.0,453.0,453.0,,16.0,6453
2016-02-05,453.0,453.0,453.0,,16.0,6453
2016-02-06,455.0,455.0,455.0,,16.0,6453
2016-02-07,457.0,457.0,457.0,,16.0,6453
2016-02-08,457.0,457.0,457.0,,16.0,6453
2016-02-09,458.0,458.0,458.0,,16.0,6453
2016-02-10,458.0,458.0,458.0,,16.0,6453
2016-02-11,458.0,458.0,458.0,,16.0,6453
2016-02-12,459.0,459.0,459.0,,16.0,6453
2016-02-13,459.0,459.0,459.0,,16.0,6453
2016-02-14,460.0,460.0,460.0,,16.0,6453
2016-02-15,460.0,460.0,460.0,,16.0,6453
2016-02-16,460.0,460.0,460.0,,16.0,6453
2016-02-17,460.0,460.0,460.0,,16.0,6453
2016-02-18,460.0,460.0,460.0,,16.0,6453
2016-02-19,460.0,460.0,460.0,,16.0,6453
2016-02-20,460.0,460.0,460.0,,16.0,6453
2016-02-21,460.0,460.0,460.0,,16.0,6453
2016-02-22,460.0,460.0,460.0,,16.0,6453
2016-02-23,461.0,461.0,461.0,,16.0,6453
2016-02-24,461.0,461.0,461.0,,16.0,6453
2016-02-25,461.0,461.0,461.0,,16.0,6453
2016-02-26,461.0,461.0,461.0,,16.0,6453
2016-02-27,461.0,461.0,461.0,,16.0,6453
2016-02-28,460.0,460.0,460.0,,16.0,6453
2016-02-29,460.0,460.0,460.0,,16.0,6453
2016-03-01,459.0,459.0,459.0,,16.0,6453
2016-03-02,457.0,457.0,457.0,,16.0,6453
2016-03-03,456.0,456.0,456.0,,16.0,6453
2016-03-04,455.0,455.0,455.0,,16.0,6453
2016-03-05,455.0,455.0,455.0,,16.0,6453
2016-03-06,453.0,453.0,453.0,,16.0,6453
2016-03-07,452.0,452.0,452.0,,16.0,6453
2016-03-08,451.0,451.0,451.0,,16.0,6453
2016-03-09,450.0,450.0,450.0,,16.0,6453
2016-03-10,449.0,449.0,449.0,,16.0,6453
2016-03-11,453.0,453.0,453.0,,16.0,6453
2016-03-12,457.0,457.0,457.0,,16.0,6453
2016-03-13,458.0,458.0,458.0,,16.0,6453
2016-03-14,460.0,460.0,460.0,,16.0,6453
2016-03-15,461.0,461.0,461.0,,16.0,6453
2016-03-16,460.0,460.0,460.0,,16.0,6453
2016-03-17,460.0,460.0,460.0,,16.0,6453
2016-03-18,461.0,461.0,461.0,,16.0,6453
2016-03-19,461.0,461.0,461.0,,16.0,6453
2016-03-20,460.0,460.0,460.0,,16.0,6453
2016-03-21,465.0,465.0,465.0,,16.0,6453
2016-03-22,468.0,468.0,468.0,,16.0,6453
2016-03-23,470.0,470.0,470.0,,16.0,6453
2016-03-24,472.0,472.0,472.0,,16.0,6453
2016-03-25,474.0,474.0,474.0,,16.0,6453
2016-03-26,477.0,477.0,477.0,,16.0,6453
2016-03-27,478.0,478.0,478.0,,16.0,6453
2016-03-28,476.0,476.0,476.0,,16.0,6453
2016-03-29,475.0,475.0,475.0,,16.0,6453
2016-03-30,475.0,475.0,475.0,,16.0,6453
2016-03-31,474.0,474.0,474.0,,16.0,6453
2016-04-01,478.0,476.0,479.0,,16.0,6453
2016-04-02,478.0,477.0,479.0,,16.0,6453
2016-04-03,476.0,476.0,476.0,,16.0,6453
2016-04-04,474.0,474.0,474.0,,16.0,6453
2016-04-05,474.0,474.0,474.0,,16.0,6453
2016-04-06,473.0,473.0,473.0,,16.0,6453
2016-04-07,474.0,473.0,475.0,,16.0,6453
2016-04-08,473.0,472.0,473.0,,16.0,6453
2016-04-09,472.0,471.0,472.0,,16.0,6453
2016-04-10,473.0,471.0,475.0,,16.0,6453
2016-04-11,475.0,474.0,476.0,,16.0,6453
2016-04-12,476.0,475.0,477.0,,16.0,6453
2016-04-13,476.0,476.0,476.0,,16.0,6453
2016-04-14,474.0,474.0,474.0,,16.0,6453
2016-04-15,475.0,474.0,475.0,,47.0,6453
2016-04-16,474.0,473.0,474.0,,47.0,6453
2016-04-17,472.0,472.0,472.0,,47.0,6453
2016-04-18,473.0,472.0,474.0,,47.0,6453
2016-04-19,474.0,473.0,474.0,,47.0,6453
2016-04-20,476.0,475.0,476.0,,47.0,6453
2016-04-21,480.0,475.0,485.0,0.0,,6453
2016-04-22,503.0,499.0,506.0,0.0,23.0,6453
2016-04-23,507.0,503.0,510.0,0.0,23.0,6453
2016-04-24,501.0,500.0,502.0,0.0,23.0,6453
2016-04-25,500.0,497.0,502.0,0.0,23.0,6453
2016-04-26,494.0,493.0,495.0,0.0,23.0,6453
2016-04-27,491.0,490.0,492.0,0.0,23.0,6453
2016-04-28,491.0,490.0,491.0,0.0,23.0,6453
2016-04-29,490.0,490.0,490.0,0.0,23.0,6453
2016-04-30,490.0,489.0,490.0,0.0,23.0,6453
2016-05-01,493.0,491.0,494.0,0.0,23.0,6453
2016-05-02,491.0,490.0,491.0,0.0,23.0,6453
2016-05-03,494.0,491.0,496.0,0.0,23.0,6453
2016-05-04,497.0,495.0,498.0,0.0,,6453
2016-05-05,517.0,501.0,533.0,0.1,26.25,6453
2016-05-06,526.0,525.0,526.0,0.1,26.25,6453
2016-05-07,532.0,523.0,541.0,0.1,26.25,6453
2016-05-08,452.0,452.0,452.0,0.1,9.27,6453
2016-05-09,434.0,432.0,435.0,0.2,8.27,6453
2016-05-10,436.0,434.0,437.0,0.7,8.27,6453
2016-05-11,468.0,461.0,474.0,2.4,27.0,6453
2016-05-12,496.0,495.0,496.0,1.4,27.0,6453
2016-05-13,524.0,493.0,555.0,1.4,29.27,6453
2016-05-14,512.0,496.0,527.0,1.3,29.0,6453
2016-05-15,473.0,470.0,476.0,2.2,29.0,6453
2016-05-16,476.0,464.0,487.0,2.6,29.0,6453
2016-05-17,510.0,500.0,520.0,2.6,29.0,6453
2016-05-18,508.0,501.0,514.0,3.1,29.0,6453
2016-05-19,551.0,532.0,557.0,4.1,29.0,6453
2016-05-20,642.0,583.0,669.0,4.0,29.0,6453
2016-05-21,683.0,657.0,703.0,3.8,29.0,6453
2016-05-22,624.0,584.0,635.0,3.8,29.0,6453
2016-05-23,530.0,528.0,532.0,5.5,29.0,6453
2016-05-24,509.0,509.0,509.0,5.8,29.0,6453
2016-05-25,494.0,491.0,496.0,5.9,29.0,6453
2016-05-26,510.0,489.0,531.0,5.7,29.0,6453
2016-05-27,567.0,532.0,601.0,4.5,29.0,6453
2016-05-28,580.0,558.0,602.0,4.2,29.0,6453
2016-05-29,516.0,510.0,521.0,5.6,29.0,6453
2016-05-30,500.0,499.0,501.0,5.7,29.0,6453
2016-05-31,496.0,495.0,496.0,6.0,29.0,6453
2016-06-01,487.0,486.0,487.0,7.5,29.0,6453
2016-06-02,479.0,478.0,480.0,7.4,29.0,6453
2016-06-03,511.0,506.0,516.0,6.8,29.0,6453
2016-06-04,487.0,484.0,490.0,5.5,29.0,6453
2016-06-05,501.0,501.0,501.0,5.9,29.0,6453
2016-06-06,493.0,490.0,496.0,6.8,29.0,6453
2016-06-07,489.0,485.0,488.0,6.1,29.0,6453
2016-06-08,531.0,495.0,554.0,5.7,29.0,6453
2016-06-09,514.0,509.0,525.0,6.1,29.0,6453
2016-06-10,495.0,491.0,498.0,6.8,29.0,6453
2016-06-11,482.0,478.0,485.0,7.3,29.0,6453
2016-06-12,473.0,472.0,474.0,7.5,29.0,6453
2016-06-13,514.0,492.0,535.0,7.4,29.0,6453
2016-06-14,531.0,524.0,537.0,6.9,29.0,6453
2016-06-15,503.0,497.0,508.0,7.7,29.0,6453
2016-06-16,496.0,495.0,496.0,8.5,29.0,6453
2016-06-17,490.0,488.0,491.0,10.2,29.0,6453
2016-06-18,481.0,477.0,484.0,10.5,29.0,6453
2016-06-19,472.0,470.0,474.0,11.0,29.0,6453
2016-06-20,479.0,470.0,487.0,11.3,29.0,6453
2016-06-21,484.0,481.0,486.0,12.4,29.0,6453
2016-06-22,486.0,485.0,486.0,11.6,29.0,6453
2016-06-23,480.0,479.0,481.0,11.6,29.0,6453
2016-06-24,478.0,477.0,479.0,9.8,29.0,6453
2016-06-25,535.0,507.0,562.0,8.3,29.0,6453
2016-06-26,520.0,513.0,527.0,8.9,29.0,6453
2016-06-27,500.0,498.0,501.0,13.4,29.0,6453
2016-06-28,481.0,469.0,492.0,11.6,29.0,6453
2016-06-29,494.0,476.0,505.0,10.9,29.0,6453
2016-06-30,621.0,505.0,651.0,6.4,29.0,6453
2016-07-01,579.0,560.0,581.0,6.0,29.0,6453
2016-07-02,582.0,565.0,612.0,6.0,29.0,6453
2016-07-03,646.0,627.0,667.0,6.6,29.0,6453
2016-07-04,597.0,561.0,602.0,7.9,29.0,6453
2016-07-05,535.0,530.0,539.0,8.7,29.0,6453
2016-07-06,514.0,507.0,520.0,9.7,29.0,6453
2016-07-07,498.0,497.0,499.0,10.4,29.0,6453
2016-07-08,492.0,490.0,494.0,12.2,29.0,6453
2016-07-09,508.0,490.0,526.0,11.3,29.0,6453
2016-07-10,519.0,512.0,525.0,10.1,29.0,6453
2016-07-11,501.0,498.0,504.0,11.3,29.0,6453
2016-07-12,492.0,489.0,494.0,11.3,29.0,6453
2016-07-13,509.0,506.0,512.0,11.0,29.0,6453
2016-07-14,508.0,497.0,519.0,10.1,29.0,6453
2016-07-15,530.0,526.0,534.0,9.8,29.0,6453
2016-07-16,506.0,499.0,512.0,10.8,29.0,6453
2016-07-17,487.0,481.0,492.0,12.4,29.0,6453
2016-07-18,476.0,475.0,477.0,13.6,29.0,6453
2016-07-19,472.0,472.0,472.0,14.1,29.0,6453
2016-07-20,469.0,469.0,469.0,14.8,29.0,6453
2016-07-21,468.0,467.0,468.0,15.6,29.0,6453
2016-07-22,471.0,468.0,473.0,15.8,29.0,6453
2016-07-23,472.0,471.0,473.0,15.9,29.0,6453
2016-07-24,472.0,469.0,474.0,14.7,29.0,6453
2016-07-25,501.0,491.0,511.0,12.4,29.0,6453
2016-07-26,541.0,532.0,542.0,10.3,29.0,6453
2016-07-27,616.0,565.0,667.0,8.2,29.0,6453
2016-07-28,624.0,614.0,631.0,8.2,29.0,6453
2016-07-29,620.0,611.0,639.0,8.0,29.0,6453
2016-07-30,626.0,623.0,629.0,8.3,29.0,6453
2016-07-31,610.0,603.0,617.0,8.2,29.0,6453
2016-08-01,591.0,590.0,592.0,8.7,29.0,6453
2016-08-02,569.0,562.0,575.0,8.8,29.0,6453
2016-08-03,574.0,552.0,596.0,8.3,29.0,6453
2016-08-04,566.0,557.0,574.0,8.0,29.0,6453
2016-08-05,537.0,531.0,543.0,8.8,29.0,6453
2016-08-06,524.0,515.0,532.0,9.5,29.0,6453
2016-08-07,507.0,506.0,508.0,9.5,29.0,6453
2016-08-08,529.0,516.0,542.0,8.9,29.0,6453
2016-08-09,534.0,529.0,539.0,9.1,29.0,6453
2016-08-10,514.0,510.0,517.0,9.4,29.0,6453
2016-08-11,503.0,500.0,505.0,9.4,29.0,6453
2016-08-12,520.0,497.0,542.0,9.8,29.0,6453
2016-08-13,578.0,574.0,581.0,9.0,29.0,6453
2016-08-14,563.0,561.0,565.0,9.1,29.0,6453
2016-08-15,600.0,599.0,601.0,8.4,29.0,6453
2016-08-16,617.0,601.0,632.0,7.9,29.0,6453
2016-08-17,598.0,586.0,610.0,7.7,29.0,6453
2016-08-18,555.0,548.0,561.0,8.1,29.0,6453
2016-08-19,532.0,529.0,535.0,8.3,29.0,6453
2016-08-20,517.0,515.0,518.0,8.8,29.0,6453
2016-08-21,507.0,504.0,509.0,9.6,29.0,6453
2016-08-22,498.0,496.0,500.0,9.5,29.0,6453
2016-08-23,491.0,489.0,492.0,9.1,29.0,6453
2016-08-24,483.0,479.0,486.0,9.4,29.0,6453
2016-08-25,488.0,488.0,488.0,9.4,29.0,6453
2016-08-26,498.0,492.0,504.0,9.1,29.0,6453
2016-08-27,503.0,499.0,507.0,9.1,29.0,6453
2016-08-28,501.0,499.0,502.0,9.2,29.0,6453
2016-08-29,494.0,490.0,497.0,9.3,29.0,6453
2016-08-30,487.0,486.0,487.0,9.3,29.0,6453
2016-08-31,480.0,479.0,480.0,9.1,29.0,6453
2016-09-01,481.0,479.0,482.0,9.1,29.0,6453
2016-09-02,489.0,481.0,496.0,9.5,29.0,6453
2016-09-03,497.0,496.0,497.0,10.7,29.0,6453
2016-09-04,494.0,494.0,494.0,10.7,29.0,6453
2016-09-05,492.0,491.0,493.0,10.7,29.0,6453
2016-09-06,489.0,488.0,489.0,10.8,29.0,6453
2016-09-07,485.0,483.0,486.0,10.9,29.0,6453
2016-09-08,481.0,480.0,482.0,10.8,29.0,6453
2016-09-09,476.0,475.0,477.0,10.7,29.0,6453
2016-09-10,472.0,471.0,472.0,9.6,29.0,6453
2016-09-11,470.0,469.0,470.0,9.4,29.0,6453
2016-09-12,467.0,466.0,467.0,9.8,29.0,6453
2016-09-13,465.0,464.0,465.0,10.4,29.0,6453
2016-09-14,461.0,461.0,461.0,10.8,29.0,6453
2016-09-15,461.0,461.0,461.0,10.7,29.0,6453
2016-09-16,461.0,460.0,461.0,10.7,29.0,6453
2016-09-17,460.0,459.0,460.0,10.2,29.0,6453
2016-09-18,458.0,457.0,459.0,9.8,29.0,6453
2016-09-19,456.0,456.0,456.0,9.9,29.0,6453
2016-09-20,456.0,455.0,456.0,9.5,29.0,6453
2016-09-21,454.0,453.0,454.0,9.3,29.0,6453
2016-09-22,453.0,453.0,453.0,9.2,29.0,6453
2016-09-23,458.0,455.0,460.0,9.1,29.0,6453
2016-09-24,463.0,463.0,463.0,8.9,29.0,6453
2016-09-25,472.0,462.0,481.0,8.5,29.0,6453
2016-09-26,504.0,495.0,512.0,7.9,29.0,6453
2016-09-27,515.0,514.0,515.0,6.6,29.0,6453
2016-09-28,512.0,511.0,513.0,6.2,29.0,6453
2016-09-29,504.0,500.0,507.0,5.6,29.0,6453
2016-09-30,490.0,488.0,492.0,4.9,29.0,6453
2016-10-01,484.0,482.0,485.0,5.5,29.0,6453
2016-10-02,478.0,476.0,479.0,5.4,29.0,6453
2016-10-03,474.0,473.0,474.0,5.6,29.0,6453
2016-10-04,472.0,472.0,472.0,4.1,29.0,6453
2016-10-05,471.0,471.0,471.0,2.9,29.0,6453
2016-10-06,469.0,468.0,470.0,2.3,29.0,6453
2016-10-07,465.0,464.0,466.0,2.3,29.0,6453
2016-10-08,462.0,461.0,462.0,1.4,29.0,6453
2016-10-09,460.0,459.0,460.0,1.3,29.0,6453
2016-10-10,458.0,457.0,458.0,1.4,29.0,6453
2016-10-11,456.0,455.0,457.0,1.3,29.0,6453
2016-10-12,453.0,452.0,453.0,1.5,29.0,6453
2016-10-13,450.0,448.0,451.0,1.9,29.0,6453
2016-10-14,447.0,447.0,447.0,0.8,,6453
2016-10-15,446.0,446.0,446.0,1.5,29.0,6453
2016-10-16,445.0,444.0,445.0,1.0,29.0,6453
2016-10-17,444.0,444.0,444.0,1.3,29.0,6453
2016-10-18,447.0,447.0,447.0,0.9,29.0,6453
2016-10-19,444.0,442.0,445.0,0.0,,6453
2016-10-20,439.0,436.0,441.0,0.0,,6453
2016-10-21,435.0,433.0,436.0,0.0,,6453
2016-10-22,433.0,432.0,433.0,0.0,,6453
2016-10-23,432.0,432.0,432.0,0.0,,6453
2016-10-24,432.0,431.0,432.0,0.0,,6453
2016-10-25,429.0,427.0,431.0,0.0,,6453
2016-10-26,428.0,425.0,430.0,0.0,,6453
2016-10-27,428.0,427.0,429.0,0.0,,6453
2016-10-28,422.0,422.0,422.0,0.0,,6453
2016-10-29,422.0,421.0,422.0,0.0,,6453
2016-10-30,421.0,420.0,422.0,0.0,,6453
2016-10-31,488.0,462.0,513.0,0.0,14.15,6453
2016-11-01,549.0,543.0,554.0,,14.15,6453
2016-11-02,549.0,549.0,549.0,,14.15,6453
2016-11-03,545.0,541.0,548.0,,14.15,6453
2016-11-04,507.0,503.0,510.0,,14.15,6453
2016-11-05,491.0,488.0,494.0,,14.15,6453
2016-11-06,487.0,486.0,488.0,,14.46,6453
2016-11-07,487.0,486.0,487.0,,14.46,6453
2016-11-08,480.0,474.0,485.0,,14.46,6453
2016-11-09,468.0,464.0,471.0,,46.0,6453
2016-11-10,462.0,462.0,462.0,,46.0,6453
2016-11-11,465.0,462.0,468.0,,46.0,6453
2016-11-12,474.0,472.0,475.0,,46.0,6453
2016-11-13,475.0,473.0,477.0,,46.0,6453
2016-11-14,470.0,469.0,470.0,,46.0,6453
2016-11-15,469.0,467.0,470.0,,46.0,6453
2016-11-16,475.0,475.0,475.0,,46.0,6453
2016-11-17,473.0,473.0,473.0,,46.0,6453
2016-11-18,475.0,474.0,475.0,,46.0,6453
2016-11-19,471.0,471.0,471.0,,46.0,6453
2016-11-20,471.0,470.0,471.0,,46.0,6453
2016-11-21,472.0,470.0,473.0,,46.0,6453
2016-11-22,465.0,463.0,466.0,,46.0,6453
2016-11-23,460.0,460.0,460.0,,46.0,6453
2016-11-24,458.0,458.0,458.0,,46.0,6453
2016-11-25,456.0,454.0,457.0,,46.0,6453
2016-11-26,451.0,451.0,451.0,,46.0,6453
2016-11-27,450.0,450.0,450.0,,46.0,6453
2016-11-28,448.0,448.0,448.0,,46.0,6453
2016-11-29,447.0,447.0,447.0,,46.0,6453
2016-11-30,447.0,447.0,447.0,,46.0,6453
2016-12-01,445.0,445.0,445.0,,46.0,6453
2016-12-02,444.0,444.0,444.0,,46.0,6453
2016-12-03,447.0,447.0,447.0,,46.0,6453
2016-12-04,450.0,450.0,450.0,,46.0,6453
2016-12-05,451.0,451.0,451.0,,46.0,6453
2016-12-06,451.0,451.0,451.0,,46.0,6453
2016-12-07,450.0,450.0,450.0,,46.0,6453
2016-12-08,448.0,448.0,448.0,,46.0,6453
2016-12-09,447.0,447.0,447.0,,46.0,6453
2016-12-10,447.0,447.0,447.0,,46.0,6453
2016-12-11,446.0,446.0,446.0,,46.0,6453
2016-12-12,446.0,446.0,446.0,,46.0,6453
2016-12-13,446.0,446.0,446.0,,46.0,6453
2016-12-14,445.0,445.0,445.0,,46.0,6453
2016-12-15,444.0,444.0,444.0,,46.0,6453
2016-12-16,440.0,440.0,440.0,,46.0,6453
2016-12-17,438.0,438.0,438.0,,46.0,6453
2016-12-18,435.0,435.0,435.0,,46.0,6453
2016-12-19,433.0,433.0,433.0,,46.0,6453
2016-12-20,432.0,432.0,432.0,,46.0,6453
2016-12-21,432.0,432.0,432.0,,46.0,6453
2016-12-22,432.0,432.0,432.0,,46.0,6453
2016-12-23,432.0,432.0,432.0,,46.0,6453
2016-12-24,432.0,432.0,432.0,,46.0,6453
2016-12-25,432.0,432.0,432.0,,46.0,6453
2016-12-26,431.0,431.0,431.0,,46.0,6453
2016-12-27,431.0,431.0,431.0,,46.0,6453
2016-12-28,430.0,430.0,430.0,,46.0,6453
2016-12-29,430.0,430.0,430.0,,46.0,6453
2016-12-30,430.0,430.0,430.0,,46.0,6453
2016-12-31,429.0,429.0,429.0,,46.0,6453
2017-01-01,430.0,430.0,430.0,,46.0,6453
2017-01-02,430.0,430.0,430.0,,46.0,6453
2017-01-03,430.0,430.0,430.0,,46.0,6453
2017-01-04,430.0,430.0,430.0,,46.0,6453
2017-01-05,430.0,430.0,430.0,,46.0,6453
2017-01-06,430.0,430.0,430.0,,46.0,6453
2017-01-07,431.0,431.0,431.0,,46.0,6453
2017-01-08,431.0,431.0,431.0,,46.0,6453
2017-01-09,431.0,431.0,431.0,,46.0,6453
2017-01-10,431.0,431.0,431.0,,46.0,6453
2017-01-11,432.0,432.0,432.0,,46.0,6453
2017-01-12,434.0,434.0,434.0,,46.0,6453
2017-01-13,435.0,435.0,435.0,,46.0,6453
2017-01-14,436.0,436.0,436.0,,46.0,6453
2017-01-15,437.0,437.0,437.0,,46.0,6453
2017-01-16,438.0,438.0,438.0,,46.0,6453
2017-01-17,439.0,439.0,439.0,,46.0,6453
2017-01-18,439.0,439.0,439.0,,46.0,6453
2017-01-19,441.0,441.0,441.0,,46.0,6453
2017-01-20,442.0,442.0,442.0,,46.0,6453
2017-01-21,442.0,442.0,442.0,,46.0,6453
2017-01-22,440.0,440.0,440.0,,46.0,6453
2017-01-23,439.0,439.0,439.0,,46.0,6453
2017-01-24,438.0,438.0,438.0,,46.0,6453
2017-01-25,436.0,436.0,436.0,,46.0,6453
2017-01-26,436.0,436.0,436.0,,46.0,6453
2017-01-27,437.0,437.0,437.0,,46.0,6453
2017-01-28,438.0,438.0,438.0,,46.0,6453
2017-01-29,440.0,440.0,440.0,,46.0,6453
2017-01-30,441.0,441.0,441.0,,46.0,6453
2017-01-31,442.0,442.0,442.0,,46.0,6453
2017-02-01,442.0,442.0,442.0,,46.0,6453
2017-02-02,442.0,442.0,442.0,,46.0,6453
2017-02-03,443.0,443.0,443.0,,46.0,6453
2017-02-04,443.0,443.0,443.0,,46.0,6453
2017-02-05,444.0,444.0,444.0,,46.0,6453
2017-02-06,444.0,444.0,444.0,,46.0,6453
2017-02-07,443.0,443.0,443.0,,46.0,6453
2017-02-08,443.0,443.0,443.0,,46.0,6453
2017-02-09,442.0,442.0,442.0,,46.0,6453
2017-02-10,441.0,441.0,441.0,,46.0,6453
2017-02-11,439.0,439.0,439.0,,46.0,6453
2017-02-12,437.0,437.0,437.0,,46.0,6453
2017-02-13,435.0,435.0,435.0,,46.0,6453
2017-02-14,434.0,434.0,434.0,,46.0,6453
2017-02-15,433.0,433.0,433.0,,46.0,6453
2017-02-16,432.0,432.0,432.0,,46.0,6453
2017-02-17,430.0,430.0,430.0,,46.0,6453
2017-02-18,430.0,430.0,430.0,,46.0,6453
2017-02-19,431.0,431.0,431.0,,46.0,6453
2017-02-20,431.0,431.0,431.0,,46.0,6453
2017-02-21,429.0,429.0,429.0,,46.0,6453
2017-02-22,426.0,426.0,426.0,,46.0,6453
2017-02-23,424.0,424.0,424.0,,46.0,6453
2017-02-24,423.0,423.0,423.0,,46.0,6453
2017-02-25,422.0,422.0,422.0,,46.0,6453
2017-02-26,420.0,420.0,420.0,,46.0,6453
2017-02-27,418.0,418.0,418.0,,46.0,6453
2017-02-28,417.0,417.0,417.0,,46.0,6453
2017-03-01,416.0,416.0,416.0,,46.0,6453
2017-03-02,418.0,418.0,418.0,,46.0,6453
2017-03-03,420.0,420.0,420.0,,46.0,6453
2017-03-04,423.0,423.0,423.0,,46.0,6453
2017-03-05,424.0,424.0,424.0,,46.0,6453
2017-03-06,429.0,429.0,429.0,,46.0,6453
2017-03-07,434.0,434.0,434.0,,46.0,6453
2017-03-08,442.0,442.0,442.0,,46.0,6453
2017-03-09,444.0,444.0,444.0,,46.0,6453
2017-03-10,448.0,448.0,448.0,,46.0,6453
2017-03-11,449.0,449.0,449.0,,46.0,6453
2017-03-12,451.0,451.0,451.0,,46.0,6453
2017-03-13,452.0,452.0,452.0,,46.0,6453
2017-03-14,453.0,453.0,453.0,,46.0,6453
2017-03-15,453.0,453.0,453.0,,46.0,6453
2017-03-16,456.0,456.0,456.0,,46.0,6453
2017-03-17,453.0,453.0,453.0,,46.0,6453
2017-03-18,453.0,453.0,453.0,,46.0,6453
2017-03-19,452.0,452.0,452.0,,46.0,6453
2017-03-20,452.0,452.0,452.0,,46.0,6453
2017-03-21,454.0,454.0,454.0,,46.0,6453
2017-03-22,454.0,454.0,454.0,,46.0,6453
2017-03-23,453.0,453.0,453.0,,46.0,6453
2017-03-24,453.0,453.0,453.0,,46.0,6453
2017-03-25,457.0,457.0,457.0,,46.0,6453
2017-03-26,459.0,459.0,459.0,,46.0,6453
2017-03-27,460.0,460.0,460.0,,46.0,6453
2017-03-28,427.0,427.0,427.0,,46.0,6453
2017-03-29,424.0,424.0,424.0,,46.0,6453
2017-03-30,430.0,430.0,430.0,,46.0,6453
2017-03-31,428.0,428.0,428.0,,46.0,6453
2017-04-01,429.0,428.0,430.0,,46.0,6453
2017-04-02,429.0,427.0,430.0,,46.0,6453
2017-04-03,433.0,429.0,437.0,,46.0,6453
2017-04-04,446.0,440.0,451.0,,46.0,6453
2017-04-05,459.0,453.0,465.0,,46.0,6453
2017-04-06,453.0,442.0,463.0,,46.0,6453
2017-04-07,441.0,440.0,442.0,,46.0,6453
2017-04-08,442.0,442.0,442.0,,46.0,6453
2017-04-09,439.0,437.0,441.0,,46.0,6453
2017-04-10,434.0,434.0,434.0,,46.0,6453
2017-04-11,434.0,434.0,434.0,0.0,46.0,6453
2017-04-12,433.0,433.0,433.0,0.0,46.0,6453
2017-04-13,433.0,431.0,435.0,0.0,46.0,6453
2017-04-14,438.0,437.0,439.0,0.0,46.0,6453
2017-04-15,437.0,435.0,439.0,0.0,46.0,6453
2017-04-16,436.0,436.0,436.0,0.0,46.0,6453
2017-04-17,437.0,435.0,438.0,0.0,46.47,6453
2017-04-18,442.0,441.0,443.0,0.0,47.0,6453
2017-04-19,447.0,446.0,448.0,0.0,47.0,6453
2017-04-20,449.0,447.0,450.0,0.0,47.0,6453
2017-04-21,447.0,446.0,448.0,0.0,47.0,6453
2017-04-22,450.0,449.0,451.0,0.0,47.0,6453
2017-04-23,457.0,455.0,459.0,0.0,15.47,6453
2017-04-24,465.0,459.0,470.0,0.0,15.47,6453
2017-04-25,471.0,467.0,474.0,0.0,15.47,6453
2017-04-26,460.0,459.0,461.0,0.0,15.47,6453
2017-04-27,460.0,458.0,461.0,0.0,15.47,6453
2017-04-28,463.0,463.0,463.0,0.0,15.47,6453
2017-04-29,468.0,465.0,470.0,0.1,15.47,6453
2017-04-30,469.0,467.0,470.0,0.1,15.47,6453
2017-05-01,472.0,470.0,474.0,0.1,15.47,6453
2017-05-02,478.0,476.0,480.0,0.3,15.47,6453
2017-05-03,490.0,486.0,493.0,0.4,,6453
2017-05-04,493.0,492.0,493.0,0.4,23.0,6453
2017-05-05,524.0,492.0,555.0,0.3,,6453
2017-05-06,559.0,554.0,564.0,0.4,8.27,6453
2017-05-07,500.0,489.0,511.0,1.2,27.0,6453
2017-05-08,462.0,452.0,471.0,2.1,27.0,6453
2017-05-09,447.0,442.0,452.0,5.0,27.0,6453
2017-05-10,564.0,502.0,625.0,3.6,8.27,6453
2017-05-11,616.0,594.0,638.0,1.9,8.27,6453
2017-05-12,561.0,558.0,564.0,2.3,27.0,6453
2017-05-13,532.0,532.0,532.0,3.1,8.27,6453
2017-05-14,516.0,503.0,529.0,4.4,8.27,6453
2017-05-15,515.0,503.0,526.0,5.3,27.0,6453
2017-05-16,522.0,513.0,531.0,6.5,27.0,6453
2017-05-17,515.0,505.0,524.0,4.7,27.0,6453
2017-05-18,521.0,508.0,533.0,5.0,27.0,6453
2017-05-19,542.0,538.0,545.0,6.0,27.0,6453
2017-05-20,563.0,544.0,581.0,3.4,29.0,6453
2017-05-21,498.0,488.0,508.0,4.6,29.0,6453
2017-05-22,471.0,465.0,476.0,5.7,29.0,6453
2017-05-23,456.0,452.0,459.0,7.0,29.0,6453
2017-05-24,447.0,447.0,447.0,6.5,29.0,6453
2017-05-25,446.0,445.0,446.0,7.1,29.0,6453
2017-05-26,443.0,443.0,443.0,8.7,29.0,6453
2017-05-27,447.0,443.0,451.0,10.8,29.0,6453
2017-05-28,451.0,448.0,454.0,11.9,29.0,6453
2017-05-29,456.0,455.0,457.0,11.1,29.0,6453
2017-05-30,460.0,459.0,461.0,8.1,29.0,6453
2017-05-31,453.0,451.0,455.0,8.3,29.0,6453
2017-06-01,451.0,449.0,453.0,10.1,29.0,6453
2017-06-02,453.0,452.0,453.0,10.2,29.0,6453
2017-06-03,451.0,447.0,454.0,11.1,29.0,6453
2017-06-04,459.0,452.0,466.0,12.4,29.0,6453
2017-06-05,463.0,457.0,469.0,12.5,29.0,6453
2017-06-06,454.0,453.0,454.0,13.4,29.0,6453
2017-06-07,450.0,450.0,450.0,13.2,29.0,6453
2017-06-08,460.0,450.0,463.0,11.5,29.0,6453
2017-06-09,518.0,477.0,534.0,7.8,29.0,6453
2017-06-10,542.0,539.0,553.0,6.8,29.0,6453
2017-06-11,539.0,532.0,545.0,6.6,29.0,6453
2017-06-12,515.0,505.0,524.0,8.5,29.0,6453
2017-06-13,488.0,487.0,489.0,9.5,29.0,6453
2017-06-14,508.0,479.0,536.0,8.9,29.0,6453
2017-06-15,513.0,503.0,523.0,9.9,29.0,6453
2017-06-16,487.0,480.0,494.0,11.1,29.0,6453
2017-06-17,535.0,475.0,566.0,11.5,29.0,6453
2017-06-18,644.0,587.0,674.0,6.2,29.0,6453
2017-06-19,640.0,609.0,648.0,5.5,29.0,6453
2017-06-20,591.0,572.0,610.0,5.3,29.0,6453
2017-06-21,532.0,518.0,545.0,8.5,29.0,6453
2017-06-22,496.0,489.0,503.0,11.6,29.0,6453
2017-06-23,478.0,476.0,479.0,12.8,29.0,6453
2017-06-24,467.0,463.0,470.0,12.9,29.0,6453
2017-06-25,459.0,459.0,459.0,12.9,29.0,6453
2017-06-26,459.0,458.0,459.0,12.6,29.0,6453
2017-06-27,457.0,456.0,457.0,12.9,29.0,6453
2017-06-28,456.0,456.0,456.0,13.8,29.0,6453
2017-06-29,455.0,455.0,455.0,13.9,29.0,6453
2017-06-30,456.0,455.0,457.0,15.5,29.0,6453
2017-07-01,459.0,457.0,460.0,15.9,29.0,6453
2017-07-02,458.0,456.0,459.0,16.4,29.0,6453
2017-07-03,452.0,451.0,453.0,17.9,29.0,6453
2017-07-04,448.0,447.0,449.0,18.6,29.0,6453
2017-07-05,446.0,446.0,446.0,19.0,29.0,6453
2017-07-06,444.0,443.0,445.0,19.7,29.0,6453
2017-07-07,443.0,442.0,443.0,20.2,29.0,6453
2017-07-08,442.0,441.0,442.0,20.5,29.0,6453
2017-07-09,441.0,441.0,441.0,20.5,29.0,6453
2017-07-10,443.0,442.0,444.0,20.3,29.0,6453
2017-07-11,455.0,448.0,462.0,17.8,29.0,6453
2017-07-12,491.0,467.0,514.0,15.3,29.0,6453
2017-07-13,539.0,533.0,538.0,10.9,29.0,6453
2017-07-14,634.0,565.0,656.0,7.8,29.0,6453
2017-07-15,629.0,600.0,638.0,8.9,29.0,6453
2017-07-16,551.0,540.0,562.0,10.2,29.0,6453
2017-07-17,519.0,514.0,523.0,11.4,29.0,6453
2017-07-18,503.0,502.0,504.0,11.4,29.0,6453
2017-07-19,548.0,510.0,585.0,9.2,29.0,6453
2017-07-20,663.0,649.0,676.0,6.4,29.0,6453
2017-07-21,586.0,570.0,601.0,7.3,29.0,6453
2017-07-22,547.0,544.0,549.0,8.4,29.0,6453
2017-07-23,566.0,539.0,593.0,7.5,29.0,6453
2017-07-24,617.0,604.0,620.0,7.0,29.0,6453
2017-07-25,668.0,640.0,687.0,6.4,29.0,6453
2017-07-26,629.0,603.0,637.0,7.0,29.0,6453
2017-07-27,565.0,557.0,572.0,7.2,29.0,6453
2017-07-28,542.0,540.0,543.0,7.2,29.0,6453
2017-07-29,535.0,533.0,537.0,8.4,29.0,6453
2017-07-30,526.0,523.0,528.0,8.6,29.0,6453
2017-07-31,513.0,510.0,515.0,9.3,29.0,6453
2017-08-01,506.0,505.0,507.0,10.6,29.0,6453
2017-08-02,501.0,498.0,503.0,10.8,29.0,6453
2017-08-03,493.0,491.0,494.0,11.3,29.0,6453
2017-08-04,491.0,489.0,492.0,11.9,29.0,6453
2017-08-05,515.0,503.0,512.0,11.8,29.0,6453
2017-08-06,618.0,560.0,639.0,9.0,29.0,6453
2017-08-07,571.0,547.0,570.0,10.0,29.0,6453
2017-08-08,530.0,527.0,532.0,10.1,29.0,6453
2017-08-09,545.0,540.0,543.0,9.6,29.0,6453
2017-08-10,597.0,570.0,613.0,8.6,29.0,6453
2017-08-11,565.0,548.0,568.0,9.9,29.0,6453
2017-08-12,529.0,525.0,532.0,11.2,29.0,6453
2017-08-13,511.0,507.0,514.0,12.2,29.0,6453
2017-08-14,500.0,498.0,502.0,13.6,29.0,6453
2017-08-15,499.0,493.0,505.0,13.5,29.0,6453
2017-08-16,496.0,493.0,498.0,12.7,29.0,6453
2017-08-17,488.0,487.0,489.0,12.9,29.0,6453
2017-08-18,483.0,482.0,483.0,13.0,29.0,6453
2017-08-19,483.0,482.0,484.0,13.4,29.0,6453
2017-08-20,489.0,488.0,489.0,12.8,29.0,6453
2017-08-21,485.0,483.0,486.0,12.5,29.0,6453
2017-08-22,489.0,479.0,498.0,12.5,29.0,6453
2017-08-23,493.0,491.0,495.0,11.8,29.0,6453
2017-08-24,494.0,493.0,495.0,10.8,29.0,6453
2017-08-25,491.0,489.0,493.0,9.9,29.0,6453
2017-08-26,496.0,490.0,502.0,10.0,29.0,6453
2017-08-27,505.0,504.0,505.0,10.2,29.0,6453
2017-08-28,514.0,503.0,510.0,9.8,29.0,6453
2017-08-29,654.0,560.0,698.0,6.1,29.0,6453
2017-08-30,689.0,656.0,710.0,4.9,29.0,6453
2017-08-31,636.0,621.0,636.0,5.6,29.0,6453
2017-09-01,596.0,591.0,601.0,5.7,29.0,6453
2017-09-02,572.0,568.0,575.0,6.0,29.0,6453
2017-09-03,552.0,547.0,557.0,7.4,29.0,6453
2017-09-04,533.0,529.0,537.0,8.0,29.0,6453
2017-09-05,517.0,512.0,522.0,8.5,29.0,6453
2017-09-06,514.0,510.0,517.0,8.0,29.0,6453
2017-09-07,521.0,520.0,522.0,7.7,29.0,6453
2017-09-08,523.0,522.0,523.0,7.1,29.0,6453
2017-09-09,523.0,519.0,527.0,7.1,29.0,6453
2017-09-10,525.0,523.0,526.0,6.5,29.0,6453
2017-09-11,518.0,517.0,519.0,6.9,29.0,6453
2017-09-12,510.0,508.0,511.0,8.0,29.0,6453
2017-09-13,505.0,504.0,506.0,8.1,29.0,6453
2017-09-14,516.0,512.0,520.0,7.8,29.0,6453
2017-09-15,520.0,516.0,523.0,6.5,29.0,6453
2017-09-16,510.0,508.0,511.0,7.2,29.0,6453
2017-09-17,503.0,502.0,504.0,7.6,29.0,6453
2017-09-18,497.0,496.0,497.0,8.2,29.0,6453
2017-09-19,493.0,492.0,493.0,8.1,29.0,6453
2017-09-20,495.0,494.0,496.0,7.8,29.0,6453
2017-09-21,495.0,494.0,495.0,7.3,29.0,6453
2017-09-22,493.0,491.0,494.0,6.6,29.0,6453
2017-09-23,492.0,492.0,492.0,5.7,29.0,6453
2017-09-24,490.0,488.0,491.0,6.0,29.0,6453
2017-09-25,492.0,486.0,497.0,6.0,29.0,6453
2017-09-26,507.0,505.0,509.0,5.6,29.0,6453
2017-09-27,523.0,516.0,530.0,4.5,29.0,6453
2017-09-28,539.0,538.0,539.0,4.2,29.0,6453
2017-09-29,531.0,529.0,532.0,3.0,29.0,6453
2017-09-30,519.0,513.0,525.0,3.1,29.0,6453
2017-10-01,504.0,502.0,506.0,3.1,29.0,6453
2017-10-02,499.0,499.0,499.0,3.1,29.0,6453
2017-10-03,497.0,496.0,497.0,3.0,29.0,6453
2017-10-04,489.0,487.0,490.0,2.5,29.0,6453
2017-10-05,484.0,482.0,485.0,2.5,29.0,6453
2017-10-06,479.0,478.0,479.0,1.9,29.0,6453
2017-10-07,482.0,475.0,488.0,2.1,29.0,6453
2017-10-08,491.0,490.0,491.0,1.8,29.0,6453
2017-10-09,487.0,485.0,488.0,1.9,29.0,6453
2017-10-10,482.0,481.0,483.0,2.2,29.0,6453
2017-10-11,477.0,475.0,478.0,1.9,29.0,6453
2017-10-12,472.0,471.0,472.0,1.9,29.0,6453
2017-10-13,470.0,470.0,470.0,1.5,29.0,6453
2017-10-14,467.0,465.0,469.0,1.3,29.0,6453
2017-10-15,463.0,463.0,463.0,0.5,29.0,6453
2017-10-16,462.0,461.0,463.0,0.8,29.0,6453
2017-10-17,457.0,455.0,459.0,0.1,,6453
2017-10-18,452.0,451.0,453.0,0.1,,6453
2017-10-19,448.0,448.0,448.0,0.1,,6453
2017-10-20,448.0,448.0,448.0,0.0,,6453
2017-10-21,448.0,447.0,448.0,0.0,,6453
2017-10-22,447.0,447.0,447.0,0.0,,6453
2017-10-23,447.0,447.0,447.0,0.0,,6453
2017-10-24,446.0,444.0,447.0,0.0,,6453
2017-10-25,442.0,439.0,444.0,0.0,,6453
2017-10-26,445.0,443.0,447.0,0.0,,6453
2017-10-27,438.0,435.0,440.0,0.0,,6453
2017-10-28,434.0,433.0,434.0,0.0,,6453
2017-10-29,437.0,431.0,442.0,0.0,,6453
2017-10-30,441.0,440.0,441.0,0.0,,6453
2017-10-31,435.0,432.0,438.0,0.0,,6453
2017-11-01,425.0,421.0,428.0,,,6453
2017-11-02,426.0,423.0,428.0,,,6453
2017-11-03,428.0,426.0,430.0,,,6453
2017-11-04,424.0,423.0,424.0,,,6453
2017-11-05,423.0,422.0,424.0,,,6453
2017-11-06,427.0,426.0,427.0,,,6453
2017-11-07,426.0,424.0,427.0,,,6453
2017-11-08,427.0,427.0,427.0,,,6453
2017-11-09,445.0,427.0,463.0,,,6453
2017-11-10,466.0,463.0,469.0,,14.15,6453
2017-11-11,453.0,452.0,453.0,,14.15,6453
2017-11-12,457.0,455.0,459.0,,14.15,6453
2017-11-13,462.0,461.0,463.0,,14.15,6453
2017-11-14,472.0,463.0,481.0,,14.15,6453
2017-11-15,483.0,479.0,486.0,,14.15,6453
2017-11-16,492.0,485.0,498.0,,14.15,6453
2017-11-17,498.0,496.0,500.0,,14.0,6453
2017-11-18,499.0,498.0,500.0,,14.0,6453
2017-11-19,494.0,491.0,497.0,,14.0,6453
2017-11-20,484.0,482.0,486.0,,16.0,6453
2017-11-21,480.0,480.0,480.0,,16.0,6453
2017-11-22,479.0,478.0,479.0,,16.0,6453
2017-11-23,478.0,478.0,478.0,,16.0,6453
2017-11-24,478.0,478.0,478.0,,16.0,6453
2017-11-25,479.0,478.0,479.0,,16.0,6453
2017-11-26,480.0,479.0,480.0,,16.0,6453
2017-11-27,480.0,480.0,480.0,,16.0,6453
2017-11-28,479.0,478.0,479.0,,16.0,6453
2017-11-29,477.0,476.0,477.0,,16.0,6453
2017-11-30,476.0,476.0,476.0,,16.0,6453
2017-12-01,476.0,476.0,476.0,,16.0,6453
2017-12-02,478.0,478.0,478.0,,16.0,6453
2017-12-03,479.0,479.0,479.0,,16.0,6453
2017-12-04,479.0,479.0,479.0,,16.0,6453
2017-12-05,479.0,479.0,479.0,,16.0,6453
2017-12-06,477.0,477.0,477.0,,16.0,6453
2017-12-07,474.0,474.0,474.0,,16.0,6453
2017-12-08,472.0,472.0,472.0,,16.0,6453
2017-12-09,471.0,471.0,471.0,,16.0,6453
2017-12-10,470.0,470.0,470.0,,16.0,6453
2017-12-11,468.0,468.0,468.0,,16.0,6453
2017-12-12,466.0,466.0,466.0,,16.0,6453
2017-12-13,464.0,464.0,464.0,,16.0,6453
2017-12-14,463.0,463.0,463.0,,16.0,6453
2017-12-15,463.0,463.0,463.0,,16.0,6453
2017-12-16,462.0,462.0,462.0,,16.0,6453
2017-12-17,462.0,462.0,462.0,,16.0,6453
2017-12-18,461.0,461.0,461.0,,16.0,6453
2017-12-19,459.0,459.0,459.0,,16.0,6453
2017-12-20,458.0,458.0,458.0,,16.0,6453
2017-12-21,459.0,459.0,459.0,,16.0,6453
2017-12-22,460.0,460.0,460.0,,16.0,6453
2017-12-23,461.0,461.0,461.0,,16.0,6453
2017-12-24,464.0,464.0,464.0,,16.0,6453
2017-12-25,465.0,465.0,465.0,,16.0,6453
2017-12-26,465.0,465.0,465.0,,16.0,6453
2017-12-27,464.0,464.0,464.0,,16.0,6453
2017-12-28,464.0,464.0,464.0,,16.0,6453
2017-12-29,463.0,463.0,463.0,,16.0,6453
2017-12-30,462.0,462.0,462.0,,16.0,6453
2017-12-31,462.0,462.0,462.0,,16.0,6453
